"","gameid","LeagueIdx","HKselCount"
"1",1,5,335
"2",2,6,324
"3",5,4,315
"4",7,4,160
"5",8,5,134
"6",9,6,626
"7",10,1,456
"8",11,1,21
"9",14,5,103
"10",15,5,445
"11",16,4,125
"12",17,3,88
"13",20,2,269
"14",21,2,281
"15",22,2,73
"16",23,4,19
"17",24,2,36
"18",25,5,836
"19",28,3,22
"20",30,4,190
"21",32,4,36
"22",33,3,256
"23",34,4,332
"24",38,5,471
"25",39,4,226
"26",40,4,59
"27",41,4,201
"28",42,5,398
"29",44,5,71
"30",45,2,112
"31",47,5,298
"32",48,5,249
"33",49,2,117
"34",52,3,74
"35",53,2,40
"36",54,3,75
"37",57,6,173
"38",58,5,370
"39",59,4,295
"40",60,4,99
"41",62,4,24
"42",63,4,346
"43",65,4,80
"44",66,4,34
"45",67,6,151
"46",68,2,18
"47",69,1,130
"48",71,3,90
"49",72,5,63
"50",74,4,111
"51",76,1,272
"52",77,4,202
"53",79,3,6
"54",81,3,8
"55",83,2,10
"56",85,2,26
"57",86,6,236
"58",87,4,203
"59",88,6,338
"60",89,4,173
"61",91,1,18
"62",92,5,41
"63",93,4,79
"64",94,2,81
"65",95,6,982
"66",96,5,503
"67",97,4,250
"68",100,3,251
"69",101,5,5
"70",106,4,160
"71",107,4,191
"72",109,4,146
"73",110,6,952
"74",111,2,75
"75",114,6,179
"76",116,1,66
"77",117,2,9
"78",118,3,61
"79",119,2,49
"80",121,3,68
"81",122,3,181
"82",123,3,17
"83",125,3,282
"84",126,6,216
"85",127,1,81
"86",128,4,66
"87",129,6,265
"88",130,3,192
"89",132,3,98
"90",133,5,523
"91",135,6,348
"92",136,6,1641
"93",137,4,250
"94",138,3,139
"95",140,4,183
"96",141,5,197
"97",142,5,763
"98",143,2,226
"99",144,6,919
"100",145,3,42
"101",147,5,324
"102",150,6,1460
"103",151,6,729
"104",152,4,227
"105",153,4,181
"106",154,3,245
"107",155,6,229
"108",156,1,10
"109",157,4,248
"110",158,2,189
"111",159,4,79
"112",161,6,485
"113",162,4,288
"114",163,2,4
"115",164,2,100
"116",165,4,122
"117",166,4,132
"118",167,5,241
"119",169,4,202
"120",171,6,588
"121",172,2,93
"122",173,5,533
"123",174,4,254
"124",175,1,42
"125",176,3,67
"126",177,4,356
"127",178,5,311
"128",179,5,129
"129",180,5,295
"130",181,1,11
"131",182,6,216
"132",184,4,415
"133",185,6,1993
"134",187,5,177
"135",189,6,403
"136",190,5,871
"137",191,4,74
"138",192,2,75
"139",193,1,148
"140",194,2,7
"141",196,3,788
"142",197,5,152
"143",198,6,482
"144",199,2,2
"145",200,3,102
"146",201,6,239
"147",202,2,10
"148",203,5,61
"149",204,5,294
"150",205,2,21
"151",208,3,257
"152",209,5,409
"153",210,5,301
"154",211,5,203
"155",212,5,194
"156",213,3,1023
"157",214,4,467
"158",216,6,1780
"159",217,3,22
"160",218,5,482
"161",220,4,278
"162",221,4,391
"163",222,4,326
"164",223,5,269
"165",224,5,255
"166",225,4,141
"167",226,4,860
"168",227,2,114
"169",229,5,167
"170",231,6,116
"171",232,6,2828
"172",233,1,8
"173",236,4,1559
"174",237,5,289
"175",241,7,1314
"176",242,6,324
"177",244,5,928
"178",245,1,69
"179",248,6,124
"180",249,3,1
"181",250,2,66
"182",251,4,959
"183",252,4,537
"184",253,5,184
"185",254,4,154
"186",256,3,41
"187",257,5,98
"188",258,3,83
"189",259,6,1059
"190",260,2,51
"191",261,5,178
"192",262,4,134
"193",263,4,171
"194",264,5,672
"195",266,6,291
"196",267,5,142
"197",268,5,181
"198",269,3,216
"199",270,6,357
"200",271,5,184
"201",273,4,240
"202",274,4,176
"203",275,4,444
"204",276,6,352
"205",277,5,79
"206",279,6,219
"207",280,4,216
"208",281,4,201
"209",282,6,156
"210",284,5,433
"211",285,4,256
"212",286,5,79
"213",287,6,565
"214",288,6,1635
"215",290,6,281
"216",291,5,657
"217",292,4,741
"218",293,5,85
"219",294,4,148
"220",295,5,255
"221",297,3,153
"222",298,5,642
"223",299,4,1760
"224",300,6,332
"225",301,1,103
"226",302,2,388
"227",303,5,280
"228",304,3,101
"229",305,4,133
"230",306,6,142
"231",308,3,244
"232",310,4,81
"233",311,3,96
"234",312,1,71
"235",313,1,14
"236",314,5,368
"237",315,5,249
"238",316,3,385
"239",317,4,192
"240",318,3,26
"241",319,2,306
"242",321,4,92
"243",322,6,397
"244",324,5,435
"245",325,3,24
"246",326,4,159
"247",327,5,536
"248",328,3,63
"249",329,3,113
"250",330,5,198
"251",331,6,857
"252",333,1,50
"253",335,4,218
"254",336,5,563
"255",341,1,38
"256",342,6,65
"257",343,5,256
"258",344,6,221
"259",347,4,172
"260",348,6,401
"261",349,5,298
"262",350,6,335
"263",351,4,169
"264",354,4,141
"265",355,3,172
"266",356,1,104
"267",357,4,123
"268",358,6,580
"269",360,5,217
"270",361,3,958
"271",362,6,505
"272",363,3,256
"273",364,6,91
"274",365,4,55
"275",367,5,43
"276",368,5,1021
"277",369,4,146
"278",370,1,6
"279",371,5,158
"280",372,2,109
"281",373,2,34
"282",374,1,8
"283",377,4,109
"284",378,5,388
"285",379,4,270
"286",383,5,159
"287",385,4,216
"288",386,4,297
"289",387,3,134
"290",388,4,164
"291",389,5,581
"292",390,3,156
"293",391,4,100
"294",392,4,365
"295",393,6,439
"296",394,4,318
"297",395,6,553
"298",396,4,307
"299",399,3,198
"300",400,6,362
"301",401,5,511
"302",403,3,1
"303",404,5,356
"304",405,2,208
"305",406,5,253
"306",409,5,589
"307",410,5,313
"308",411,6,97
"309",412,5,224
"310",413,4,107
"311",415,6,93
"312",416,4,338
"313",417,3,55
"314",418,5,123
"315",419,4,114
"316",423,4,15
"317",425,2,92
"318",426,2,49
"319",427,3,249
"320",428,4,146
"321",429,2,172
"322",431,3,171
"323",432,5,77
"324",433,5,359
"325",434,2,100
"326",435,3,146
"327",436,6,623
"328",437,1,40
"329",441,1,57
"330",446,3,174
"331",447,4,81
"332",450,3,288
"333",451,5,162
"334",453,1,54
"335",454,4,279
"336",455,6,364
"337",457,4,274
"338",458,6,199
"339",459,2,50
"340",460,5,467
"341",461,6,465
"342",462,5,104
"343",463,5,60
"344",464,2,78
"345",466,5,222
"346",467,2,44
"347",470,4,402
"348",471,3,77
"349",472,2,83
"350",475,5,92
"351",476,1,35
"352",477,3,143
"353",478,2,127
"354",479,4,293
"355",480,5,634
"356",481,6,407
"357",482,5,369
"358",483,3,205
"359",485,5,196
"360",486,4,125
"361",487,3,360
"362",488,5,680
"363",489,4,756
"364",490,3,82
"365",493,5,326
"366",494,5,256
"367",495,6,58
"368",497,4,3
"369",498,6,323
"370",499,6,195
"371",502,3,126
"372",505,3,187
"373",506,5,142
"374",510,2,56
"375",511,3,95
"376",512,4,671
"377",513,4,197
"378",515,6,666
"379",516,2,62
"380",517,4,113
"381",519,7,443
"382",521,5,793
"383",522,5,180
"384",523,6,2166
"385",524,5,739
"386",528,3,53
"387",531,2,68
"388",532,1,105
"389",533,5,111
"390",536,5,89
"391",538,5,533
"392",539,4,89
"393",542,7,870
"394",543,6,272
"395",546,6,81
"396",548,4,258
"397",549,3,82
"398",550,5,274
"399",551,5,250
"400",552,4,119
"401",553,4,219
"402",554,4,714
"403",555,5,387
"404",556,1,95
"405",558,5,333
"406",560,5,586
"407",563,2,1
"408",564,6,247
"409",565,4,83
"410",566,7,661
"411",567,3,25
"412",568,4,1261
"413",569,4,104
"414",570,5,400
"415",571,3,132
"416",572,4,225
"417",573,4,32
"418",574,6,67
"419",576,1,19
"420",578,3,197
"421",580,4,529
"422",581,3,124
"423",582,5,462
"424",583,5,190
"425",587,5,318
"426",589,3,215
"427",590,3,86
"428",592,5,1016
"429",593,3,315
"430",594,4,28
"431",595,6,247
"432",599,2,59
"433",601,4,257
"434",602,6,2472
"435",604,3,154
"436",605,5,258
"437",607,2,355
"438",608,2,40
"439",610,3,76
"440",611,6,2568
"441",612,4,272
"442",613,4,132
"443",615,4,1408
"444",617,5,518
"445",618,5,68
"446",619,1,10
"447",622,5,222
"448",624,5,272
"449",625,4,116
"450",626,7,1002
"451",628,6,239
"452",629,2,166
"453",630,5,127
"454",632,6,456
"455",633,5,103
"456",634,2,61
"457",637,4,162
"458",639,6,379
"459",640,2,108
"460",641,6,680
"461",643,3,64
"462",644,2,76
"463",645,5,241
"464",646,4,458
"465",647,2,229
"466",648,2,12
"467",649,6,494
"468",650,1,59
"469",651,4,70
"470",652,3,209
"471",653,2,87
"472",654,4,66
"473",656,5,1274
"474",657,5,462
"475",658,3,386
"476",659,4,174
"477",660,6,268
"478",662,2,649
"479",664,5,252
"480",666,4,234
"481",667,5,68
"482",669,4,353
"483",670,6,485
"484",672,3,62
"485",674,4,100
"486",675,6,1023
"487",676,5,458
"488",677,4,214
"489",678,5,170
"490",679,2,57
"491",680,5,401
"492",681,5,663
"493",684,5,199
"494",685,5,134
"495",686,3,36
"496",687,5,54
"497",688,5,546
"498",689,6,784
"499",690,5,63
"500",691,5,74
"501",692,5,279
"502",694,2,78
"503",696,4,142
"504",697,5,242
"505",700,4,138
"506",702,3,132
"507",704,3,124
"508",705,3,161
"509",706,4,224
"510",707,5,271
"511",709,4,251
"512",710,2,266
"513",711,4,292
"514",712,3,287
"515",714,4,152
"516",715,6,1010
"517",717,5,269
"518",718,6,667
"519",719,3,257
"520",720,5,192
"521",721,6,98
"522",723,4,286
"523",725,5,45
"524",727,3,18
"525",728,4,149
"526",729,3,124
"527",730,5,238
"528",732,6,381
"529",735,4,179
"530",736,5,339
"531",737,6,1054
"532",738,5,57
"533",739,3,108
"534",740,4,96
"535",741,4,734
"536",742,4,61
"537",743,6,185
"538",744,6,156
"539",745,3,8
"540",746,5,103
"541",747,5,541
"542",748,5,168
"543",749,5,95
"544",751,5,435
"545",753,4,20
"546",754,1,2
"547",755,5,785
"548",759,6,758
"549",761,4,166
"550",763,6,744
"551",764,5,463
"552",765,6,189
"553",766,2,125
"554",767,4,194
"555",768,4,72
"556",769,2,12
"557",771,5,637
"558",772,5,583
"559",774,5,86
"560",775,6,1317
"561",776,5,321
"562",777,4,81
"563",779,5,867
"564",780,3,216
"565",781,2,32
"566",782,4,652
"567",783,6,434
"568",784,5,239
"569",785,3,125
"570",786,3,20
"571",787,6,318
"572",789,4,848
"573",790,3,241
"574",793,5,209
"575",796,6,473
"576",797,6,202
"577",799,4,280
"578",803,5,289
"579",804,3,65
"580",805,6,310
"581",806,5,234
"582",807,6,287
"583",808,6,255
"584",810,6,822
"585",811,5,36
"586",812,1,22
"587",814,5,34
"588",815,5,158
"589",817,5,131
"590",818,6,480
"591",819,3,222
"592",820,5,286
"593",822,6,744
"594",823,6,383
"595",824,4,17
"596",826,2,166
"597",827,6,714
"598",828,3,34
"599",829,5,662
"600",831,3,172
"601",832,5,218
"602",834,5,202
"603",835,2,23
"604",836,4,54
"605",837,3,44
"606",839,4,94
"607",841,3,24
"608",842,6,2833
"609",843,5,1433
"610",844,3,27
"611",845,5,147
"612",846,6,2465
"613",848,4,190
"614",849,5,1944
"615",850,5,233
"616",851,4,454
"617",853,2,32
"618",854,5,223
"619",855,5,135
"620",856,2,91
"621",857,3,39
"622",858,2,157
"623",860,4,300
"624",861,4,127
"625",862,2,29
"626",863,6,1196
"627",864,6,154
"628",865,5,26
"629",866,3,1094
"630",867,4,396
"631",868,5,77
"632",870,4,85
"633",871,4,169
"634",872,5,363
"635",873,2,34
"636",874,5,804
"637",875,4,117
"638",876,5,257
"639",877,2,92
"640",878,2,430
"641",879,6,322
"642",880,5,216
"643",881,6,479
"644",882,5,220
"645",883,1,3
"646",884,5,763
"647",885,4,166
"648",887,6,1231
"649",888,4,298
"650",891,6,205
"651",892,6,289
"652",893,5,132
"653",894,6,1429
"654",895,5,170
"655",896,5,618
"656",900,5,269
"657",901,3,45
"658",902,3,38
"659",904,3,158
"660",905,5,296
"661",906,4,180
"662",907,3,123
"663",908,2,39
"664",909,4,484
"665",910,4,15
"666",911,2,59
"667",913,2,104
"668",914,6,404
"669",915,4,132
"670",917,2,17
"671",918,6,956
"672",920,3,344
"673",921,5,313
"674",924,3,136
"675",925,3,15
"676",926,6,536
"677",927,3,199
"678",929,5,204
"679",931,6,423
"680",932,4,35
"681",933,4,111
"682",934,6,2355
"683",935,6,177
"684",936,6,128
"685",937,2,157
"686",938,4,94
"687",939,5,1441
"688",940,5,771
"689",941,4,123
"690",946,5,313
"691",947,3,42
"692",948,5,69
"693",949,5,323
"694",950,3,94
"695",951,6,901
"696",952,6,645
"697",953,4,51
"698",954,5,319
"699",955,3,85
"700",957,6,962
"701",958,4,343
"702",959,6,1028
"703",960,5,202
"704",961,4,349
"705",963,6,454
"706",964,4,157
"707",966,3,80
"708",969,5,77
"709",970,6,263
"710",972,2,132
"711",973,5,236
"712",974,5,360
"713",977,4,252
"714",979,2,133
"715",981,3,59
"716",982,3,24
"717",983,6,723
"718",984,5,289
"719",985,4,569
"720",988,3,270
"721",989,5,89
"722",990,3,508
"723",991,6,1066
"724",992,3,138
"725",993,5,100
"726",994,6,170
"727",996,4,84
"728",997,3,85
"729",998,7,710
"730",999,4,159
"731",1000,6,545
"732",1001,5,252
"733",1002,5,304
"734",1003,6,792
"735",1004,6,274
"736",1005,4,164
"737",1007,6,414
"738",1008,6,391
"739",1009,5,403
"740",1010,5,471
"741",1011,4,283
"742",1012,6,216
"743",1013,4,509
"744",1014,5,203
"745",1015,4,51
"746",1016,4,10
"747",1017,5,223
"748",1019,5,116
"749",1020,3,107
"750",1021,4,206
"751",1022,3,223
"752",1023,3,69
"753",1024,5,968
"754",1025,5,332
"755",1026,5,186
"756",1027,5,471
"757",1028,2,33
"758",1029,4,408
"759",1030,2,213
"760",1031,4,78
"761",1032,2,27
"762",1033,5,354
"763",1034,2,351
"764",1035,6,12
"765",1036,1,28
"766",1037,2,121
"767",1038,5,211
"768",1039,2,93
"769",1041,1,133
"770",1043,4,204
"771",1045,5,252
"772",1046,2,139
"773",1047,5,187
"774",1048,5,182
"775",1051,5,1115
"776",1052,6,176
"777",1054,4,224
"778",1055,4,263
"779",1056,3,57
"780",1057,2,115
"781",1059,1,31
"782",1061,3,81
"783",1062,2,46
"784",1064,1,136
"785",1065,5,184
"786",1066,3,46
"787",1067,6,286
"788",1068,5,329
"789",1069,6,2557
"790",1070,4,129
"791",1071,6,252
"792",1072,4,19
"793",1073,3,115
"794",1075,1,132
"795",1076,3,175
"796",1077,5,415
"797",1079,4,92
"798",1080,4,59
"799",1081,6,753
"800",1082,3,168
"801",1083,5,2455
"802",1084,3,21
"803",1086,3,432
"804",1087,7,2480
"805",1088,2,163
"806",1089,4,230
"807",1090,4,107
"808",1091,3,85
"809",1093,6,404
"810",1094,6,276
"811",1095,1,51
"812",1096,3,208
"813",1098,4,101
"814",1101,2,45
"815",1102,5,361
"816",1103,4,254
"817",1104,4,101
"818",1106,5,328
"819",1107,4,227
"820",1108,3,59
"821",1109,4,113
"822",1110,7,637
"823",1111,3,401
"824",1112,4,156
"825",1113,5,58
"826",1114,1,68
"827",1115,5,1744
"828",1116,2,24
"829",1117,6,725
"830",1118,3,36
"831",1119,5,714
"832",1120,1,88
"833",1121,2,105
"834",1125,5,105
"835",1126,1,203
"836",1127,6,846
"837",1128,4,381
"838",1129,3,417
"839",1131,5,505
"840",1133,4,135
"841",1134,5,78
"842",1135,5,25
"843",1137,6,391
"844",1139,2,54
"845",1142,5,625
"846",1143,5,6227
"847",1144,2,242
"848",1145,3,473
"849",1146,5,247
"850",1147,6,186
"851",1148,4,88
"852",1151,4,94
"853",1152,4,242
"854",1153,5,932
"855",1157,3,176
"856",1158,1,852
"857",1161,5,437
"858",1162,5,255
"859",1163,2,46
"860",1164,4,163
"861",1167,4,171
"862",1168,6,584
"863",1169,4,145
"864",1170,4,581
"865",1171,4,385
"866",1172,1,244
"867",1173,2,102
"868",1174,5,376
"869",1176,2,306
"870",1177,6,493
"871",1178,5,331
"872",1179,4,53
"873",1180,3,128
"874",1182,5,191
"875",1183,4,139
"876",1184,1,90
"877",1186,2,108
"878",1187,4,247
"879",1188,4,155
"880",1189,5,116
"881",1190,5,232
"882",1192,4,183
"883",1193,2,230
"884",1195,4,21
"885",1196,1,103
"886",1198,4,185
"887",1199,6,416
"888",1202,4,69
"889",1203,4,207
"890",1204,1,53
"891",1205,4,253
"892",1206,5,628
"893",1207,5,180
"894",1208,4,645
"895",1209,3,121
"896",1210,3,104
"897",1211,6,275
"898",1212,6,450
"899",1213,3,66
"900",1214,4,73
"901",1215,6,345
"902",1216,2,62
"903",1217,4,486
"904",1218,5,175
"905",1220,1,10
"906",1221,2,1
"907",1223,1,71
"908",1224,3,64
"909",1225,4,189
"910",1226,4,212
"911",1227,2,242
"912",1228,3,247
"913",1229,3,278
"914",1230,4,171
"915",1231,2,197
"916",1232,4,235
"917",1233,5,169
"918",1234,6,364
"919",1235,6,565
"920",1236,3,130
"921",1238,5,503
"922",1241,4,73
"923",1242,3,155
"924",1243,4,75
"925",1245,1,49
"926",1246,6,352
"927",1247,4,35
"928",1248,3,136
"929",1249,4,83
"930",1251,6,335
"931",1252,5,61
"932",1253,2,72
"933",1255,5,637
"934",1256,4,76
"935",1257,3,9
"936",1258,1,42
"937",1259,1,2
"938",1261,1,51
"939",1263,4,282
"940",1264,5,635
"941",1265,2,252
"942",1266,5,115
"943",1268,3,90
"944",1269,1,19
"945",1270,2,24
"946",1272,4,386
"947",1274,4,203
"948",1275,4,89
"949",1277,5,273
"950",1278,5,116
"951",1279,4,448
"952",1280,6,622
"953",1282,4,704
"954",1284,5,613
"955",1285,4,92
"956",1287,1,17
"957",1289,3,165
"958",1290,5,259
"959",1291,4,174
"960",1292,4,64
"961",1296,6,281
"962",1298,6,1352
"963",1299,6,459
"964",1301,4,217
"965",1302,4,7
"966",1304,2,6
"967",1306,5,229
"968",1307,5,473
"969",1309,6,276
"970",1310,1,121
"971",1311,4,855
"972",1313,3,230
"973",1315,4,2
"974",1318,3,51
"975",1319,6,161
"976",1323,3,60
"977",1325,7,1444
"978",1326,2,7
"979",1330,5,289
"980",1331,1,17
"981",1333,6,288
"982",1334,1,6
"983",1336,3,18
"984",1337,4,184
"985",1338,6,432
"986",1339,4,624
"987",1340,3,401
"988",1341,6,199
"989",1343,6,294
"990",1344,3,108
"991",1346,2,1
"992",1347,4,157
"993",1350,4,145
"994",1351,1,31
"995",1354,4,127
"996",1355,1,29
"997",1356,4,349
"998",1357,3,1
"999",1358,3,43
"1000",1359,4,47
"1001",1361,6,1283
"1002",1362,4,265
"1003",1364,6,27
"1004",1366,2,90
"1005",1368,3,132
"1006",1369,5,97
"1007",1370,4,122
"1008",1372,6,784
"1009",1373,3,257
"1010",1375,2,164
"1011",1376,3,145
"1012",1377,6,305
"1013",1378,2,79
"1014",1379,3,87
"1015",1380,4,58
"1016",1383,5,132
"1017",1386,4,266
"1018",1389,5,34
"1019",1391,6,844
"1020",1392,1,26
"1021",1394,2,8
"1022",1397,2,48
"1023",1398,5,893
"1024",1399,2,142
"1025",1401,3,190
"1026",1402,3,35
"1027",1403,4,175
"1028",1404,6,593
"1029",1405,1,14
"1030",1406,5,20
"1031",1407,2,30
"1032",1409,2,43
"1033",1410,5,390
"1034",1411,4,191
"1035",1414,3,191
"1036",1415,5,629
"1037",1416,6,882
"1038",1417,3,115
"1039",1418,1,28
"1040",1420,5,273
"1041",1421,6,330
"1042",1423,2,93
"1043",1425,4,84
"1044",1426,3,91
"1045",1427,1,128
"1046",1428,4,190
"1047",1429,5,118
"1048",1430,4,204
"1049",1431,6,455
"1050",1432,1,26
"1051",1434,5,649
"1052",1435,3,425
"1053",1436,1,1
"1054",1437,3,114
"1055",1438,1,127
"1056",1439,3,101
"1057",1440,3,231
"1058",1441,5,506
"1059",1443,5,218
"1060",1445,1,21
"1061",1446,6,1074
"1062",1447,4,406
"1063",1449,5,411
"1064",1450,6,439
"1065",1451,3,184
"1066",1452,4,4
"1067",1453,6,561
"1068",1454,4,341
"1069",1455,4,234
"1070",1460,5,542
"1071",1461,3,45
"1072",1462,4,41
"1073",1463,2,71
"1074",1465,6,1086
"1075",1466,4,6
"1076",1468,3,156
"1077",1469,4,259
"1078",1470,3,181
"1079",1471,3,498
"1080",1473,3,238
"1081",1474,2,71
"1082",1475,4,159
"1083",1476,6,465
"1084",1478,5,498
"1085",1479,4,46
"1086",1481,4,115
"1087",1482,4,151
"1088",1483,4,162
"1089",1484,1,5
"1090",1485,5,518
"1091",1486,5,1043
"1092",1487,3,75
"1093",1488,6,543
"1094",1489,5,607
"1095",1491,4,77
"1096",1492,4,387
"1097",1493,3,935
"1098",1494,4,244
"1099",1495,4,228
"1100",1496,3,138
"1101",1499,6,354
"1102",1500,1,43
"1103",1502,4,42
"1104",1503,6,554
"1105",1504,3,50
"1106",1505,4,116
"1107",1506,6,291
"1108",1508,6,558
"1109",1510,4,246
"1110",1511,2,51
"1111",1512,1,5
"1112",1513,5,337
"1113",1514,3,125
"1114",1515,5,219
"1115",1516,6,574
"1116",1517,6,610
"1117",1519,5,795
"1118",1521,3,79
"1119",1522,4,1302
"1120",1523,5,114
"1121",1524,5,1666
"1122",1526,1,84
"1123",1528,6,263
"1124",1531,4,90
"1125",1532,3,163
"1126",1533,3,71
"1127",1534,5,163
"1128",1535,4,187
"1129",1537,5,121
"1130",1541,3,264
"1131",1543,3,130
"1132",1544,5,27
"1133",1545,6,809
"1134",1546,4,3
"1135",1548,5,121
"1136",1551,7,1269
"1137",1552,2,79
"1138",1553,6,811
"1139",1554,6,843
"1140",1556,2,97
"1141",1557,5,61
"1142",1558,4,115
"1143",1559,6,296
"1144",1561,3,280
"1145",1562,3,9
"1146",1563,5,200
"1147",1564,3,105
"1148",1565,2,205
"1149",1567,5,322
"1150",1568,5,219
"1151",1570,4,159
"1152",1571,6,875
"1153",1572,2,2
"1154",1573,5,1368
"1155",1574,5,472
"1156",1577,4,45
"1157",1581,5,161
"1158",1583,5,767
"1159",1584,5,280
"1160",1588,5,53
"1161",1589,2,246
"1162",1590,6,153
"1163",1592,5,477
"1164",1593,3,62
"1165",1594,3,151
"1166",1595,6,53
"1167",1596,4,11
"1168",1598,4,248
"1169",1600,5,254
"1170",1601,2,13
"1171",1602,3,437
"1172",1605,3,63
"1173",1606,6,948
"1174",1607,4,118
"1175",1608,4,42
"1176",1609,2,65
"1177",1610,6,168
"1178",1611,6,606
"1179",1612,3,52
"1180",1613,6,127
"1181",1614,2,23
"1182",1615,5,1361
"1183",1617,5,94
"1184",1618,6,137
"1185",1619,2,126
"1186",1620,2,135
"1187",1621,6,79
"1188",1622,6,1065
"1189",1624,2,30
"1190",1625,3,102
"1191",1626,3,203
"1192",1627,2,274
"1193",1628,3,378
"1194",1629,6,484
"1195",1630,3,85
"1196",1631,3,28
"1197",1632,5,99
"1198",1633,5,909
"1199",1635,2,233
"1200",1636,2,104
"1201",1637,5,313
"1202",1638,1,20
"1203",1639,5,165
"1204",1640,3,81
"1205",1641,3,85
"1206",1642,3,98
"1207",1643,5,114
"1208",1644,3,5
"1209",1645,2,70
"1210",1646,5,374
"1211",1647,6,517
"1212",1648,3,58
"1213",1649,1,13
"1214",1650,6,972
"1215",1651,4,61
"1216",1652,5,283
"1217",1653,2,149
"1218",1654,4,124
"1219",1655,6,948
"1220",1656,4,101
"1221",1658,4,207
"1222",1659,1,39
"1223",1661,4,272
"1224",1664,2,50
"1225",1666,4,53
"1226",1668,3,1
"1227",1672,5,252
"1228",1674,2,89
"1229",1675,3,115
"1230",1676,2,357
"1231",1677,3,39
"1232",1678,4,68
"1233",1679,3,126
"1234",1681,5,328
"1235",1682,6,184
"1236",1683,4,72
"1237",1684,4,409
"1238",1687,6,435
"1239",1690,3,459
"1240",1691,6,202
"1241",1693,2,112
"1242",1694,2,95
"1243",1695,3,69
"1244",1696,4,173
"1245",1697,2,79
"1246",1698,1,33
"1247",1700,3,41
"1248",1701,1,95
"1249",1702,3,99
"1250",1703,2,7
"1251",1704,5,124
"1252",1705,1,137
"1253",1706,6,441
"1254",1707,4,225
"1255",1709,1,64
"1256",1710,4,464
"1257",1712,6,176
"1258",1713,2,368
"1259",1714,3,109
"1260",1717,2,18
"1261",1719,4,283
"1262",1720,6,194
"1263",1724,3,201
"1264",1725,3,82
"1265",1726,6,334
"1266",1727,2,70
"1267",1728,5,151
"1268",1729,6,261
"1269",1730,3,34
"1270",1731,4,78
"1271",1733,4,200
"1272",1734,4,72
"1273",1735,6,386
"1274",1736,5,361
"1275",1737,5,631
"1276",1738,4,49
"1277",1739,4,46
"1278",1740,6,552
"1279",1742,4,115
"1280",1743,5,186
"1281",1744,4,175
"1282",1745,6,91
"1283",1746,3,122
"1284",1747,6,1146
"1285",1748,3,2
"1286",1750,6,269
"1287",1752,2,814
"1288",1753,6,487
"1289",1754,3,54
"1290",1756,4,164
"1291",1758,5,381
"1292",1759,5,60
"1293",1760,3,252
"1294",1761,2,72
"1295",1763,3,161
"1296",1764,2,35
"1297",1767,2,127
"1298",1768,4,50
"1299",1770,3,144
"1300",1772,3,80
"1301",1773,4,383
"1302",1775,4,259
"1303",1776,4,126
"1304",1777,4,350
"1305",1778,4,127
"1306",1780,2,272
"1307",1781,4,86
"1308",1782,5,852
"1309",1784,5,345
"1310",1785,3,22
"1311",1786,2,25
"1312",1788,3,301
"1313",1791,2,113
"1314",1792,3,76
"1315",1793,4,59
"1316",1795,6,846
"1317",1796,6,597
"1318",1797,4,350
"1319",1798,4,210
"1320",1800,2,65
"1321",1804,4,127
"1322",1805,4,584
"1323",1806,3,28
"1324",1808,4,252
"1325",1810,2,167
"1326",1811,4,82
"1327",1814,3,402
"1328",1816,6,546
"1329",1817,1,113
"1330",1818,2,17
"1331",1819,4,79
"1332",1820,4,316
"1333",1821,5,440
"1334",1822,1,119
"1335",1824,3,234
"1336",1825,5,565
"1337",1827,5,667
"1338",1828,6,88
"1339",1829,4,283
"1340",1831,6,1012
"1341",1832,4,523
"1342",1833,6,882
"1343",1834,2,219
"1344",1836,6,973
"1345",1837,3,65
"1346",1838,4,22
"1347",1840,7,970
"1348",1845,1,92
"1349",1847,3,63
"1350",1848,5,1022
"1351",1849,2,126
"1352",1850,2,87
"1353",1853,5,622
"1354",1854,4,766
"1355",1855,4,175
"1356",1856,4,804
"1357",1857,6,391
"1358",1859,5,127
"1359",1860,2,78
"1360",1862,4,688
"1361",1863,6,719
"1362",1864,4,95
"1363",1865,4,665
"1364",1866,4,38
"1365",1867,4,79
"1366",1868,5,365
"1367",1869,3,274
"1368",1871,5,297
"1369",1873,3,28
"1370",1875,5,585
"1371",1876,7,410
"1372",1877,6,853
"1373",1878,3,238
"1374",1880,6,265
"1375",1881,6,588
"1376",1882,5,1756
"1377",1884,6,314
"1378",1886,3,185
"1379",1890,6,284
"1380",1891,6,786
"1381",1893,6,88
"1382",1894,4,67
"1383",1896,6,983
"1384",1897,4,138
"1385",1898,4,58
"1386",1900,5,5
"1387",1901,5,146
"1388",1902,4,140
"1389",1904,6,4896
"1390",1905,4,688
"1391",1908,3,158
"1392",1909,2,38
"1393",1910,6,2275
"1394",1911,4,1155
"1395",1912,4,109
"1396",1913,4,35
"1397",1914,5,85
"1398",1915,1,31
"1399",1916,4,250
"1400",1917,3,213
"1401",1919,4,12
"1402",1920,6,131
"1403",1921,7,810
"1404",1922,4,534
"1405",1923,2,89
"1406",1924,4,154
"1407",1926,5,246
"1408",1928,4,164
"1409",1929,4,591
"1410",1930,5,181
"1411",1931,5,299
"1412",1932,5,303
"1413",1933,6,255
"1414",1934,6,427
"1415",1935,2,108
"1416",1936,4,108
"1417",1937,3,159
"1418",1939,6,286
"1419",1940,5,395
"1420",1941,6,436
"1421",1943,3,45
"1422",1944,4,494
"1423",1945,5,276
"1424",1946,3,125
"1425",1947,4,152
"1426",1948,5,267
"1427",1949,4,127
"1428",1950,4,164
"1429",1953,4,77
"1430",1954,4,248
"1431",1956,7,1497
"1432",1957,5,292
"1433",1958,6,691
"1434",1960,3,173
"1435",1961,4,21
"1436",1962,6,170
"1437",1963,6,189
"1438",1964,4,26
"1439",1965,6,146
"1440",1966,4,128
"1441",1968,5,163
"1442",1969,1,28
"1443",1970,3,147
"1444",1973,6,491
"1445",1974,2,227
"1446",1975,3,79
"1447",1976,2,28
"1448",1977,6,866
"1449",1978,5,111
"1450",1979,6,402
"1451",1980,5,184
"1452",1982,3,4
"1453",1983,6,195
"1454",1984,3,389
"1455",1985,6,721
"1456",1986,5,369
"1457",1987,2,1197
"1458",1988,4,178
"1459",1990,5,729
"1460",1991,5,540
"1461",1994,5,23
"1462",1995,5,464
"1463",1996,6,1284
"1464",1997,5,390
"1465",1998,3,110
"1466",1999,4,35
"1467",2001,4,55
"1468",2004,3,169
"1469",2005,6,221
"1470",2006,6,187
"1471",2007,4,119
"1472",2008,2,17
"1473",2009,4,505
"1474",2010,4,733
"1475",2011,4,216
"1476",2012,3,31
"1477",2013,1,203
"1478",2015,3,184
"1479",2016,3,129
"1480",2017,4,25
"1481",2018,3,344
"1482",2019,2,6
"1483",2022,5,470
"1484",2023,3,252
"1485",2024,2,155
"1486",2025,4,47
"1487",2027,6,330
"1488",2028,5,144
"1489",2029,4,9
"1490",2030,5,79
"1491",2032,6,211
"1492",2033,6,261
"1493",2034,4,406
"1494",2036,1,101
"1495",2037,4,170
"1496",2038,2,59
"1497",2039,5,252
"1498",2041,4,125
"1499",2042,3,93
"1500",2044,6,310
"1501",2045,2,26
"1502",2048,1,17
"1503",2049,5,406
"1504",2051,6,9
"1505",2053,3,74
"1506",2054,6,206
"1507",2055,3,110
"1508",2056,4,10
"1509",2057,4,364
"1510",2058,5,177
"1511",2059,4,208
"1512",2060,2,141
"1513",2061,2,196
"1514",2063,6,222
"1515",2064,4,199
"1516",2065,6,307
"1517",2066,2,124
"1518",2067,3,106
"1519",2068,1,45
"1520",2069,4,572
"1521",2070,4,408
"1522",2071,4,84
"1523",2073,4,391
"1524",2076,3,23
"1525",2077,5,438
"1526",2078,5,115
"1527",2079,5,271
"1528",2080,5,320
"1529",2082,1,62
"1530",2083,4,276
"1531",2084,2,101
"1532",2085,5,189
"1533",2086,1,355
"1534",2087,5,168
"1535",2088,5,64
"1536",2089,2,35
"1537",2090,5,174
"1538",2091,5,165
"1539",2092,4,412
"1540",2093,5,729
"1541",2094,6,176
"1542",2096,2,66
"1543",2097,6,294
"1544",2098,3,222
"1545",2099,6,206
"1546",2100,1,132
"1547",2101,5,34
"1548",2103,2,490
"1549",2104,3,41
"1550",2105,4,152
"1551",2106,4,147
"1552",2107,3,179
"1553",2108,1,24
"1554",2109,4,201
"1555",2110,4,157
"1556",2112,5,66
"1557",2113,4,198
"1558",2114,4,114
"1559",2115,4,64
"1560",2116,4,85
"1561",2117,6,408
"1562",2118,4,142
"1563",2119,4,221
"1564",2120,4,59
"1565",2123,6,99
"1566",2124,6,858
"1567",2125,3,57
"1568",2127,5,360
"1569",2128,4,162
"1570",2129,5,738
"1571",2131,7,2930
"1572",2132,6,523
"1573",2133,5,31
"1574",2135,5,45
"1575",2136,4,23
"1576",2137,5,413
"1577",2138,6,1848
"1578",2139,4,143
"1579",2140,5,1729
"1580",2141,6,735
"1581",2143,5,410
"1582",2144,4,340
"1583",2145,6,675
"1584",2146,5,902
"1585",2147,2,515
"1586",2148,4,205
"1587",2149,6,422
"1588",2150,5,168
"1589",2151,5,575
"1590",2153,6,326
"1591",2154,6,238
"1592",2155,3,347
"1593",2156,3,56
"1594",2157,6,292
"1595",2158,5,334
"1596",2159,4,309
"1597",2160,6,2842
"1598",2161,4,44
"1599",2162,4,331
"1600",2163,3,49
"1601",2165,3,246
"1602",2169,2,107
"1603",2170,3,9
"1604",2171,4,206
"1605",2172,5,1680
"1606",2173,6,728
"1607",2175,5,556
"1608",2176,3,85
"1609",2177,5,448
"1610",2178,3,163
"1611",2180,4,64
"1612",2181,4,190
"1613",2182,4,920
"1614",2183,5,1047
"1615",2186,4,167
"1616",2187,4,103
"1617",2189,5,51
"1618",2191,5,775
"1619",2192,6,302
"1620",2193,4,142
"1621",2194,6,269
"1622",2195,5,239
"1623",2196,4,289
"1624",2197,5,542
"1625",2202,4,168
"1626",2203,4,117
"1627",2204,3,18
"1628",2205,3,41
"1629",2206,6,299
"1630",2208,5,619
"1631",2209,5,470
"1632",2210,4,203
"1633",2211,4,221
"1634",2213,5,348
"1635",2214,5,1171
"1636",2215,5,1213
"1637",2217,6,769
"1638",2218,3,1045
"1639",2220,5,159
"1640",2221,5,532
"1641",2222,5,15
"1642",2227,3,315
"1643",2228,3,41
"1644",2229,5,491
"1645",2233,7,1046
"1646",2234,4,46
"1647",2236,6,61
"1648",2237,3,73
"1649",2238,5,241
"1650",2239,3,327
"1651",2240,6,865
"1652",2241,1,140
"1653",2243,4,331
"1654",2244,6,248
"1655",2245,2,202
"1656",2247,6,341
"1657",2248,1,34
"1658",2249,1,56
"1659",2250,5,168
"1660",2251,1,77
"1661",2254,5,223
"1662",2256,6,838
"1663",2257,3,154
"1664",2258,4,95
"1665",2260,4,113
"1666",2262,5,1891
"1667",2263,4,131
"1668",2264,6,1319
"1669",2267,4,110
"1670",2268,5,350
"1671",2270,3,251
"1672",2271,5,259
"1673",2272,5,790
"1674",2273,5,62
"1675",2274,5,1075
"1676",2276,6,634
"1677",2277,3,84
"1678",2278,6,71
"1679",2280,4,642
"1680",2281,4,55
"1681",2284,5,319
"1682",2287,5,570
"1683",2288,6,229
"1684",2289,4,24
"1685",2291,3,95
"1686",2292,4,119
"1687",2293,6,545
"1688",2294,4,167
"1689",2296,6,269
"1690",2297,5,777
"1691",2298,6,792
"1692",2299,6,295
"1693",2300,5,1332
"1694",2301,6,232
"1695",2302,6,422
"1696",2305,3,81
"1697",2306,4,227
"1698",2308,4,394
"1699",2309,5,82
"1700",2310,4,54
"1701",2311,2,272
"1702",2314,4,404
"1703",2316,3,43
"1704",2317,2,93
"1705",2318,2,26
"1706",2319,5,227
"1707",2320,5,2250
"1708",2321,2,55
"1709",2323,6,419
"1710",2324,5,220
"1711",2325,3,364
"1712",2327,6,598
"1713",2328,6,416
"1714",2329,4,315
"1715",2330,4,38
"1716",2331,3,292
"1717",2332,5,81
"1718",2333,4,810
"1719",2335,5,726
"1720",2336,3,2
"1721",2337,6,290
"1722",2338,4,476
"1723",2339,6,586
"1724",2340,6,136
"1725",2343,1,288
"1726",2344,6,351
"1727",2345,5,163
"1728",2346,6,361
"1729",2347,1,38
"1730",2348,5,311
"1731",2350,3,77
"1732",2351,6,570
"1733",2352,5,213
"1734",2353,6,608
"1735",2354,5,191
"1736",2355,4,203
"1737",2356,5,45
"1738",2357,3,143
"1739",2358,5,265
"1740",2360,6,528
"1741",2361,5,393
"1742",2362,6,800
"1743",2363,6,889
"1744",2364,4,121
"1745",2365,5,161
"1746",2366,4,216
"1747",2367,2,112
"1748",2368,6,724
"1749",2369,4,53
"1750",2370,3,202
"1751",2371,4,178
"1752",2372,5,334
"1753",2373,3,137
"1754",2374,6,303
"1755",2376,4,742
"1756",2377,5,467
"1757",2378,4,587
"1758",2379,5,225
"1759",2381,4,95
"1760",2382,1,39
"1761",2383,6,317
"1762",2384,6,161
"1763",2385,4,400
"1764",2386,4,632
"1765",2387,4,107
"1766",2388,6,227
"1767",2389,4,371
"1768",2390,4,200
"1769",2391,5,334
"1770",2392,3,150
"1771",2393,4,61
"1772",2394,6,246
"1773",2396,5,351
"1774",2399,4,268
"1775",2403,3,161
"1776",2404,3,94
"1777",2405,5,43
"1778",2406,4,105
"1779",2407,5,95
"1780",2408,5,31
"1781",2409,7,714
"1782",2410,6,923
"1783",2412,4,758
"1784",2414,3,140
"1785",2415,2,312
"1786",2416,4,184
"1787",2417,6,251
"1788",2418,3,369
"1789",2419,5,73
"1790",2421,2,37
"1791",2422,4,372
"1792",2423,2,282
"1793",2424,4,26
"1794",2425,5,10
"1795",2426,5,298
"1796",2429,3,802
"1797",2431,7,409
"1798",2433,4,286
"1799",2434,6,527
"1800",2435,5,163
"1801",2437,6,700
"1802",2438,2,136
"1803",2439,3,76
"1804",2440,4,85
"1805",2441,6,480
"1806",2443,1,57
"1807",2444,3,63
"1808",2445,2,8
"1809",2446,3,70
"1810",2448,4,53
"1811",2449,4,395
"1812",2450,4,1115
"1813",2451,2,591
"1814",2452,5,255
"1815",2454,5,75
"1816",2455,5,548
"1817",2456,5,522
"1818",2457,5,810
"1819",2458,4,169
"1820",2459,3,80
"1821",2460,3,74
"1822",2461,1,119
"1823",2462,6,397
"1824",2463,2,14
"1825",2464,5,326
"1826",2465,4,223
"1827",2466,3,97
"1828",2467,4,266
"1829",2469,5,877
"1830",2470,5,362
"1831",2472,2,113
"1832",2473,5,566
"1833",2475,2,36
"1834",2476,4,929
"1835",2478,5,993
"1836",2480,4,103
"1837",2481,3,152
"1838",2482,5,120
"1839",2483,4,129
"1840",2487,5,289
"1841",2488,5,423
"1842",2490,5,747
"1843",2491,3,267
"1844",2492,1,25
"1845",2494,2,32
"1846",2495,5,139
"1847",2497,4,940
"1848",2498,4,333
"1849",2500,6,679
"1850",2502,5,93
"1851",2504,5,215
"1852",2505,5,94
"1853",2506,6,1900
"1854",2508,5,283
"1855",2509,2,99
"1856",2510,4,153
"1857",2511,6,1886
"1858",2512,3,185
"1859",2513,5,492
"1860",2514,1,93
"1861",2516,5,190
"1862",2518,3,90
"1863",2519,1,234
"1864",2520,4,337
"1865",2523,6,105
"1866",2524,5,66
"1867",2525,6,1710
"1868",2526,3,59
"1869",2527,5,757
"1870",2529,5,64
"1871",2530,3,112
"1872",2531,5,1328
"1873",2532,1,412
"1874",2533,5,254
"1875",2534,5,788
"1876",2535,6,401
"1877",2536,2,60
"1878",2538,5,1830
"1879",2539,5,138
"1880",2541,4,125
"1881",2542,6,548
"1882",2543,5,117
"1883",2544,6,1380
"1884",2545,5,792
"1885",2546,6,877
"1886",2547,3,242
"1887",2549,3,477
"1888",2551,1,95
"1889",2553,6,215
"1890",2554,3,131
"1891",2556,2,74
"1892",2557,4,169
"1893",2558,5,179
"1894",2559,5,160
"1895",2560,5,565
"1896",2561,5,321
"1897",2562,6,719
"1898",2563,6,114
"1899",2564,6,108
"1900",2565,4,167
"1901",2567,5,73
"1902",2569,3,225
"1903",2570,5,448
"1904",2571,1,83
"1905",2572,5,206
"1906",2573,4,278
"1907",2574,4,248
"1908",2576,6,28
"1909",2577,1,114
"1910",2578,5,22
"1911",2580,5,382
"1912",2581,1,81
"1913",2582,5,694
"1914",2583,3,264
"1915",2584,5,248
"1916",2585,4,180
"1917",2586,4,307
"1918",2587,4,78
"1919",2588,4,221
"1920",2589,6,556
"1921",2590,4,1230
"1922",2592,5,108
"1923",2593,4,14
"1924",2594,3,57
"1925",2595,5,638
"1926",2598,4,106
"1927",2600,1,10
"1928",2601,6,958
"1929",2602,5,460
"1930",2603,6,249
"1931",2604,5,530
"1932",2606,2,148
"1933",2607,4,216
"1934",2608,5,131
"1935",2609,6,781
"1936",2611,6,213
"1937",2612,2,123
"1938",2613,6,638
"1939",2615,4,118
"1940",2616,5,64
"1941",2618,6,285
"1942",2621,5,558
"1943",2622,2,12
"1944",2624,1,99
"1945",2625,6,290
"1946",2627,6,1391
"1947",2628,4,200
"1948",2631,5,130
"1949",2632,6,565
"1950",2633,5,70
"1951",2634,2,92
"1952",2635,1,51
"1953",2636,6,1214
"1954",2638,3,326
"1955",2639,5,420
"1956",2640,3,115
"1957",2641,4,77
"1958",2642,4,106
"1959",2645,4,1185
"1960",2646,5,298
"1961",2647,4,241
"1962",2648,6,353
"1963",2651,6,458
"1964",2652,3,71
"1965",2654,4,101
"1966",2655,6,1031
"1967",2656,5,358
"1968",2657,4,233
"1969",2658,5,96
"1970",2660,6,1420
"1971",2661,4,229
"1972",2662,4,17
"1973",2664,5,266
"1974",2665,2,155
"1975",2666,6,526
"1976",2667,4,76
"1977",2668,3,332
"1978",2669,5,733
"1979",2670,6,275
"1980",2671,3,253
"1981",2672,6,583
"1982",2673,6,186
"1983",2674,3,357
"1984",2675,5,432
"1985",2676,3,84
"1986",2677,6,316
"1987",2678,6,323
"1988",2679,4,159
"1989",2680,4,77
"1990",2681,4,273
"1991",2682,1,73
"1992",2683,4,384
"1993",2684,4,159
"1994",2686,6,973
"1995",2687,5,195
"1996",2688,6,201
"1997",2689,6,348
"1998",2690,4,640
"1999",2691,3,152
"2000",2692,2,16
"2001",2693,5,86
"2002",2695,5,466
"2003",2696,4,128
"2004",2698,4,538
"2005",2699,6,1420
"2006",2702,3,121
"2007",2703,3,27
"2008",2704,5,144
"2009",2705,6,292
"2010",2706,5,438
"2011",2708,2,176
"2012",2709,5,298
"2013",2712,4,143
"2014",2713,6,21
"2015",2714,5,224
"2016",2715,5,283
"2017",2716,5,162
"2018",2717,3,459
"2019",2719,6,10
"2020",2720,6,670
"2021",2722,6,80
"2022",2723,1,149
"2023",2725,7,231
"2024",2729,3,448
"2025",2730,6,915
"2026",2731,2,21
"2027",2732,6,280
"2028",2733,3,177
"2029",2734,6,1417
"2030",2735,6,395
"2031",2737,6,506
"2032",2738,3,224
"2033",2739,5,149
"2034",2740,3,181
"2035",2741,1,16
"2036",2742,6,618
"2037",2743,2,114
"2038",2744,3,172
"2039",2745,5,308
"2040",2748,5,874
"2041",2750,2,210
"2042",2751,1,1007
"2043",2754,4,1012
"2044",2755,3,111
"2045",2757,5,234
"2046",2758,5,629
"2047",2759,3,431
"2048",2760,5,608
"2049",2761,6,484
"2050",2763,5,556
"2051",2765,2,108
"2052",2766,4,616
"2053",2767,4,196
"2054",2768,2,145
"2055",2769,6,449
"2056",2771,5,788
"2057",2772,5,52
"2058",2774,2,134
"2059",2775,5,119
"2060",2776,6,509
"2061",2777,1,48
"2062",2779,6,887
"2063",2780,2,133
"2064",2781,6,155
"2065",2782,5,892
"2066",2783,3,79
"2067",2785,3,156
"2068",2788,5,343
"2069",2789,4,126
"2070",2791,5,744
"2071",2792,6,422
"2072",2793,6,949
"2073",2794,3,142
"2074",2795,1,68
"2075",2796,5,347
"2076",2797,5,308
"2077",2798,2,141
"2078",2799,4,78
"2079",2800,1,144
"2080",2801,4,19
"2081",2802,6,1698
"2082",2803,4,240
"2083",2804,3,9
"2084",2806,4,112
"2085",2807,6,233
"2086",2808,3,204
"2087",2809,5,946
"2088",2810,2,22
"2089",2811,5,548
"2090",2812,4,337
"2091",2813,3,224
"2092",2814,3,111
"2093",2815,5,742
"2094",2816,2,110
"2095",2817,5,299
"2096",2820,4,89
"2097",2822,2,61
"2098",2823,3,206
"2099",2824,6,823
"2100",2825,3,33
"2101",2826,4,442
"2102",2828,6,497
"2103",2829,4,117
"2104",2830,5,250
"2105",2831,2,76
"2106",2832,4,350
"2107",2833,4,189
"2108",2835,7,501
"2109",2836,2,88
"2110",2837,5,483
"2111",2841,5,142
"2112",2842,3,70
"2113",2845,6,234
"2114",2846,3,146
"2115",2847,6,596
"2116",2848,5,172
"2117",2849,5,28
"2118",2850,4,49
"2119",2851,4,402
"2120",2852,6,902
"2121",2853,6,125
"2122",2854,4,117
"2123",2855,3,672
"2124",2856,2,17
"2125",2857,3,10
"2126",2859,3,83
"2127",2860,3,386
"2128",2861,5,403
"2129",2862,5,101
"2130",2863,6,593
"2131",2865,3,409
"2132",2866,2,225
"2133",2867,3,161
"2134",2868,4,23
"2135",2869,2,822
"2136",2870,4,45
"2137",2871,4,181
"2138",2872,2,62
"2139",2874,4,596
"2140",2875,6,189
"2141",2876,7,1011
"2142",2878,3,54
"2143",2879,6,630
"2144",2880,5,2008
"2145",2881,3,58
"2146",2882,2,11
"2147",2883,3,194
"2148",2884,2,2
"2149",2885,5,136
"2150",2888,4,156
"2151",2889,6,499
"2152",2890,5,255
"2153",2892,4,71
"2154",2893,3,53
"2155",2895,3,127
"2156",2896,2,87
"2157",2898,4,768
"2158",2899,3,97
"2159",2900,5,1896
"2160",2901,2,40
"2161",2902,4,245
"2162",2903,3,262
"2163",2904,3,26
"2164",2905,4,155
"2165",2906,6,245
"2166",2907,6,1333
"2167",2908,3,21
"2168",2909,5,409
"2169",2910,3,379
"2170",2911,4,61
"2171",2912,5,113
"2172",2913,3,233
"2173",2914,6,901
"2174",2915,4,143
"2175",2916,2,218
"2176",2919,3,29
"2177",2922,5,513
"2178",2924,5,57
"2179",2925,4,387
"2180",2926,4,414
"2181",2927,5,200
"2182",2928,5,491
"2183",2929,6,1657
"2184",2931,4,527
"2185",2934,4,198
"2186",2935,5,420
"2187",2936,5,425
"2188",2937,2,248
"2189",2938,4,26
"2190",2940,6,277
"2191",2941,5,381
"2192",2943,3,112
"2193",2945,2,144
"2194",2947,3,194
"2195",2948,4,85
"2196",2949,4,333
"2197",2950,4,813
"2198",2951,3,161
"2199",2953,6,647
"2200",2956,2,152
"2201",2958,5,274
"2202",2960,2,16
"2203",2961,5,310
"2204",2962,4,60
"2205",2963,3,144
"2206",2964,6,831
"2207",2965,5,542
"2208",2966,5,178
"2209",2967,1,45
"2210",2968,5,124
"2211",2969,4,582
"2212",2970,6,248
"2213",2971,6,554
"2214",2972,5,162
"2215",2973,3,34
"2216",2975,5,66
"2217",2976,4,309
"2218",2977,5,16
"2219",2978,6,171
"2220",2979,3,14
"2221",2980,5,1208
"2222",2982,6,245
"2223",2984,4,112
"2224",2986,5,94
"2225",2988,6,1859
"2226",2989,5,149
"2227",2990,6,698
"2228",2991,5,46
"2229",2992,6,1207
"2230",2993,6,278
"2231",2994,5,373
"2232",2995,6,1164
"2233",2996,4,80
"2234",2998,5,542
"2235",2999,2,77
"2236",3001,3,51
"2237",3002,4,615
"2238",3003,1,2
"2239",3005,5,244
"2240",3007,2,61
"2241",3008,1,73
"2242",3009,6,188
"2243",3010,6,1131
"2244",3013,3,242
"2245",3014,4,131
"2246",3015,4,524
"2247",3016,3,101
"2248",3017,5,451
"2249",3018,6,348
"2250",3019,3,80
"2251",3021,2,137
"2252",3022,5,357
"2253",3023,4,529
"2254",3025,2,41
"2255",3027,3,105
"2256",3028,2,7
"2257",3030,4,287
"2258",3031,4,188
"2259",3032,6,807
"2260",3033,6,116
"2261",3035,1,60
"2262",3036,3,165
"2263",3037,3,376
"2264",3041,5,1451
"2265",3042,6,1843
"2266",3044,6,550
"2267",3045,5,392
"2268",3046,4,327
"2269",3047,1,2
"2270",3049,3,271
"2271",3050,5,456
"2272",3052,2,54
"2273",3054,5,761
"2274",3055,6,1184
"2275",3056,5,187
"2276",3058,6,284
"2277",3059,4,232
"2278",3060,6,489
"2279",3061,2,94
"2280",3062,6,173
"2281",3063,6,309
"2282",3064,5,337
"2283",3066,3,37
"2284",3067,5,301
"2285",3068,2,103
"2286",3072,3,2
"2287",3073,5,227
"2288",3074,2,195
"2289",3075,5,283
"2290",3076,4,388
"2291",3077,5,273
"2292",3078,5,1107
"2293",3079,5,378
"2294",3080,3,301
"2295",3081,1,79
"2296",3082,1,114
"2297",3084,4,207
"2298",3086,4,150
"2299",3087,2,279
"2300",3088,3,190
"2301",3090,5,878
"2302",3091,4,153
"2303",3093,6,98
"2304",3094,5,1929
"2305",3095,2,10
"2306",3096,4,5
"2307",3097,5,122
"2308",3098,5,133
"2309",3099,2,96
"2310",3100,6,2158
"2311",3102,1,74
"2312",3103,2,33
"2313",3104,6,539
"2314",3105,4,68
"2315",3107,4,197
"2316",3108,4,292
"2317",3109,4,153
"2318",3110,3,179
"2319",3111,3,86
"2320",3112,4,27
"2321",3113,3,128
"2322",3114,3,28
"2323",3115,2,24
"2324",3116,4,189
"2325",3117,4,155
"2326",3118,4,149
"2327",3119,6,136
"2328",3120,2,109
"2329",3121,3,173
"2330",3122,5,226
"2331",3123,5,573
"2332",3124,3,66
"2333",3126,4,93
"2334",3128,2,196
"2335",3130,5,154
"2336",3131,5,125
"2337",3132,6,133
"2338",3133,4,172
"2339",3134,4,339
"2340",3136,4,218
"2341",3137,3,232
"2342",3140,4,68
"2343",3141,2,117
"2344",3142,6,1582
"2345",3143,4,83
"2346",3144,3,253
"2347",3145,5,287
"2348",3146,4,112
"2349",3147,3,166
"2350",3149,4,1166
"2351",3150,3,100
"2352",3151,4,339
"2353",3152,2,1
"2354",3153,6,145
"2355",3154,6,1549
"2356",3155,6,907
"2357",3156,4,179
"2358",3158,3,206
"2359",3159,5,562
"2360",3160,1,87
"2361",3161,6,947
"2362",3162,6,1286
"2363",3163,6,388
"2364",3164,6,2776
"2365",3165,5,906
"2366",3166,4,126
"2367",3167,5,304
"2368",3168,5,282
"2369",3169,2,127
"2370",3172,4,340
"2371",3173,6,704
"2372",3174,6,831
"2373",3175,4,160
"2374",3176,3,32
"2375",3177,6,213
"2376",3178,6,383
"2377",3179,3,317
"2378",3180,6,1731
"2379",3181,3,113
"2380",3183,3,133
"2381",3184,5,569
"2382",3186,4,21
"2383",3188,6,429
"2384",3189,3,98
"2385",3190,3,136
"2386",3192,5,396
"2387",3195,4,59
"2388",3196,4,168
"2389",3197,4,472
"2390",3198,5,382
"2391",3199,6,1282
"2392",3200,5,350
"2393",3201,5,132
"2394",3203,5,206
"2395",3205,2,140
"2396",3206,5,483
"2397",3208,2,35
"2398",3210,3,152
"2399",3211,5,257
"2400",3213,5,205
"2401",3214,5,215
"2402",3215,4,402
"2403",3216,3,396
"2404",3217,6,231
"2405",3219,6,300
"2406",3222,6,215
"2407",3224,5,696
"2408",3225,5,623
"2409",3227,5,135
"2410",3228,6,637
"2411",3229,4,511
"2412",3230,6,516
"2413",3231,4,212
"2414",3232,6,512
"2415",3233,5,133
"2416",3234,6,1094
"2417",3235,3,460
"2418",3237,5,315
"2419",3240,5,87
"2420",3244,6,286
"2421",3246,6,69
"2422",3247,4,168
"2423",3248,5,680
"2424",3250,3,22
"2425",3251,4,127
"2426",3253,6,367
"2427",3254,6,154
"2428",3255,3,218
"2429",3256,4,94
"2430",3257,1,8
"2431",3260,1,73
"2432",3261,5,507
"2433",3262,5,232
"2434",3263,5,387
"2435",3264,7,909
"2436",3265,5,32
"2437",3266,3,137
"2438",3268,4,440
"2439",3269,6,54
"2440",3270,4,261
"2441",3271,4,80
"2442",3274,4,93
"2443",3275,6,1284
"2444",3277,4,239
"2445",3278,5,1131
"2446",3279,6,376
"2447",3280,4,246
"2448",3281,5,108
"2449",3282,5,217
"2450",3283,5,88
"2451",3284,5,64
"2452",3285,4,53
"2453",3286,4,173
"2454",3287,5,473
"2455",3288,2,419
"2456",3289,3,103
"2457",3290,6,968
"2458",3291,3,84
"2459",3292,6,695
"2460",3293,2,85
"2461",3295,4,194
"2462",3296,2,530
"2463",3297,4,1800
"2464",3298,7,1117
"2465",3299,5,79
"2466",3300,4,293
"2467",3301,6,302
"2468",3302,2,398
"2469",3305,5,277
"2470",3306,3,207
"2471",3308,5,277
"2472",3309,4,235
"2473",3310,5,247
"2474",3311,6,818
"2475",3312,5,232
"2476",3313,4,22
"2477",3314,3,47
"2478",3315,6,71
"2479",3317,3,160
"2480",3318,6,129
"2481",3319,6,514
"2482",3320,6,1911
"2483",3321,1,98
"2484",3322,4,135
"2485",3323,6,1159
"2486",3324,3,5
"2487",3325,4,443
"2488",3326,5,476
"2489",3327,5,498
"2490",3329,5,348
"2491",3330,3,254
"2492",3331,4,123
"2493",3332,6,135
"2494",3334,5,1451
"2495",3335,6,829
"2496",3336,2,140
"2497",3337,5,188
"2498",3338,6,686
"2499",3339,6,186
"2500",3340,4,488
"2501",3341,3,311
"2502",3342,5,285
"2503",3343,6,682
"2504",3346,4,529
"2505",3347,5,152
"2506",3348,2,259
"2507",3349,5,148
"2508",3350,6,1272
"2509",3351,2,220
"2510",3352,4,249
"2511",3353,6,329
"2512",3354,4,3119
"2513",3355,5,570
"2514",3357,4,113
"2515",3358,5,251
"2516",3359,6,363
"2517",3360,6,412
"2518",3361,4,72
"2519",3362,6,837
"2520",3363,6,242
"2521",3365,5,944
"2522",3370,4,100
"2523",3371,6,784
"2524",3372,4,395
"2525",3373,6,480
"2526",3375,4,53
"2527",3376,4,43
"2528",3377,7,416
"2529",3378,5,213
"2530",3380,3,154
"2531",3383,6,534
"2532",3385,5,310
"2533",3387,4,334
"2534",3388,6,567
"2535",3389,3,512
"2536",3390,4,529
"2537",3391,4,472
"2538",3392,4,2
"2539",3393,6,324
"2540",3394,5,81
"2541",3395,4,125
"2542",3396,4,187
"2543",3397,5,63
"2544",3399,6,797
"2545",3400,6,292
"2546",3402,3,205
"2547",3403,3,92
"2548",3404,3,1845
"2549",3406,6,954
"2550",3407,7,577
"2551",3408,5,202
"2552",3409,6,193
"2553",3410,1,39
"2554",3411,3,115
"2555",3412,5,167
"2556",3413,6,379
"2557",3416,4,80
"2558",3417,4,29
"2559",3418,3,186
"2560",3419,6,122
"2561",3420,2,221
"2562",3421,6,263
"2563",3424,4,311
"2564",3425,6,55
"2565",3426,4,9
"2566",3427,4,1600
"2567",3428,6,284
"2568",3429,5,816
"2569",3430,5,212
"2570",3432,4,161
"2571",3433,6,796
"2572",3436,4,1168
"2573",3437,4,927
"2574",3439,5,425
"2575",3440,5,172
"2576",3441,4,51
"2577",3442,2,139
"2578",3443,6,144
"2579",3444,5,349
"2580",3445,2,6
"2581",3449,2,22
"2582",3451,2,108
"2583",3452,1,3
"2584",3456,6,198
"2585",3457,5,274
"2586",3458,3,381
"2587",3459,6,4
"2588",3460,3,163
"2589",3461,6,475
"2590",3462,5,79
"2591",3465,6,1611
"2592",3466,4,743
"2593",3467,5,591
"2594",3468,3,123
"2595",3469,6,329
"2596",3470,2,45
"2597",3471,5,405
"2598",3472,4,464
"2599",3473,6,175
"2600",3476,5,585
"2601",3477,3,520
"2602",3478,2,68
"2603",3479,5,514
"2604",3481,4,621
"2605",3483,6,923
"2606",3485,4,65
"2607",3487,4,236
"2608",3488,4,530
"2609",3489,5,152
"2610",3491,5,272
"2611",3493,5,1129
"2612",3494,4,434
"2613",3495,5,275
"2614",3498,4,5
"2615",3499,6,542
"2616",3500,2,20
"2617",3503,5,939
"2618",3504,5,213
"2619",3507,5,380
"2620",3508,6,806
"2621",3509,6,30
"2622",3510,5,264
"2623",3511,4,729
"2624",3512,5,193
"2625",3513,6,341
"2626",3515,6,454
"2627",3516,1,60
"2628",3517,4,578
"2629",3518,3,222
"2630",3519,5,161
"2631",3520,6,1773
"2632",3521,4,249
"2633",3522,1,9
"2634",3523,6,362
"2635",3524,5,204
"2636",3525,4,248
"2637",3527,1,21
"2638",3528,5,92
"2639",3532,3,90
"2640",3533,6,271
"2641",3535,5,101
"2642",3536,1,36
"2643",3537,5,477
"2644",3540,3,155
"2645",3541,4,847
"2646",3542,5,183
"2647",3543,4,313
"2648",3544,1,247
"2649",3545,5,163
"2650",3547,4,481
"2651",3548,1,62
"2652",3550,6,243
"2653",3551,5,192
"2654",3552,3,202
"2655",3553,5,260
"2656",3554,4,761
"2657",3555,5,1076
"2658",3556,6,834
"2659",3557,6,995
"2660",3559,6,743
"2661",3560,3,69
"2662",3561,6,381
"2663",3563,5,970
"2664",3564,4,93
"2665",3565,5,237
"2666",3566,4,139
"2667",3567,3,140
"2668",3568,3,7
"2669",3569,5,62
"2670",3571,4,71
"2671",3572,4,197
"2672",3575,6,52
"2673",3576,4,729
"2674",3577,4,39
"2675",3578,2,94
"2676",3579,1,25
"2677",3583,2,80
"2678",3584,5,95
"2679",3585,5,179
"2680",3586,4,367
"2681",3590,6,1465
"2682",3592,5,404
"2683",3593,1,91
"2684",3594,4,162
"2685",3595,4,277
"2686",3596,4,139
"2687",3597,5,91
"2688",3598,4,831
"2689",3603,3,87
"2690",3605,2,143
"2691",3606,1,2
"2692",3607,4,84
"2693",3608,3,307
"2694",3609,4,321
"2695",3610,5,796
"2696",3611,3,116
"2697",3612,5,236
"2698",3613,5,512
"2699",3614,5,244
"2700",3617,3,19
"2701",3618,2,256
"2702",3619,4,215
"2703",3622,4,295
"2704",3624,6,633
"2705",3626,3,678
"2706",3628,4,160
"2707",3630,5,218
"2708",3631,3,247
"2709",3632,6,305
"2710",3633,3,151
"2711",3634,4,127
"2712",3636,5,1002
"2713",3638,6,413
"2714",3639,5,1352
"2715",3640,5,421
"2716",3641,5,577
"2717",3645,6,618
"2718",3647,4,325
"2719",3648,6,781
"2720",3649,2,215
"2721",3650,4,266
"2722",3651,4,538
"2723",3652,2,86
"2724",3653,4,45
"2725",3654,7,311
"2726",3655,4,350
"2727",3657,4,162
"2728",3658,6,1664
"2729",3659,4,214
"2730",3660,3,12
"2731",3661,2,228
"2732",3662,2,15
"2733",3663,5,811
"2734",3665,6,603
"2735",3666,3,160
"2736",3667,3,171
"2737",3668,3,136
"2738",3669,4,234
"2739",3670,5,374
"2740",3671,3,68
"2741",3672,4,775
"2742",3673,4,112
"2743",3674,4,75
"2744",3675,2,50
"2745",3676,2,156
"2746",3677,3,283
"2747",3679,4,351
"2748",3681,4,35
"2749",3682,4,179
"2750",3685,3,144
"2751",3686,5,500
"2752",3687,3,74
"2753",3688,2,144
"2754",3689,4,50
"2755",3690,6,770
"2756",3691,5,83
"2757",3692,2,477
"2758",3693,6,349
"2759",3695,2,159
"2760",3696,2,111
"2761",3697,4,613
"2762",3698,5,95
"2763",3699,4,80
"2764",3700,3,476
"2765",3701,2,1
"2766",3702,5,89
"2767",3703,1,204
"2768",3704,5,139
"2769",3705,6,226
"2770",3706,5,176
"2771",3707,4,206
"2772",3709,5,1115
"2773",3710,4,182
"2774",3712,5,751
"2775",3713,4,186
"2776",3714,5,346
"2777",3715,5,1214
"2778",3716,3,50
"2779",3717,6,340
"2780",3718,6,202
"2781",3719,6,1085
"2782",3720,6,614
"2783",3721,3,35
"2784",3722,3,1696
"2785",3723,5,272
"2786",3724,5,196
"2787",3726,6,105
"2788",3727,5,487
"2789",3728,4,66
"2790",3729,6,884
"2791",3730,5,600
"2792",3731,4,145
"2793",3732,6,1518
"2794",3733,1,7
"2795",3734,4,189
"2796",3737,4,103
"2797",3738,3,460
"2798",3740,3,88
"2799",3741,6,150
"2800",3742,6,786
"2801",3743,6,1078
"2802",3744,7,713
"2803",3746,4,180
"2804",3747,2,81
"2805",3748,3,81
"2806",3749,6,414
"2807",3752,3,217
"2808",3753,3,155
"2809",3754,5,301
"2810",3755,4,406
"2811",3756,3,53
"2812",3758,5,897
"2813",3759,2,160
"2814",3760,3,510
"2815",3761,3,66
"2816",3764,3,505
"2817",3765,4,665
"2818",3766,2,22
"2819",3767,4,322
"2820",3768,5,200
"2821",3769,4,405
"2822",3771,4,332
"2823",3772,1,2
"2824",3774,4,517
"2825",3775,3,40
"2826",3777,5,309
"2827",3778,3,18
"2828",3779,3,227
"2829",3781,5,220
"2830",3782,3,233
"2831",3784,4,195
"2832",3785,6,214
"2833",3787,3,129
"2834",3788,4,273
"2835",3789,4,375
"2836",3790,4,122
"2837",3791,3,10
"2838",3793,4,177
"2839",3794,3,63
"2840",3795,6,176
"2841",3799,2,122
"2842",3800,5,121
"2843",3803,4,324
"2844",3806,3,233
"2845",3807,2,546
"2846",3808,5,335
"2847",3810,4,214
"2848",3813,3,35
"2849",3814,4,38
"2850",3815,1,155
"2851",3817,4,137
"2852",3819,5,129
"2853",3820,6,130
"2854",3821,5,686
"2855",3823,2,43
"2856",3824,1,66
"2857",3826,4,65
"2858",3828,2,21
"2859",3830,5,450
"2860",3831,4,95
"2861",3832,1,48
"2862",3835,5,2483
"2863",3836,2,159
"2864",3838,5,217
"2865",3839,2,45
"2866",3840,3,111
"2867",3842,6,467
"2868",3843,5,189
"2869",3844,3,38
"2870",3845,5,647
"2871",3846,5,253
"2872",3847,6,904
"2873",3848,5,423
"2874",3849,6,212
"2875",3853,6,1085
"2876",3854,4,81
"2877",3856,4,106
"2878",3857,6,307
"2879",3858,3,227
"2880",3859,4,16
"2881",3860,3,251
"2882",3861,2,148
"2883",3865,5,1103
"2884",3866,4,82
"2885",3869,5,128
"2886",3870,4,3504
"2887",3871,5,4
"2888",3873,4,35
"2889",3876,5,205
"2890",3877,5,324
"2891",3878,4,429
"2892",3880,3,100
"2893",3881,6,223
"2894",3883,4,54
"2895",3884,3,73
"2896",3885,1,134
"2897",3886,6,1400
"2898",3887,3,12
"2899",3888,5,55
"2900",3889,6,355
"2901",3891,4,1
"2902",3892,5,1061
"2903",3893,3,280
"2904",3895,4,175
"2905",3896,5,665
"2906",3897,3,59
"2907",3898,3,371
"2908",3899,3,33
"2909",3900,2,99
"2910",3901,6,254
"2911",3902,5,241
"2912",3905,3,39
"2913",3906,6,813
"2914",3907,6,333
"2915",3908,2,196
"2916",3909,4,129
"2917",3910,4,148
"2918",3911,3,437
"2919",3912,4,325
"2920",3913,5,298
"2921",3914,6,164
"2922",3915,4,413
"2923",3916,4,1022
"2924",3917,2,27
"2925",3918,5,92
"2926",3919,2,561
"2927",3920,2,82
"2928",3921,5,387
"2929",3922,4,42
"2930",3923,6,531
"2931",3924,4,788
"2932",3926,6,234
"2933",3927,3,86
"2934",3931,2,224
"2935",3932,4,278
"2936",3933,4,179
"2937",3934,2,10
"2938",3936,4,312
"2939",3937,4,100
"2940",3939,4,70
"2941",3940,2,234
"2942",3941,1,31
"2943",3942,4,198
"2944",3943,2,80
"2945",3944,6,874
"2946",3945,2,38
"2947",3947,5,447
"2948",3948,5,346
"2949",3949,3,162
"2950",3950,2,82
"2951",3951,3,61
"2952",3952,5,234
"2953",3953,3,54
"2954",3954,6,1834
"2955",3955,1,62
"2956",3958,3,221
"2957",3961,2,68
"2958",3962,3,234
"2959",3964,4,260
"2960",3965,3,193
"2961",3968,6,65
"2962",3971,5,385
"2963",3972,6,328
"2964",3973,5,1680
"2965",3974,6,304
"2966",3975,6,784
"2967",3976,5,103
"2968",3977,6,141
"2969",3978,4,357
"2970",3980,4,114
"2971",3981,4,157
"2972",3982,6,248
"2973",3983,4,379
"2974",3984,6,154
"2975",3985,2,160
"2976",3986,4,211
"2977",3987,2,914
"2978",3990,6,535
"2979",3991,5,636
"2980",3992,2,244
"2981",3995,4,415
"2982",3997,4,286
"2983",3998,4,89
"2984",3999,3,61
"2985",4000,6,185
"2986",4001,6,1639
"2987",4002,5,488
"2988",4003,6,2917
"2989",4004,4,780
"2990",4005,4,44
"2991",4007,6,728
"2992",4009,4,241
"2993",4011,5,233
"2994",4013,6,620
"2995",4014,3,117
"2996",4015,2,217
"2997",4016,6,294
"2998",4017,5,39
"2999",4018,3,101
"3000",4019,6,478
"3001",4020,6,102
"3002",4022,5,230
"3003",4023,5,1027
"3004",4025,4,85
"3005",4026,3,119
"3006",4027,3,317
"3007",4028,2,179
"3008",4031,5,187
"3009",4033,4,182
"3010",4034,4,173
"3011",4035,6,340
"3012",4036,3,31
"3013",4037,4,82
"3014",4038,1,281
"3015",4039,6,1567
"3016",4040,5,202
"3017",4041,3,448
"3018",4042,3,134
"3019",4043,5,70
"3020",4045,6,48
"3021",4046,6,1317
"3022",4047,3,862
"3023",4049,5,84
"3024",4050,3,120
"3025",4051,6,451
"3026",4054,3,167
"3027",4055,1,26
"3028",4056,5,374
"3029",4058,6,505
"3030",4059,2,228
"3031",4060,6,236
"3032",4061,5,63
"3033",4062,6,1409
"3034",4064,6,293
"3035",4066,5,177
"3036",4067,4,212
"3037",4069,5,509
"3038",4070,2,25
"3039",4072,3,7
"3040",4075,4,32
"3041",4076,3,598
"3042",4077,5,297
"3043",4078,6,291
"3044",4079,7,1066
"3045",4080,5,248
"3046",4083,6,763
"3047",4084,5,68
"3048",4087,3,242
"3049",4088,5,49
"3050",4090,6,261
"3051",4093,5,310
"3052",4095,5,303
"3053",4096,6,201
"3054",4097,4,77
"3055",4098,6,78
"3056",4099,6,245
"3057",4101,4,50
"3058",4102,1,100
"3059",4103,4,52
"3060",4104,5,157
"3061",4105,4,172
"3062",4107,3,101
"3063",4108,4,199
"3064",4109,1,188
"3065",4110,3,97
"3066",4111,4,43
"3067",4112,5,207
"3068",4113,3,153
"3069",4114,5,129
"3070",4115,2,205
"3071",4116,5,20
"3072",4118,6,513
"3073",4119,5,441
"3074",4120,1,12
"3075",4121,7,1830
"3076",4123,5,929
"3077",4124,3,93
"3078",4126,5,440
"3079",4128,2,74
"3080",4129,5,199
"3081",4130,3,83
"3082",4131,2,143
"3083",4132,6,598
"3084",4133,4,309
"3085",4134,2,337
"3086",4135,4,220
"3087",4136,2,99
"3088",4137,5,1132
"3089",4138,2,399
"3090",4139,5,149
"3091",4140,4,1012
"3092",4142,3,445
"3093",4143,4,168
"3094",4144,5,222
"3095",4146,5,934
"3096",4147,3,48
"3097",4148,6,37
"3098",4149,4,1265
"3099",4150,2,69
"3100",4151,3,183
"3101",4152,4,10
"3102",4153,5,746
"3103",4155,5,539
"3104",4156,5,404
"3105",4160,1,64
"3106",4162,5,370
"3107",4163,4,255
"3108",4164,6,1463
"3109",4167,3,3
"3110",4168,3,139
"3111",4169,5,334
"3112",4170,4,378
"3113",4171,5,108
"3114",4172,4,68
"3115",4173,5,525
"3116",4176,6,195
"3117",4177,4,161
"3118",4178,5,96
"3119",4179,1,41
"3120",4180,6,749
"3121",4181,5,137
"3122",4182,6,484
"3123",4183,3,293
"3124",4184,2,6
"3125",4185,5,42
"3126",4186,4,90
"3127",4187,3,100
"3128",4188,5,1105
"3129",4189,5,186
"3130",4190,1,74
"3131",4191,5,303
"3132",4192,2,36
"3133",4193,4,146
"3134",4194,6,984
"3135",4197,6,661
"3136",4199,4,89
"3137",4200,3,265
"3138",4201,6,938
"3139",4203,4,316
"3140",4205,5,880
"3141",4207,2,123
"3142",4208,4,402
"3143",4210,5,499
"3144",4212,5,177
"3145",4213,4,316
"3146",4216,4,62
"3147",4217,2,75
"3148",4218,4,213
"3149",4219,5,929
"3150",4220,5,16
"3151",4221,6,288
"3152",4222,4,330
"3153",4224,6,55
"3154",4225,2,45
"3155",4228,2,475
"3156",4229,2,58
"3157",4230,2,116
"3158",4231,5,87
"3159",4234,5,174
"3160",4235,3,391
"3161",4236,2,55
"3162",4237,3,93
"3163",4241,3,126
"3164",4242,2,204
"3165",4243,1,129
"3166",4244,4,21
"3167",4245,5,101
"3168",4246,4,212
"3169",4247,2,259
"3170",4249,2,324
"3171",4250,5,463
"3172",4252,4,309
"3173",4253,4,134
"3174",4254,3,55
"3175",4255,5,711
"3176",4256,2,61
"3177",4259,4,389
"3178",4260,3,194
"3179",4261,3,268
"3180",4262,3,128
"3181",4263,5,911
"3182",4265,3,232
"3183",4266,3,240
"3184",4267,5,1277
"3185",4268,3,51
"3186",4270,4,94
"3187",4271,5,661
"3188",4272,3,78
"3189",4274,3,1152
"3190",4275,5,301
"3191",4276,2,9
"3192",4278,5,99
"3193",4279,3,246
"3194",4280,4,314
"3195",4281,5,542
"3196",4282,3,645
"3197",4285,6,523
"3198",4286,7,299
"3199",4287,5,308
"3200",4288,3,338
"3201",4291,4,156
"3202",4293,5,210
"3203",4295,5,452
"3204",4296,4,324
"3205",4297,3,534
"3206",4298,6,577
"3207",4300,5,5141
"3208",4301,5,242
"3209",4302,6,673
"3210",4303,4,20
"3211",4305,3,102
"3212",4306,6,508
"3213",4307,3,524
"3214",4308,5,102
"3215",4311,6,388
"3216",4312,4,88
"3217",4315,3,348
"3218",4316,6,613
"3219",4317,3,358
"3220",4318,3,159
"3221",4319,1,63
"3222",4320,2,39
"3223",4321,3,99
"3224",4326,4,178
"3225",4327,3,213
"3226",4328,2,117
"3227",4329,1,3
"3228",4332,4,310
"3229",4333,3,297
"3230",4334,3,145
"3231",4335,6,550
"3232",4336,5,245
"3233",4337,5,40
"3234",4339,4,220
"3235",4340,7,577
"3236",4341,5,157
"3237",4342,2,154
"3238",4343,3,25
"3239",4344,4,73
"3240",4346,5,151
"3241",4348,4,276
"3242",4349,2,66
"3243",4350,4,338
"3244",4351,2,48
"3245",4354,5,1624
"3246",4355,1,77
"3247",4356,5,480
"3248",4357,3,36
"3249",4358,3,11
"3250",4360,2,27
"3251",4361,6,603
"3252",4362,4,60
"3253",4363,4,644
"3254",4365,2,47
"3255",4366,2,259
"3256",4367,6,716
"3257",4368,5,490
"3258",4369,6,633
"3259",4370,5,122
"3260",4372,3,202
"3261",4373,4,1745
"3262",4375,6,1437
"3263",4376,4,286
"3264",4377,4,103
"3265",4378,4,1590
"3266",4379,5,502
"3267",4380,4,270
"3268",4382,3,418
"3269",4383,4,94
"3270",4385,4,51
"3271",4387,4,46
"3272",4388,5,218
"3273",4392,5,158
"3274",4393,4,161
"3275",4397,7,525
"3276",4399,3,165
"3277",4401,4,400
"3278",4403,4,80
"3279",4404,6,456
"3280",4406,3,35
"3281",4407,6,108
"3282",4409,3,99
"3283",4410,3,357
"3284",4412,2,68
"3285",4413,3,285
"3286",4414,5,555
"3287",4415,4,75
"3288",4417,5,346
"3289",4419,3,198
"3290",4421,4,261
"3291",4422,4,235
