leagueRec,gameRec,ratioRec
1,10,0.0294117647058824
1,11,0.0416666666666667
1,46,0
1,69,0.0975609756097561
1,76,0.115384615384615
1,91,0
1,116,0.19047619047619
1,127,0.00934579439252336
1,156,0.0114942528735632
1,175,0
1,181,0.0303030303030303
1,193,0.0454545454545455
1,233,0
1,245,0.0317460317460317
1,301,0
1,312,0
1,313,0.0267857142857143
1,333,0
1,341,0.0393700787401575
1,356,0.0117647058823529
1,370,0
1,374,0
1,437,0
1,438,0
1,441,0.0192307692307692
1,453,0.0466666666666667
1,476,0.00505050505050505
1,532,0
1,556,0.0153846153846154
1,576,0
1,619,0
1,650,0.00934579439252336
1,754,0
1,812,0.0212765957446809
1,883,0
1,1036,0.0212765957446809
1,1041,0.0131578947368421
1,1059,0.0185185185185185
1,1064,0.0217391304347826
1,1075,0
1,1095,0.0392156862745098
1,1114,0.0172413793103448
1,1120,0.0102040816326531
1,1126,0.0178571428571429
1,1158,0.00540540540540541
1,1172,0.130434782608696
1,1184,0
1,1196,0
1,1204,0
1,1220,0
1,1223,0
1,1245,0
1,1258,0.00746268656716418
1,1259,0
1,1261,0.0120481927710843
1,1269,0.0103092783505155
1,1287,0
1,1310,0.0136054421768707
1,1331,0
1,1334,0.0526315789473684
1,1351,0.0163934426229508
1,1355,0.00793650793650794
1,1392,0
1,1405,0.0625
1,1418,0.0297619047619048
1,1427,0.0434782608695652
1,1432,0
1,1436,0.0099009900990099
1,1438,0.0638297872340425
1,1445,0
1,1477,0
1,1484,0
1,1500,0
1,1512,0
1,1526,0.08
1,1638,0
1,1649,0
1,1659,0.0238095238095238
1,1698,0
1,1701,0
1,1705,0.0571428571428571
1,1709,0.0153061224489796
1,1817,0.0368098159509202
1,1822,0
1,1845,0
1,1915,0.03125
1,1969,0
1,2013,0.0189873417721519
1,2036,0
1,2048,0.00480769230769231
1,2068,0.0196078431372549
1,2074,0
1,2082,0.0149253731343284
1,2086,0
1,2100,0.00840336134453781
1,2108,0
1,2241,0.0176991150442478
1,2248,0.0357142857142857
1,2249,0.00662251655629139
1,2251,0.0533333333333333
1,2343,0.0277777777777778
1,2347,0.0307692307692308
1,2382,0.0103092783505155
1,2443,0.0123456790123457
1,2461,0.111111111111111
1,2492,0
1,2514,0.126760563380282
1,2519,0.00775193798449612
1,2532,0
1,2551,0.0645161290322581
1,2571,0
1,2577,0.0113636363636364
1,2581,0
1,2600,0.0512820512820513
1,2624,0.0188679245283019
1,2635,0.0357142857142857
1,2682,0.0240963855421687
1,2723,0.0317460317460317
1,2741,0.0612244897959184
1,2751,0.166666666666667
1,2777,0.0434782608695652
1,2795,0
1,2800,0.0142857142857143
1,2967,0
1,3003,0.024390243902439
1,3008,0.0392156862745098
1,3035,0
1,3047,0
1,3081,0.04
1,3082,0.0375
1,3102,0.0769230769230769
1,3160,0.0136054421768707
1,3257,0
1,3260,0
1,3321,0.012987012987013
1,3410,0.0297029702970297
1,3452,0
1,3516,0.0615384615384615
1,3522,0.02
1,3527,0
1,3536,0.00746268656716418
1,3544,0.0495049504950495
1,3548,0
1,3579,0
1,3593,0
1,3606,0
1,3703,0.0252525252525253
1,3733,0
1,3772,0.027027027027027
1,3815,0.0930232558139535
1,3824,0
1,3832,0
1,3885,0.0186915887850467
1,3941,0.00568181818181818
1,3955,0.015625
1,4038,0.0227272727272727
1,4055,0.00398406374501992
1,4102,0
1,4109,0
1,4120,0
1,4160,0.0416666666666667
1,4179,0.0256410256410256
1,4190,0.05
1,4243,0.037037037037037
1,4319,0.153846153846154
1,4329,0
1,4355,0.00862068965517241
2,20,0.025830258302583
2,21,0.04
2,22,0
2,24,0
2,45,0
2,49,0.0454545454545455
2,53,0.0169491525423729
2,68,0
2,83,0
2,85,0.107142857142857
2,94,0
2,111,0
2,117,0
2,119,0.0135135135135135
2,143,0.0149253731343284
2,158,0.0410958904109589
2,163,0.0078740157480315
2,164,0
2,172,0
2,192,0.0181818181818182
2,194,0
2,199,0
2,202,0.0416666666666667
2,205,0.104166666666667
2,227,0.00641025641025641
2,250,0.0138888888888889
2,260,0.00483091787439614
2,302,0.0617283950617284
2,319,0.047244094488189
2,372,0
2,373,0.0144927536231884
2,405,0.0412371134020619
2,425,0.032967032967033
2,426,0.0111111111111111
2,429,0.00680272108843537
2,434,0.00641025641025641
2,459,0.00689655172413793
2,464,0.00425531914893617
2,467,0.0147058823529412
2,472,0.0235294117647059
2,478,0.00588235294117647
2,510,0
2,516,0
2,531,0.00716845878136201
2,563,0
2,599,0.0806451612903226
2,607,0.0454545454545455
2,608,0
2,629,0.0215827338129496
2,634,0.00925925925925926
2,640,0.0114942528735632
2,644,0
2,647,0
2,648,0.00689655172413793
2,653,0.0413223140495868
2,662,0.00925925925925926
2,679,0
2,694,0.0344827586206897
2,710,0.0192307692307692
2,766,0
2,769,0.0277777777777778
2,781,0.0175438596491228
2,826,0.0467289719626168
2,835,0.0357142857142857
2,853,0.0540540540540541
2,856,0.0211267605633803
2,858,0.04
2,862,0.0136986301369863
2,873,0
2,877,0.0869565217391304
2,878,0.012987012987013
2,908,0
2,911,0
2,913,0.0131578947368421
2,917,0.0833333333333333
2,937,0.00657894736842105
2,972,0.0394736842105263
2,979,0
2,1028,0
2,1030,0.1
2,1032,0
2,1034,0.029126213592233
2,1037,0.1
2,1039,0.0145985401459854
2,1046,0.0147058823529412
2,1057,0.01
2,1062,0
2,1088,0.0140845070422535
2,1101,0.0625
2,1116,0
2,1121,0.0217391304347826
2,1139,0.0172413793103448
2,1144,0.0422535211267606
2,1163,0
2,1173,0.0163934426229508
2,1176,0.0838709677419355
2,1186,0.0422535211267606
2,1193,0.0106382978723404
2,1216,0.0224719101123595
2,1221,0.0129032258064516
2,1227,0.0131004366812227
2,1231,0
2,1253,0
2,1265,0.0483870967741935
2,1270,0.0588235294117647
2,1304,0.02
2,1326,0
2,1346,0
2,1366,0.0583941605839416
2,1375,0
2,1378,0.00564971751412429
2,1394,0
2,1396,0
2,1397,0
2,1399,0
2,1407,0
2,1409,0
2,1423,0.0491803278688525
2,1463,0.0454545454545455
2,1474,0.0384615384615385
2,1511,0
2,1552,0.0111111111111111
2,1556,0.00892857142857143
2,1565,0.0240963855421687
2,1572,0.00694444444444444
2,1589,0.019047619047619
2,1601,0.04
2,1609,0
2,1614,0
2,1619,0.0357142857142857
2,1620,0.00617283950617284
2,1624,0
2,1627,0.0161290322580645
2,1635,0.0116279069767442
2,1636,0
2,1645,0.04
2,1653,0.0252100840336134
2,1664,0
2,1674,0
2,1676,0
2,1693,0.0540540540540541
2,1694,0.0333333333333333
2,1697,0.0740740740740741
2,1703,0.00934579439252336
2,1713,0.0408163265306122
2,1717,0
2,1727,0
2,1752,0.0277777777777778
2,1761,0
2,1764,0.024390243902439
2,1767,0.11214953271028
2,1780,0.036036036036036
2,1783,0
2,1786,0
2,1791,0.0148514851485149
2,1800,0.0384615384615385
2,1810,0.08
2,1813,0
2,1818,0
2,1834,0.1875
2,1849,0.0471698113207547
2,1850,0
2,1860,0
2,1909,0
2,1923,0.0377358490566038
2,1935,0.019047619047619
2,1974,0.136363636363636
2,1976,0.00515463917525773
2,1987,0
2,2008,0.0425531914893617
2,2019,0
2,2024,0.0222222222222222
2,2038,0.0104166666666667
2,2045,0
2,2060,0.016
2,2061,0
2,2066,0.036144578313253
2,2084,0.00930232558139535
2,2089,0
2,2096,0.0185185185185185
2,2103,0.036231884057971
2,2147,0.0303030303030303
2,2169,0.0895522388059701
2,2245,0.0625
2,2311,0.00869565217391304
2,2317,0.0106382978723404
2,2318,0.037037037037037
2,2321,0.0115606936416185
2,2367,0.0241935483870968
2,2415,0.0289855072463768
2,2421,0
2,2423,0.0144230769230769
2,2438,0
2,2445,0
2,2451,0.0229885057471264
2,2463,0.0078740157480315
2,2472,0.0266666666666667
2,2475,0.0027027027027027
2,2494,0
2,2509,0
2,2536,0.0305343511450382
2,2556,0.032258064516129
2,2606,0.137254901960784
2,2612,0.0166666666666667
2,2622,0
2,2634,0.00925925925925926
2,2665,0
2,2692,0
2,2708,0.038961038961039
2,2731,0.00925925925925926
2,2743,0
2,2750,0.0375
2,2765,0.114754098360656
2,2768,0
2,2774,0.0169491525423729
2,2780,0
2,2798,0.0104166666666667
2,2810,0.0363636363636364
2,2816,0
2,2822,0.008
2,2831,0.0571428571428571
2,2836,0
2,2856,0
2,2866,0
2,2869,0.0128205128205128
2,2872,0.0121212121212121
2,2882,0
2,2884,0.0138888888888889
2,2896,0.0158730158730159
2,2901,0.0317460317460317
2,2916,0.0254777070063694
2,2937,0.036036036036036
2,2945,0.0337078651685393
2,2956,0.032258064516129
2,2960,0
2,2999,0
2,3007,0
2,3021,0
2,3025,0.00510204081632653
2,3028,0
2,3052,0.0666666666666667
2,3061,0.0103092783505155
2,3068,0.00380228136882129
2,3074,0
2,3087,0.013986013986014
2,3095,0
2,3099,0
2,3103,0.0145985401459854
2,3115,0
2,3120,0.0140845070422535
2,3128,0.0364963503649635
2,3141,0.0683760683760684
2,3152,0
2,3169,0.0307017543859649
2,3191,0
2,3205,0.0723684210526316
2,3208,0
2,3288,0.17
2,3293,0
2,3296,0.00409836065573771
2,3302,0.04
2,3336,0.00884955752212389
2,3348,0.0526315789473684
2,3351,0
2,3420,0.00847457627118644
2,3442,0.0204081632653061
2,3445,0
2,3449,0.0333333333333333
2,3451,0.0212765957446809
2,3470,0
2,3478,0.0357142857142857
2,3500,0.0104166666666667
2,3578,0.0432098765432099
2,3583,0.0508474576271186
2,3605,0.0495049504950495
2,3618,0
2,3649,0.0117647058823529
2,3652,0.0125786163522013
2,3661,0
2,3662,0
2,3675,0.0784313725490196
2,3676,0.00606060606060606
2,3688,0.0298507462686567
2,3692,0.106382978723404
2,3695,0.0416666666666667
2,3696,0.0119047619047619
2,3701,0
2,3747,0.0176991150442478
2,3759,0.016
2,3766,0
2,3799,0
2,3807,0.0289855072463768
2,3823,0.0555555555555556
2,3828,0.0275229357798165
2,3836,0.0179640718562874
2,3839,0
2,3861,0.037037037037037
2,3900,0.00980392156862745
2,3908,0.0266666666666667
2,3917,0.0132450331125828
2,3919,0.0413223140495868
2,3920,0.0207253886010363
2,3931,0.0393700787401575
2,3934,0
2,3940,0.0354609929078014
2,3943,0.0138888888888889
2,3945,0
2,3950,0
2,3961,0
2,3985,0.0689655172413793
2,3987,0.0889830508474576
2,3992,0.0119047619047619
2,4015,0.0434782608695652
2,4028,0.0127659574468085
2,4059,0.0289017341040462
2,4070,0.0476190476190476
2,4115,0.0447761194029851
2,4128,0.0181818181818182
2,4131,0.0298507462686567
2,4134,0.0636363636363636
2,4136,0
2,4138,0.10655737704918
2,4150,0
2,4184,0
2,4192,0.0114942528735632
2,4207,0.0888888888888889
2,4217,0.0214285714285714
2,4225,0
2,4228,0
2,4229,0.0727272727272727
2,4230,0
2,4236,0
2,4239,0
2,4242,0.169811320754717
2,4247,0.00840336134453781
2,4249,0.00649350649350649
2,4256,0.0714285714285714
2,4276,0
2,4320,0.00980392156862745
2,4328,0.0263157894736842
2,4342,0.0347222222222222
2,4349,0.0714285714285714
2,4351,0
2,4360,0.0147058823529412
2,4365,0.00657894736842105
2,4366,0.0123456790123457
2,4412,0
3,17,0
3,28,0.0121951219512195
3,33,0.0737704918032787
3,52,0.00909090909090909
3,54,0.032520325203252
3,71,0.0606060606060606
3,79,0.00574712643678161
3,81,0
3,90,0
3,100,0.0743801652892562
3,118,0.00657894736842105
3,121,0.0149253731343284
3,122,0.075
3,123,0
3,125,0.0862068965517241
3,130,0
3,132,0
3,138,0.180722891566265
3,145,0.0303030303030303
3,154,0.012987012987013
3,176,0
3,196,0.036144578313253
3,200,0.0102040816326531
3,208,0.03125
3,213,0.00970873786407767
3,217,0
3,249,0
3,256,0.0204081632653061
3,258,0.032258064516129
3,269,0.00460829493087558
3,297,0.0714285714285714
3,304,0.03125
3,308,0.0351758793969849
3,311,0.0305343511450382
3,316,0.0326086956521739
3,318,0.0181818181818182
3,325,0
3,328,0.0364963503649635
3,329,0
3,355,0.0232558139534884
3,361,0.0549450549450549
3,363,0
3,387,0
3,390,0.0161290322580645
3,399,0.0252100840336134
3,403,0
3,417,0
3,427,0.0137931034482759
3,431,0.0735294117647059
3,435,0.0307692307692308
3,446,0.05
3,450,0.00490196078431373
3,471,0.00746268656716418
3,477,0.0306122448979592
3,483,0.0896551724137931
3,487,0.15702479338843
3,490,0
3,502,0.0196078431372549
3,505,0.027027027027027
3,511,0.147058823529412
3,528,0
3,549,0.0704225352112676
3,567,0.0303030303030303
3,571,0.0909090909090909
3,578,0.0294117647058824
3,581,0.0201342281879195
3,589,0
3,590,0.0394736842105263
3,593,0.0202702702702703
3,604,0.0113636363636364
3,610,0
3,643,0.00970873786407767
3,652,0
3,658,0.0681818181818182
3,672,0.0666666666666667
3,686,0
3,702,0.0609756097560976
3,704,0.00632911392405063
3,705,0
3,712,0.0657894736842105
3,719,0
3,727,0
3,729,0.028169014084507
3,739,0.0697674418604651
3,745,0.00847457627118644
3,780,0.0303030303030303
3,785,0.00609756097560976
3,786,0.0138888888888889
3,790,0
3,804,0.0483870967741935
3,819,0.0232558139534884
3,828,0.0266666666666667
3,831,0
3,837,0
3,841,0.02
3,844,0
3,857,0
3,866,0.0380952380952381
3,901,0.032258064516129
3,902,0.037037037037037
3,904,0
3,907,0.00970873786407767
3,920,0.0547945205479452
3,924,0.0266666666666667
3,925,0
3,927,0.0202020202020202
3,947,0.0166666666666667
3,950,0
3,955,0.0916666666666667
3,966,0
3,981,0
3,982,0.025
3,988,0
3,990,0.036036036036036
3,992,0.0131578947368421
3,997,0.00925925925925926
3,1020,0.0099009900990099
3,1022,0
3,1023,0.0173913043478261
3,1056,0.117647058823529
3,1061,0
3,1066,0.0161290322580645
3,1073,0.0133333333333333
3,1076,0.036144578313253
3,1082,0.0777777777777778
3,1084,0.0101010101010101
3,1086,0.115942028985507
3,1091,0.0315789473684211
3,1096,0.0606060606060606
3,1108,0.0537634408602151
3,1111,0.0416666666666667
3,1118,0.04
3,1129,0
3,1145,0.00641025641025641
3,1157,0.119047619047619
3,1180,0.0571428571428571
3,1209,0.0247933884297521
3,1210,0
3,1213,0.0127388535031847
3,1224,0
3,1228,0.0282485875706215
3,1229,0.069364161849711
3,1236,0
3,1242,0
3,1248,0.00819672131147541
3,1257,0
3,1268,0.0232558139534884
3,1289,0.0515463917525773
3,1313,0.107692307692308
3,1318,0.0458015267175573
3,1322,0
3,1323,0
3,1336,0
3,1340,0.0184049079754601
3,1344,0.2
3,1357,0
3,1358,0.00704225352112676
3,1368,0.0273972602739726
3,1373,0.0958904109589041
3,1376,0.0125786163522013
3,1379,0.00847457627118644
3,1401,0.0470588235294118
3,1402,0
3,1414,0.0458015267175573
3,1417,0
3,1426,0.00806451612903226
3,1435,0.0147058823529412
3,1437,0.00666666666666667
3,1439,0
3,1440,0.0133779264214047
3,1451,0.0197368421052632
3,1461,0.0625
3,1468,0.00347222222222222
3,1470,0
3,1471,0
3,1473,0.03125
3,1487,0.00840336134453781
3,1493,0.010989010989011
3,1496,0
3,1504,0
3,1514,0.0287769784172662
3,1518,0.00497512437810945
3,1521,0
3,1532,0
3,1533,0.00813008130081301
3,1541,0.0333333333333333
3,1543,0.010989010989011
3,1561,0.00920245398773006
3,1562,0.0135135135135135
3,1564,0
3,1593,0.0594059405940594
3,1594,0.064
3,1602,0.028169014084507
3,1605,0.016
3,1612,0.0169491525423729
3,1625,0.125
3,1626,0.111111111111111
3,1628,0.201680672268908
3,1630,0.03125
3,1631,0.0153846153846154
3,1640,0
3,1641,0
3,1642,0.0757575757575758
3,1644,0.00512820512820513
3,1648,0.0217391304347826
3,1668,0
3,1675,0
3,1677,0.0350877192982456
3,1679,0.094488188976378
3,1690,0.0155440414507772
3,1695,0.0125
3,1700,0.0111111111111111
3,1702,0.0138888888888889
3,1714,0.0330578512396694
3,1724,0.0825688073394495
3,1725,0.0263157894736842
3,1730,0.0232558139534884
3,1746,0
3,1748,0
3,1754,0.0666666666666667
3,1760,0.072289156626506
3,1763,0.0843373493975904
3,1770,0.00909090909090909
3,1772,0.0529100529100529
3,1785,0.0208333333333333
3,1788,0.037037037037037
3,1792,0.032258064516129
3,1806,0
3,1814,0.0240963855421687
3,1824,0.00578034682080925
3,1837,0
3,1847,0
3,1869,0
3,1873,0
3,1878,0.0606060606060606
3,1886,0.0178571428571429
3,1908,0.04
3,1917,0.00819672131147541
3,1937,0.0266666666666667
3,1943,0
3,1946,0.0252525252525253
3,1960,0
3,1970,0.0344827586206897
3,1975,0.0210084033613445
3,1982,0.00892857142857143
3,1984,0.0181818181818182
3,1998,0.0779220779220779
3,2004,0.00469483568075117
3,2012,0.0689655172413793
3,2015,0.0512820512820513
3,2016,0.0434782608695652
3,2018,0.033175355450237
3,2023,0.055045871559633
3,2042,0
3,2053,0
3,2055,0.0731707317073171
3,2067,0.0413223140495868
3,2076,0.0188679245283019
3,2098,0.0476190476190476
3,2104,0.0131578947368421
3,2107,0.0099009900990099
3,2125,0
3,2155,0.0153846153846154
3,2156,0.0263157894736842
3,2163,0
3,2165,0.00961538461538462
3,2170,0.00657894736842105
3,2176,0.0388349514563107
3,2178,0.00917431192660551
3,2204,0.0102040816326531
3,2205,0.0655737704918033
3,2218,0.0215827338129496
3,2227,0.0186915887850467
3,2228,0.0303030303030303
3,2237,0
3,2239,0.00632911392405063
3,2257,0.0905349794238683
3,2270,0
3,2277,0
3,2291,0.0326086956521739
3,2305,0.0175438596491228
3,2316,0.0194805194805195
3,2325,0.111111111111111
3,2331,0.026431718061674
3,2336,0.0123456790123457
3,2350,0.0235294117647059
3,2357,0.0357142857142857
3,2370,0.00900900900900901
3,2373,0.0571428571428571
3,2392,0.0571428571428571
3,2403,0.0236220472440945
3,2404,0
3,2414,0.00943396226415094
3,2418,0.00531914893617021
3,2429,0.0285714285714286
3,2439,0.0533333333333333
3,2444,0.12
3,2446,0
3,2459,0
3,2460,0.0303030303030303
3,2466,0.028169014084507
3,2481,0.0422535211267606
3,2491,0.0307692307692308
3,2512,0.0112994350282486
3,2518,0.00934579439252336
3,2526,0.0140845070422535
3,2530,0.0547945205479452
3,2547,0.0538461538461538
3,2549,0.0308641975308642
3,2554,0.0235294117647059
3,2569,0.088
3,2583,0.0115830115830116
3,2594,0.0449438202247191
3,2638,0.03125
3,2640,0.0465116279069767
3,2652,0.0943396226415094
3,2668,0
3,2671,0
3,2674,0.114035087719298
3,2676,0.0208333333333333
3,2691,0.0252525252525253
3,2694,0
3,2702,0
3,2703,0
3,2717,0.111842105263158
3,2729,0.118012422360248
3,2733,0
3,2738,0.0365853658536585
3,2740,0
3,2744,0.04
3,2755,0
3,2759,0.015625
3,2783,0.0666666666666667
3,2785,0.0714285714285714
3,2794,0.0131578947368421
3,2804,0.0158730158730159
3,2808,0.0241935483870968
3,2813,0.00854700854700855
3,2814,0.0126582278481013
3,2823,0.0333333333333333
3,2825,0.027027027027027
3,2842,0.142857142857143
3,2846,0.140350877192982
3,2855,0.0493827160493827
3,2857,0
3,2859,0.0121951219512195
3,2860,0.0461538461538462
3,2865,0.0188679245283019
3,2867,0.0149253731343284
3,2878,0
3,2881,0.00515463917525773
3,2883,0.0344827586206897
3,2893,0
3,2895,0.012987012987013
3,2899,0.0198675496688742
3,2903,0.0619469026548673
3,2904,0.032258064516129
3,2908,0
3,2910,0.0392156862745098
3,2913,0.064327485380117
3,2919,0
3,2943,0.015748031496063
3,2947,0
3,2951,0.0546875
3,2963,0.0263157894736842
3,2973,0
3,2979,0.0188679245283019
3,3001,0.0666666666666667
3,3013,0.0337078651685393
3,3016,0
3,3019,0.0353982300884956
3,3027,0.0225563909774436
3,3036,0.0701754385964912
3,3037,0.0238095238095238
3,3049,0.0201005025125628
3,3066,0
3,3072,0
3,3080,0.0301204819277108
3,3088,0.0227272727272727
3,3110,0.0248756218905473
3,3111,0.092436974789916
3,3113,0.0227272727272727
3,3114,0.151515151515152
3,3121,0.0241935483870968
3,3124,0.0636363636363636
3,3137,0.0128755364806867
3,3144,0.0227272727272727
3,3147,0
3,3150,0.0252100840336134
3,3158,0.128205128205128
3,3176,0
3,3179,0.0234375
3,3181,0.0169491525423729
3,3183,0.1125
3,3189,0.0420168067226891
3,3190,0
3,3210,0
3,3216,0.0608695652173913
3,3235,0.0592592592592593
3,3250,0
3,3255,0.0740740740740741
3,3266,0.0344827586206897
3,3289,0
3,3291,0.00934579439252336
3,3306,0.253731343283582
3,3314,0.0111111111111111
3,3317,0.0204081632653061
3,3324,0
3,3330,0.0373831775700935
3,3341,0.0363636363636364
3,3380,0.0422535211267606
3,3389,0.0754716981132075
3,3402,0.0612244897959184
3,3403,0
3,3404,0
3,3411,0.0388349514563107
3,3418,0.0208333333333333
3,3458,0.00775193798449612
3,3460,0.025
3,3468,0.018348623853211
3,3477,0.0714285714285714
3,3518,0.0392156862745098
3,3532,0.0268456375838926
3,3540,0.0229007633587786
3,3552,0
3,3560,0.0555555555555556
3,3567,0
3,3568,0
3,3603,0
3,3608,0.016304347826087
3,3611,0
3,3617,0.0108695652173913
3,3626,0.0309278350515464
3,3631,0
3,3633,0.0124223602484472
3,3660,0
3,3666,0.0285714285714286
3,3667,0.0194174757281553
3,3668,0.136986301369863
3,3671,0
3,3677,0.0575221238938053
3,3685,0.0186915887850467
3,3687,0.0357142857142857
3,3700,0.0294117647058824
3,3716,0.0348837209302326
3,3721,0
3,3722,0.0449438202247191
3,3738,0
3,3740,0.0142857142857143
3,3748,0.0396825396825397
3,3752,0
3,3753,0.0324675324675325
3,3756,0
3,3760,0.04
3,3761,0.0266666666666667
3,3764,0.0392156862745098
3,3775,0.0337837837837838
3,3778,0
3,3779,0.00840336134453781
3,3782,0.0121580547112462
3,3787,0.0175438596491228
3,3791,0
3,3794,0
3,3806,0.0760233918128655
3,3813,0
3,3840,0.0307692307692308
3,3844,0.0274725274725275
3,3858,0.0212765957446809
3,3860,0.0692307692307692
3,3880,0.0099009900990099
3,3884,0.0120481927710843
3,3887,0.0588235294117647
3,3893,0.053921568627451
3,3897,0.015625
3,3898,0.0802469135802469
3,3899,0
3,3905,0.117647058823529
3,3911,0.00335570469798658
3,3927,0.0629370629370629
3,3949,0
3,3951,0.0655737704918033
3,3953,0
3,3958,0.0272727272727273
3,3962,0
3,3965,0.00826446280991736
3,3999,0.00606060606060606
3,4014,0.0461538461538462
3,4018,0
3,4026,0.05
3,4027,0.0252100840336134
3,4036,0.00613496932515337
3,4041,0.0418848167539267
3,4042,0.0186335403726708
3,4047,0.00819672131147541
3,4050,0.0909090909090909
3,4054,0
3,4072,0.00366300366300366
3,4076,0.036036036036036
3,4087,0.0275229357798165
3,4107,0.0156862745098039
3,4110,0.0310077519379845
3,4113,0.0140845070422535
3,4124,0.0230769230769231
3,4130,0.0106382978723404
3,4142,0.0131578947368421
3,4147,0
3,4151,0
3,4167,0
3,4168,0.0490196078431373
3,4183,0.0476190476190476
3,4187,0
3,4200,0.0229885057471264
3,4235,0.0681818181818182
3,4237,0
3,4241,0.0495049504950495
3,4254,0.162162162162162
3,4260,0.06
3,4261,0.0274725274725275
3,4262,0.0596026490066225
3,4265,0.0714285714285714
3,4266,0.0555555555555556
3,4268,0.0344827586206897
3,4272,0.00645161290322581
3,4274,0.010989010989011
3,4279,0.0291970802919708
3,4282,0.0144927536231884
3,4288,0.00813008130081301
3,4297,0.0149253731343284
3,4305,0
3,4307,0.158590308370044
3,4315,0.00980392156862745
3,4317,0.029126213592233
3,4318,0.0263157894736842
3,4321,0.00961538461538462
3,4322,0
3,4327,0.0208333333333333
3,4333,0.0102040816326531
3,4334,0.00813008130081301
3,4343,0.0173913043478261
3,4357,0.0229885057471264
3,4358,0.027027027027027
3,4372,0.0857142857142857
3,4382,0.0155038759689922
3,4399,0.037593984962406
3,4406,0
3,4409,0.0384615384615385
3,4410,0.032258064516129
3,4413,0.00952380952380952
3,4419,0
4,5,0.094017094017094
4,7,0.0308641975308642
4,16,0.02
4,23,0.166666666666667
4,30,0.106666666666667
4,32,0
4,34,0.0263157894736842
4,39,0.0142857142857143
4,40,0.0560747663551402
4,41,0.0379746835443038
4,59,0.0206185567010309
4,60,0.0597014925373134
4,62,0
4,63,0.0140845070422535
4,65,0.0465116279069767
4,66,0.00574712643678161
4,74,0
4,77,0.111111111111111
4,87,0.0423280423280423
4,89,0.0113636363636364
4,93,0
4,97,0.0793650793650794
4,106,0
4,107,0.00970873786407767
4,109,0.019047619047619
4,128,0.05
4,137,0.0454545454545455
4,140,0.0087719298245614
4,152,0.0217391304347826
4,153,0
4,157,0.0133333333333333
4,159,0.0422535211267606
4,162,0.0461538461538462
4,165,0.03125
4,166,0.0223463687150838
4,169,0.00970873786407767
4,174,0.0170940170940171
4,177,0.00793650793650794
4,184,0.00666666666666667
4,191,0.0384615384615385
4,214,0.0350877192982456
4,220,0.0337078651685393
4,221,0.0236686390532544
4,222,0.0110294117647059
4,225,0.0493827160493827
4,226,0.0357142857142857
4,236,0.0353982300884956
4,251,0.00625
4,252,0.0288461538461538
4,254,0
4,262,0.0340909090909091
4,263,0
4,273,0.0533333333333333
4,274,0.0444444444444444
4,275,0
4,280,0.0420168067226891
4,281,0.0338983050847458
4,285,0.0493827160493827
4,292,0.0939226519337017
4,294,0
4,299,0.0657894736842105
4,305,0.0199004975124378
4,310,0.0252100840336134
4,317,0.0638297872340425
4,321,0.0677966101694915
4,326,0.0160771704180064
4,335,0.0207100591715976
4,347,0.0434782608695652
4,351,0.0257352941176471
4,354,0.0155038759689922
4,357,0.0549450549450549
4,365,0.0714285714285714
4,369,0.0909090909090909
4,377,0.0265486725663717
4,379,0.0666666666666667
4,385,0.0208333333333333
4,386,0.0179640718562874
4,388,0.0440251572327044
4,391,0.102564102564103
4,392,0.0761904761904762
4,394,0.0197368421052632
4,396,0.0481283422459893
4,413,0.01
4,416,0.0775862068965517
4,419,0
4,423,0
4,428,0
4,447,0.0462962962962963
4,454,0
4,457,0
4,470,0.00636942675159236
4,479,0.0108695652173913
4,486,0.010752688172043
4,489,0.00526315789473684
4,497,0
4,512,0
4,513,0
4,517,0.0136986301369863
4,539,0.0105263157894737
4,548,0.0318471337579618
4,552,0.00909090909090909
4,553,0
4,554,0.021505376344086
4,565,0.0218978102189781
4,568,0.0275862068965517
4,569,0.0294117647058824
4,572,0.0217391304347826
4,573,0.0571428571428571
4,580,0.0291970802919708
4,594,0
4,601,0.0181818181818182
4,612,0.0229885057471264
4,613,0
4,615,0.0206185567010309
4,625,0.0398009950248756
4,637,0.294117647058824
4,646,0.0104712041884817
4,651,0
4,654,0.0158730158730159
4,659,0.027027027027027
4,666,0.0121951219512195
4,669,0.023121387283237
4,674,0.00617283950617284
4,677,0.0315789473684211
4,696,0
4,700,0.0447761194029851
4,706,0.0705128205128205
4,709,0
4,711,0.0236220472440945
4,714,0.0261437908496732
4,723,0.00892857142857143
4,728,0.050251256281407
4,735,0.0165289256198347
4,740,0
4,741,0.0285714285714286
4,742,0
4,753,0
4,761,0.0298507462686567
4,767,0.0434782608695652
4,768,0
4,777,0
4,782,0.1
4,789,0.0149253731343284
4,799,0.0188679245283019
4,824,0.037037037037037
4,836,0.0819672131147541
4,839,0.0833333333333333
4,848,0.0169491525423729
4,851,0.0384615384615385
4,860,0.0212765957446809
4,861,0.0196078431372549
4,867,0.0305010893246187
4,870,0
4,871,0.0551724137931034
4,875,0.0350877192982456
4,885,0.0256410256410256
4,888,0.0705882352941176
4,903,0
4,906,0.046875
4,909,0
4,910,0.00980392156862745
4,915,0.018018018018018
4,932,0.0131578947368421
4,933,0.0634920634920635
4,938,0.0465116279069767
4,941,0.0123456790123457
4,953,0.05
4,958,0.00909090909090909
4,961,0.0176991150442478
4,964,0.0372340425531915
4,977,0.0581395348837209
4,985,0.0490196078431373
4,996,0.0166666666666667
4,999,0.0248756218905473
4,1005,0.104477611940299
4,1011,0.038961038961039
4,1013,0.0232558139534884
4,1015,0
4,1016,0
4,1021,0.0326086956521739
4,1029,0.0719424460431655
4,1031,0
4,1043,0.0629370629370629
4,1054,0.0288461538461538
4,1055,0.0666666666666667
4,1070,0.0153846153846154
4,1072,0.0285714285714286
4,1079,0.111111111111111
4,1080,0
4,1089,0.0425531914893617
4,1090,0.0105263157894737
4,1098,0.0485436893203883
4,1103,0.0666666666666667
4,1104,0.0163934426229508
4,1107,0.0491803278688525
4,1109,0.291666666666667
4,1112,0.117021276595745
4,1128,0.0306122448979592
4,1133,0.0333333333333333
4,1148,0.0267379679144385
4,1151,0.0545454545454545
4,1152,0.0291970802919708
4,1164,0.0168067226890756
4,1167,0.075
4,1169,0.0309859154929577
4,1170,0.0526315789473684
4,1171,0.0245398773006135
4,1179,0.02
4,1183,0.0529801324503311
4,1187,0.0512820512820513
4,1188,0.0662251655629139
4,1192,0.0714285714285714
4,1195,0
4,1198,0
4,1202,0.038961038961039
4,1203,0.0181818181818182
4,1205,0.0210526315789474
4,1208,0.0292397660818713
4,1214,0
4,1217,0.0594059405940594
4,1225,0.0275229357798165
4,1226,0.0246913580246914
4,1230,0.0315789473684211
4,1232,0.0526315789473684
4,1241,0.0182648401826484
4,1243,0.0487804878048781
4,1247,0.0555555555555556
4,1249,0.0864197530864197
4,1256,0.0769230769230769
4,1263,0.0487804878048781
4,1272,0.0972222222222222
4,1274,0.0588235294117647
4,1275,0.0158730158730159
4,1279,0.00819672131147541
4,1282,0.0264026402640264
4,1285,0.0177514792899408
4,1291,0.00826446280991736
4,1292,0.04
4,1301,0.0377358490566038
4,1302,0.0181818181818182
4,1311,0.0457516339869281
4,1315,0
4,1337,0
4,1339,0.0424242424242424
4,1347,0
4,1350,0.0106382978723404
4,1354,0.0555555555555556
4,1356,0.0528455284552846
4,1359,0
4,1362,0.015748031496063
4,1370,0.00813008130081301
4,1380,0
4,1386,0.00689655172413793
4,1403,0.0196078431372549
4,1411,0.0103092783505155
4,1425,0.0841121495327103
4,1428,0.0172413793103448
4,1430,0.0105263157894737
4,1447,0
4,1452,0
4,1454,0.0764705882352941
4,1455,0.0238095238095238
4,1462,0
4,1466,0.0151515151515152
4,1469,0
4,1475,0.0238095238095238
4,1479,0.1
4,1481,0
4,1482,0.0102040816326531
4,1483,0.00943396226415094
4,1491,0.0408163265306122
4,1492,0.0330578512396694
4,1494,0.040983606557377
4,1495,0.0631578947368421
4,1502,0.0117647058823529
4,1505,0
4,1510,0.181818181818182
4,1522,0
4,1531,0.0689655172413793
4,1535,0.0128205128205128
4,1546,0.04
4,1558,0
4,1570,0.153846153846154
4,1577,0
4,1596,0
4,1598,0.00555555555555556
4,1607,0.014018691588785
4,1608,0
4,1651,0.0961538461538462
4,1654,0.0493827160493827
4,1656,0
4,1658,0.136363636363636
4,1661,0.040983606557377
4,1666,0.0172413793103448
4,1678,0.0648148148148148
4,1683,0.0625
4,1684,0
4,1696,0.0222222222222222
4,1707,0.0106382978723404
4,1710,0.04
4,1719,0.0602409638554217
4,1731,0.0101010101010101
4,1733,0.0392156862745098
4,1734,0.0566037735849057
4,1738,0.0442477876106195
4,1739,0.0416666666666667
4,1742,0.0574712643678161
4,1744,0.0705882352941176
4,1756,0.0701754385964912
4,1768,0
4,1773,0.0351758793969849
4,1775,0.036697247706422
4,1776,0.05
4,1777,0.0344827586206897
4,1778,0.0373831775700935
4,1781,0
4,1793,0.0340909090909091
4,1797,0.0231660231660232
4,1798,0.0454545454545455
4,1804,0.0256410256410256
4,1805,0.037037037037037
4,1808,0.00675675675675676
4,1811,0.0769230769230769
4,1819,0.0701754385964912
4,1820,0.101910828025478
4,1829,0.0521739130434783
4,1832,0.0752688172043011
4,1838,0.0217391304347826
4,1854,0.0462962962962963
4,1855,0.0508474576271186
4,1856,0.032258064516129
4,1862,0.0505050505050505
4,1864,0.106060606060606
4,1865,0.0423728813559322
4,1866,0
4,1867,0.00719424460431655
4,1894,0.0789473684210526
4,1897,0.0757575757575758
4,1898,0.032967032967033
4,1902,0.0974025974025974
4,1905,0.144736842105263
4,1911,0.016304347826087
4,1912,0.0784313725490196
4,1913,0.0151515151515152
4,1916,0.00943396226415094
4,1919,0.0256410256410256
4,1922,0.0384615384615385
4,1924,0.0636942675159236
4,1928,0.109375
4,1929,0.0206185567010309
4,1936,0.018018018018018
4,1942,0.0163934426229508
4,1944,0.0266666666666667
4,1947,0.0175438596491228
4,1949,0.0927835051546392
4,1950,0.0645161290322581
4,1953,0.0267857142857143
4,1954,0
4,1961,0.0952380952380952
4,1964,0.0353982300884956
4,1966,0.0625
4,1988,0.0101010101010101
4,1999,0.0222222222222222
4,2001,0
4,2007,0.126760563380282
4,2009,0.0879120879120879
4,2010,0.00529100529100529
4,2011,0.0774193548387097
4,2017,0
4,2025,0.0340909090909091
4,2029,0
4,2034,0.134078212290503
4,2037,0.0123456790123457
4,2041,0.033112582781457
4,2056,0.0131578947368421
4,2057,0.0485074626865672
4,2059,0.112359550561798
4,2064,0.043859649122807
4,2069,0.0327868852459016
4,2070,0.0170648464163823
4,2071,0.00699300699300699
4,2073,0.0132450331125828
4,2083,0.0487804878048781
4,2092,0.0298507462686567
4,2105,0
4,2106,0.00288184438040346
4,2109,0.0285714285714286
4,2110,0
4,2113,0.043956043956044
4,2114,0.0952380952380952
4,2115,0
4,2116,0.0294117647058824
4,2118,0.0555555555555556
4,2119,0.0384615384615385
4,2120,0.03125
4,2128,0
4,2136,0
4,2139,0.0747663551401869
4,2144,0.0486111111111111
4,2148,0.0634920634920635
4,2159,0.0338983050847458
4,2161,0.00395256916996047
4,2162,0.0359712230215827
4,2171,0.0263157894736842
4,2180,0
4,2181,0
4,2182,0.0579710144927536
4,2186,0.0333333333333333
4,2187,0.00497512437810945
4,2193,0.0125
4,2196,0.0375
4,2202,0.0333333333333333
4,2203,0.0145985401459854
4,2210,0.0416666666666667
4,2211,0.00961538461538462
4,2234,0
4,2243,0.046875
4,2258,0.0099009900990099
4,2260,0.0072992700729927
4,2263,0
4,2267,0.0201342281879195
4,2280,0.0869565217391304
4,2281,0
4,2289,0.0571428571428571
4,2292,0.0206185567010309
4,2294,0.100840336134454
4,2306,0
4,2308,0.0267857142857143
4,2310,0.0344827586206897
4,2314,0.0254237288135593
4,2329,0.0517241379310345
4,2330,0.00892857142857143
4,2333,0.0363636363636364
4,2338,0.0542635658914729
4,2355,0.121951219512195
4,2364,0
4,2366,0.0952380952380952
4,2369,0.0566037735849057
4,2371,0.0196078431372549
4,2376,0.0581395348837209
4,2378,0.016260162601626
4,2381,0.0152671755725191
4,2385,0.113636363636364
4,2386,0.0491803278688525
4,2387,0.0683760683760684
4,2389,0.0728155339805825
4,2390,0.166666666666667
4,2393,0.0434782608695652
4,2399,0.0441176470588235
4,2406,0.04
4,2412,0
4,2416,0
4,2422,0.00947867298578199
4,2424,0
4,2433,0.0869565217391304
4,2440,0.0103092783505155
4,2448,0
4,2449,0.00816326530612245
4,2450,0.0559440559440559
4,2458,0.0779220779220779
4,2465,0.0810810810810811
4,2467,0.0352941176470588
4,2476,0
4,2480,0.0655737704918033
4,2483,0.0204081632653061
4,2497,0.0409090909090909
4,2498,0.038961038961039
4,2510,0.0428571428571429
4,2520,0.0333333333333333
4,2541,0.0709677419354839
4,2557,0
4,2565,0.0169491525423729
4,2573,0.00344827586206897
4,2574,0.031496062992126
4,2585,0.0337078651685393
4,2586,0.0666666666666667
4,2587,0.0117647058823529
4,2588,0.09375
4,2590,0.0555555555555556
4,2593,0
4,2598,0.0198019801980198
4,2607,0.0842105263157895
4,2615,0.0227272727272727
4,2628,0.0440528634361234
4,2641,0.0151515151515152
4,2642,0.0210526315789474
4,2645,0.0703517587939698
4,2647,0.016260162601626
4,2654,0.0289855072463768
4,2657,0.104651162790698
4,2661,0.0487012987012987
4,2662,0.0204081632653061
4,2667,0
4,2679,0.010989010989011
4,2680,0.00862068965517241
4,2681,0.0165745856353591
4,2683,0.0129032258064516
4,2684,0.0857142857142857
4,2690,0.0229885057471264
4,2696,0.037037037037037
4,2698,0.0862068965517241
4,2712,0
4,2754,0
4,2766,0.0654761904761905
4,2767,0.0975609756097561
4,2789,0.0194174757281553
4,2799,0.0227272727272727
4,2801,0.055045871559633
4,2803,0.016
4,2806,0.0126582278481013
4,2812,0.0246305418719212
4,2820,0.0625
4,2826,0.0382513661202186
4,2829,0.00662251655629139
4,2832,0.0248447204968944
4,2833,0.00961538461538462
4,2850,0.0353982300884956
4,2851,0.0634920634920635
4,2854,0.0333333333333333
4,2868,0.0526315789473684
4,2870,0.0256410256410256
4,2871,0.117647058823529
4,2874,0
4,2888,0.048
4,2892,0.0408163265306122
4,2898,0.0890052356020942
4,2902,0.0198019801980198
4,2905,0.0512820512820513
4,2911,0
4,2915,0.0420168067226891
4,2925,0.028735632183908
4,2926,0.0123456790123457
4,2931,0.037037037037037
4,2934,0.0072992700729927
4,2938,0
4,2948,0.0769230769230769
4,2949,0.0515463917525773
4,2950,0.0127388535031847
4,2962,0.0666666666666667
4,2969,0.0272727272727273
4,2976,0.0225563909774436
4,2984,0.0131578947368421
4,2996,0
4,3002,0.11
4,3014,0.0274725274725275
4,3015,0.038135593220339
4,3023,0.0153846153846154
4,3030,0.0384615384615385
4,3031,0.0373134328358209
4,3046,0.0923076923076923
4,3059,0.045045045045045
4,3076,0.0218978102189781
4,3084,0.0661157024793388
4,3086,0.00961538461538462
4,3091,0.0128205128205128
4,3096,0
4,3105,0.0520833333333333
4,3107,0.018018018018018
4,3108,0.0819672131147541
4,3109,0.0280373831775701
4,3112,0
4,3116,0.01
4,3117,0.03
4,3118,0.087378640776699
4,3126,0.0155038759689922
4,3133,0.0344827586206897
4,3134,0.036697247706422
4,3136,0.162790697674419
4,3140,0
4,3143,0.036697247706422
4,3146,0.0681818181818182
4,3149,0.0145985401459854
4,3151,0.0155440414507772
4,3156,0
4,3166,0.0675675675675676
4,3172,0.0217391304347826
4,3175,0.0793650793650794
4,3186,0.03125
4,3195,0.0056657223796034
4,3196,0.00833333333333333
4,3197,0.0368098159509202
4,3215,0.0610169491525424
4,3229,0.0509259259259259
4,3231,0.0729166666666667
4,3247,0.225
4,3251,0.0575539568345324
4,3256,0.049645390070922
4,3268,0.0454545454545455
4,3270,0.0462962962962963
4,3271,0.0377358490566038
4,3274,0
4,3277,0.123893805309735
4,3280,0.0210526315789474
4,3285,0.00757575757575758
4,3286,0.166666666666667
4,3295,0.0352112676056338
4,3297,0.0131578947368421
4,3300,0.0388349514563107
4,3309,0.0394736842105263
4,3313,0.0352941176470588
4,3322,0.0297029702970297
4,3325,0.0102564102564103
4,3331,0.181818181818182
4,3340,0
4,3346,0.0317460317460317
4,3352,0.0508474576271186
4,3354,0.0383141762452107
4,3357,0
4,3361,0.00613496932515337
4,3370,0.078740157480315
4,3372,0.040650406504065
4,3375,0.0638297872340425
4,3376,0.0163934426229508
4,3387,0.0210084033613445
4,3390,0.0388349514563107
4,3391,0.0361842105263158
4,3392,0
4,3395,0.0363636363636364
4,3396,0.0181818181818182
4,3416,0.038961038961039
4,3417,0
4,3424,0.0336134453781513
4,3426,0.0571428571428571
4,3427,0.0149253731343284
4,3432,0
4,3436,0.0125523012552301
4,3437,0.0933333333333333
4,3441,0.0352941176470588
4,3466,0
4,3472,0.130208333333333
4,3481,0.0782608695652174
4,3485,0.0196078431372549
4,3487,0.0869565217391304
4,3488,0.0189873417721519
4,3494,0.0970873786407767
4,3498,0
4,3511,0.0411985018726592
4,3517,0.0161290322580645
4,3521,0
4,3525,0.0840336134453782
4,3541,0.0266666666666667
4,3543,0.107883817427386
4,3547,0.0223880597014925
4,3554,0.0752688172043011
4,3564,0.0040650406504065
4,3566,0.0174672489082969
4,3571,0.0458715596330275
4,3572,0.0363636363636364
4,3576,0.065359477124183
4,3577,0.0454545454545455
4,3586,0.0234741784037559
4,3594,0.307692307692308
4,3595,0.0454545454545455
4,3596,0.0273972602739726
4,3598,0.0180722891566265
4,3607,0.028169014084507
4,3609,0.0131578947368421
4,3619,0.0198019801980198
4,3622,0.0666666666666667
4,3628,0.00719424460431655
4,3634,0.024390243902439
4,3647,0.0192307692307692
4,3650,0.0609756097560976
4,3651,0.027027027027027
4,3653,0.0149253731343284
4,3655,0.0655737704918033
4,3657,0.05
4,3659,0.0423728813559322
4,3669,0.0930232558139535
4,3672,0.043859649122807
4,3673,0.0526315789473684
4,3674,0.0222222222222222
4,3679,0.040650406504065
4,3681,0.0412371134020619
4,3682,0.0545454545454545
4,3689,0.05
4,3697,0.0174418604651163
4,3699,0.0384615384615385
4,3707,0.106060606060606
4,3710,0.0642201834862385
4,3711,0.0128205128205128
4,3713,0
4,3728,0.0161290322580645
4,3731,0.128
4,3734,0.028169014084507
4,3737,0
4,3746,0.00641025641025641
4,3755,0.114942528735632
4,3765,0
4,3767,0.0843373493975904
4,3769,0.00719424460431655
4,3771,0
4,3774,0.0704225352112676
4,3784,0.0259067357512953
4,3788,0.0526315789473684
4,3789,0.08
4,3790,0.0259067357512953
4,3793,0.00564971751412429
4,3803,0.161538461538462
4,3810,0.00757575757575758
4,3814,0.142857142857143
4,3817,0.00746268656716418
4,3826,0.008
4,3831,0.0344827586206897
4,3854,0.0138888888888889
4,3856,0.0392156862745098
4,3859,0
4,3866,0.0112359550561798
4,3870,0.0806451612903226
4,3873,0
4,3878,0.032520325203252
4,3883,0.00858369098712446
4,3891,0
4,3895,0.0465116279069767
4,3909,0
4,3910,0.0106382978723404
4,3912,0.0121212121212121
4,3915,0.0666666666666667
4,3916,0.0374331550802139
4,3922,0
4,3924,0.0104166666666667
4,3932,0.00469483568075117
4,3933,0.0193548387096774
4,3936,0.00505050505050505
4,3937,0
4,3939,0
4,3942,0.0476190476190476
4,3964,0
4,3978,0.0206611570247934
4,3980,0.0454545454545455
4,3981,0.0117647058823529
4,3983,0.0287769784172662
4,3986,0.0306122448979592
4,3995,0.0350877192982456
4,3997,0.012987012987013
4,3998,0.0169491525423729
4,4004,0.00862068965517241
4,4005,0
4,4009,0
4,4025,0.161290322580645
4,4033,0.266666666666667
4,4034,0.0377358490566038
4,4037,0.0344827586206897
4,4067,0.0101522842639594
4,4075,0.0158730158730159
4,4097,0.0689655172413793
4,4101,0
4,4103,0.0303030303030303
4,4105,0
4,4108,0
4,4111,0
4,4133,0.1
4,4135,0.0555555555555556
4,4140,0.0404040404040404
4,4143,0.005
4,4149,0.0842911877394636
4,4152,0
4,4163,0.0847457627118644
4,4170,0.0531914893617021
4,4172,0.01
4,4177,0.0895522388059701
4,4186,0.02
4,4193,0.00847457627118644
4,4199,0
4,4203,0.0485436893203883
4,4208,0.123076923076923
4,4213,0.0248756218905473
4,4216,0.012987012987013
4,4218,0.0526315789473684
4,4222,0.0365853658536585
4,4244,0.00485436893203883
4,4246,0.0232558139534884
4,4252,0.103658536585366
4,4253,0
4,4259,0.0392156862745098
4,4269,0
4,4270,0
4,4280,0.03125
4,4291,0.0384615384615385
4,4296,0.0380952380952381
4,4303,0.037037037037037
4,4312,0
4,4326,0.0165289256198347
4,4332,0.0714285714285714
4,4339,0.0246913580246914
4,4344,0.032258064516129
4,4348,0.0253807106598985
4,4350,0.0661157024793388
4,4362,0.0350877192982456
4,4363,0.0158730158730159
4,4373,0.032258064516129
4,4376,0.0283018867924528
4,4377,0.109090909090909
4,4378,0.103174603174603
4,4380,0.0287769784172662
4,4383,0
4,4385,0
4,4387,0.0146341463414634
4,4393,0.031055900621118
4,4401,0.0198019801980198
4,4403,0
4,4415,0.0166666666666667
4,4421,0.0854700854700855
4,4422,0.130434782608696
5,1,0.0220994475138122
5,8,0.00537634408602151
5,14,0
5,15,0.0747663551401869
5,25,0.00881057268722467
5,38,0.0612244897959184
5,42,0.0956521739130435
5,44,0
5,47,0.024390243902439
5,48,0.029585798816568
5,58,0.0541666666666667
5,72,0.0149253731343284
5,92,0.0149253731343284
5,96,0.117647058823529
5,101,0
5,133,0.0352112676056338
5,141,0.0983606557377049
5,142,0.0144927536231884
5,147,0.0661764705882353
5,167,0.0898876404494382
5,173,0.0348258706467662
5,178,0.20253164556962
5,179,0.062015503875969
5,180,0.0425531914893617
5,187,0.0333333333333333
5,190,0.0646551724137931
5,197,0.021505376344086
5,203,0.00806451612903226
5,204,0.0128205128205128
5,209,0.0344827586206897
5,210,0.0340136054421769
5,211,0.0091324200913242
5,212,0.0125
5,218,0.0555555555555556
5,223,0.0180722891566265
5,224,0.117647058823529
5,229,0.00636942675159236
5,237,0.0102564102564103
5,244,0.0206185567010309
5,253,0.0120481927710843
5,257,0.03125
5,261,0.139240506329114
5,264,0.0576923076923077
5,267,0.00892857142857143
5,268,0.032520325203252
5,271,0.025
5,277,0.0136986301369863
5,284,0.0116959064327485
5,286,0.105263157894737
5,291,0.0273972602739726
5,293,0
5,295,0.142857142857143
5,298,0.0268817204301075
5,303,0.027027027027027
5,314,0
5,315,0.0769230769230769
5,324,0.0388888888888889
5,327,0.0541871921182266
5,330,0.0261780104712042
5,336,0.0182926829268293
5,343,0
5,349,0.142857142857143
5,360,0.0247524752475248
5,367,0.0392156862745098
5,368,0.0505050505050505
5,371,0.0210526315789474
5,378,0.0228571428571429
5,383,0.0285714285714286
5,389,0.0147058823529412
5,401,0.0305343511450382
5,404,0.0615384615384615
5,406,0
5,409,0.032258064516129
5,410,0.0494505494505494
5,412,0.00418410041841004
5,418,0
5,432,0.0204081632653061
5,433,0.0102739726027397
5,451,0.0677966101694915
5,460,0.0397350993377483
5,462,0.172043010752688
5,463,0
5,466,0.0740740740740741
5,475,0.0340909090909091
5,480,0.0504201680672269
5,482,0.00515463917525773
5,485,0.0735294117647059
5,488,0.0181818181818182
5,493,0.0721649484536082
5,494,0.00598802395209581
5,506,0.113207547169811
5,521,0.0648648648648649
5,522,0.25
5,524,0.0363636363636364
5,533,0.0238095238095238
5,536,0
5,538,0.0135135135135135
5,550,0.00806451612903226
5,551,0.0388349514563107
5,555,0.0388349514563107
5,558,0.036144578313253
5,560,0.10655737704918
5,570,0.0679012345679012
5,582,0.0125
5,583,0.0655737704918033
5,587,0.0454545454545455
5,592,0.0111111111111111
5,605,0.0460526315789474
5,617,0.0459183673469388
5,618,0
5,622,0.037037037037037
5,624,0.0227272727272727
5,630,0.0357142857142857
5,633,0
5,645,0.0336134453781513
5,656,0.0144927536231884
5,657,0.0294117647058824
5,664,0.0529411764705882
5,667,0.0675675675675676
5,676,0.0979381443298969
5,678,0.0865384615384615
5,680,0.115044247787611
5,681,0.0140845070422535
5,684,0.0618556701030928
5,685,0.03125
5,687,0.0676691729323308
5,688,0.0546875
5,690,0.08
5,691,0.0128205128205128
5,692,0.139130434782609
5,697,0.0555555555555556
5,707,0.0666666666666667
5,717,0.0571428571428571
5,720,0.036036036036036
5,725,0.0487804878048781
5,730,0.0228571428571429
5,736,0.0317460317460317
5,738,0
5,746,0.0725806451612903
5,747,0.025
5,748,0.0206896551724138
5,749,0.0166666666666667
5,751,0.027027027027027
5,755,0.0387096774193548
5,764,0.114093959731544
5,771,0.0673076923076923
5,772,0.0179856115107914
5,774,0
5,776,0.0287769784172662
5,779,0.0222222222222222
5,784,0.0775862068965517
5,793,0.0194174757281553
5,803,0.0410958904109589
5,806,0.0535714285714286
5,811,0.0526315789473684
5,814,0.0113636363636364
5,815,0
5,817,0.0344827586206897
5,820,0
5,829,0.0151515151515152
5,832,0
5,834,0.0192307692307692
5,843,0.0534351145038168
5,845,0.01
5,849,0.00735294117647059
5,850,0.0591133004926108
5,854,0.0175438596491228
5,855,0.0132743362831858
5,865,0
5,868,0.13953488372093
5,872,0.0520231213872832
5,874,0.076271186440678
5,876,0.0695187165775401
5,880,0.0335570469798658
5,882,0.0102564102564103
5,884,0.0167364016736402
5,893,0.0606060606060606
5,895,0.0161290322580645
5,896,0.00432900432900433
5,900,0.0263157894736842
5,905,0.032258064516129
5,921,0.185185185185185
5,929,0.0420560747663551
5,939,0.0238095238095238
5,940,0.0181818181818182
5,946,0.0441176470588235
5,948,0
5,949,0
5,954,0
5,960,0
5,969,0.0625
5,973,0.0459770114942529
5,974,0.0986394557823129
5,984,0.0078740157480315
5,989,0.0104166666666667
5,993,0
5,1001,0.0420168067226891
5,1002,0.0256410256410256
5,1009,0.0309278350515464
5,1010,0.0701754385964912
5,1014,0.0265486725663717
5,1017,0.25
5,1019,0.0641025641025641
5,1024,0.0681818181818182
5,1025,0.0262008733624454
5,1026,0.0355329949238579
5,1027,0.0983606557377049
5,1033,0.0365296803652968
5,1038,0.0843373493975904
5,1045,0
5,1047,0.0138888888888889
5,1048,0.0952380952380952
5,1051,0.0842696629213483
5,1065,0.0256410256410256
5,1068,0.0131578947368421
5,1077,0.0157068062827225
5,1083,0.032258064516129
5,1102,0.0735294117647059
5,1106,0
5,1113,0.0740740740740741
5,1115,0.136842105263158
5,1119,0.0166666666666667
5,1125,0.0285714285714286
5,1131,0.0487804878048781
5,1134,0.04
5,1135,0
5,1142,0.0660377358490566
5,1143,0.00280898876404494
5,1146,0.111111111111111
5,1153,0.0114285714285714
5,1161,0.0593220338983051
5,1162,0.0934065934065934
5,1174,0
5,1178,0.0704225352112676
5,1182,0.0598290598290598
5,1189,0.0590909090909091
5,1190,0.010752688172043
5,1206,0.0443349753694581
5,1207,0.0283018867924528
5,1218,0.0535714285714286
5,1233,0.06
5,1238,0.0373831775700935
5,1252,0.0147058823529412
5,1255,0.078125
5,1264,0.0785714285714286
5,1266,0
5,1277,0
5,1278,0
5,1284,0.0555555555555556
5,1290,0.111111111111111
5,1306,0.0358744394618834
5,1307,0.00632911392405063
5,1330,0.0806451612903226
5,1369,0.0303030303030303
5,1383,0.00847457627118644
5,1389,0.0571428571428571
5,1398,0.0480349344978166
5,1406,0
5,1410,0.00925925925925926
5,1415,0.015625
5,1420,0.0568181818181818
5,1429,0.0508474576271186
5,1434,0.0777777777777778
5,1441,0.0966183574879227
5,1443,0.00609756097560976
5,1449,0.0742574257425743
5,1460,0.0492424242424242
5,1478,0.0228310502283105
5,1485,0.0412371134020619
5,1486,0.0307692307692308
5,1489,0.0416666666666667
5,1513,0.0286624203821656
5,1515,0.00680272108843537
5,1519,0.00961538461538462
5,1523,0.0099009900990099
5,1524,0.0158102766798419
5,1534,0.031413612565445
5,1537,0
5,1544,0
5,1548,0
5,1557,0.0434782608695652
5,1563,0.00746268656716418
5,1567,0.0967741935483871
5,1568,0.0303030303030303
5,1573,0.0606060606060606
5,1574,0.00390625
5,1581,0.0793650793650794
5,1583,0.015625
5,1584,0.01
5,1587,0.0886075949367089
5,1588,0.00943396226415094
5,1592,0.0297619047619048
5,1597,0.0886075949367089
5,1600,0.0912863070539419
5,1615,0.0214285714285714
5,1617,0.0606060606060606
5,1632,0.00442477876106195
5,1633,0.0390804597701149
5,1637,0.0551181102362205
5,1639,0.05
5,1643,0.162162162162162
5,1646,0.0584795321637427
5,1652,0.0234741784037559
5,1672,0.036036036036036
5,1681,0.0351906158357771
5,1704,0.0689655172413793
5,1728,0.0170940170940171
5,1736,0.0196078431372549
5,1737,0.035
5,1743,0.0432692307692308
5,1758,0.0476190476190476
5,1759,0.0319148936170213
5,1782,0.0212765957446809
5,1784,0.0196078431372549
5,1821,0.0283687943262411
5,1825,0.0272108843537415
5,1827,0.0165745856353591
5,1848,0.015625
5,1853,0.025
5,1859,0.0595238095238095
5,1868,0
5,1871,0.0714285714285714
5,1875,0
5,1882,0.0285714285714286
5,1900,0
5,1901,0.0269058295964126
5,1914,0.0416666666666667
5,1926,0.0203045685279188
5,1930,0.0265957446808511
5,1931,0.0273972602739726
5,1932,0.100558659217877
5,1940,0.0212765957446809
5,1945,0.0266666666666667
5,1948,0.00769230769230769
5,1957,0.0833333333333333
5,1968,0.024390243902439
5,1978,0
5,1980,0.0266666666666667
5,1986,0.0648148148148148
5,1990,0.0478468899521531
5,1991,0.042654028436019
5,1994,0.05
5,1995,0.0625
5,1997,0.0233918128654971
5,2022,0.108108108108108
5,2028,0.0280373831775701
5,2030,0.024
5,2039,0.024390243902439
5,2049,0.040983606557377
5,2058,0.106796116504854
5,2077,0.0789473684210526
5,2078,0.130434782608696
5,2079,0.0406976744186047
5,2080,0.0454545454545455
5,2085,0
5,2087,0.0204081632653061
5,2088,0.0196078431372549
5,2090,0.024
5,2091,0.0434782608695652
5,2093,0.0416666666666667
5,2101,0.142857142857143
5,2112,0.036144578313253
5,2127,0.00657894736842105
5,2129,0.0160427807486631
5,2133,0.00740740740740741
5,2135,0.0166666666666667
5,2137,0.0365853658536585
5,2140,0.0304878048780488
5,2143,0.0769230769230769
5,2146,0
5,2150,0.0223880597014925
5,2151,0.024390243902439
5,2158,0.0169491525423729
5,2172,0.0634920634920635
5,2175,0.0441176470588235
5,2177,0.0115830115830116
5,2183,0.0359281437125748
5,2189,0.0285714285714286
5,2191,0.0773480662983425
5,2195,0
5,2197,0.0941176470588235
5,2208,0.027027027027027
5,2209,0.08
5,2213,0.0714285714285714
5,2214,0.0377358490566038
5,2215,0.00709219858156028
5,2220,0.0707964601769911
5,2221,0.0540540540540541
5,2222,0
5,2229,0.00884955752212389
5,2238,0.0116959064327485
5,2250,0
5,2254,0.0637254901960784
5,2262,0.0147058823529412
5,2268,0.0201005025125628
5,2271,0.0567375886524823
5,2272,0.0857142857142857
5,2273,0.0208333333333333
5,2274,0.101694915254237
5,2284,0.0810810810810811
5,2287,0.0647482014388489
5,2297,0.0733333333333333
5,2300,0.102040816326531
5,2309,0.0833333333333333
5,2319,0.0285714285714286
5,2320,0.0874125874125874
5,2324,0.0401606425702811
5,2332,0.0240963855421687
5,2335,0.0380952380952381
5,2345,0.0176678445229682
5,2348,0.0571428571428571
5,2352,0.0476190476190476
5,2354,0.0352941176470588
5,2356,0.0540540540540541
5,2358,0.15606936416185
5,2361,0.123595505617978
5,2365,0.0266666666666667
5,2372,0.136363636363636
5,2377,0.0235294117647059
5,2379,0.0892857142857143
5,2391,0.0335195530726257
5,2396,0.0111111111111111
5,2405,0
5,2407,0.0172413793103448
5,2408,0
5,2419,0
5,2425,0.06
5,2426,0.025974025974026
5,2435,0.0185185185185185
5,2452,0.0387931034482759
5,2454,0.0277777777777778
5,2455,0.0580204778156997
5,2456,0.0204081632653061
5,2457,0.031055900621118
5,2464,0
5,2469,0.0191387559808612
5,2470,0.0815217391304348
5,2473,0.0546875
5,2478,0.0848484848484849
5,2482,0.0196078431372549
5,2487,0.0602409638554217
5,2488,0.0204081632653061
5,2490,0.0571428571428571
5,2495,0.0769230769230769
5,2502,0.0495049504950495
5,2504,0.0169491525423729
5,2505,0.0230769230769231
5,2508,0.0131578947368421
5,2513,0.0537634408602151
5,2516,0.0134228187919463
5,2524,0.0333333333333333
5,2527,0.0116959064327485
5,2529,0
5,2531,0.0666666666666667
5,2533,0.111111111111111
5,2534,0.0175438596491228
5,2538,0.0463576158940397
5,2539,0.0423728813559322
5,2543,0
5,2545,0.0792079207920792
5,2558,0.0579710144927536
5,2559,0.00970873786407767
5,2560,0.0521327014218009
5,2561,0.028169014084507
5,2567,0.032258064516129
5,2570,0
5,2572,0.0394736842105263
5,2578,0
5,2580,0.0625
5,2582,0.0581395348837209
5,2584,0.0410958904109589
5,2592,0.0189873417721519
5,2595,0.00947867298578199
5,2602,0.0117647058823529
5,2604,0
5,2608,0.0277777777777778
5,2616,0.037037037037037
5,2621,0.133333333333333
5,2631,0.0714285714285714
5,2633,0.0813953488372093
5,2639,0.0465116279069767
5,2646,0.0638297872340425
5,2656,0.08
5,2658,0.0365853658536585
5,2664,0.232558139534884
5,2669,0.0416666666666667
5,2675,0.00854700854700855
5,2687,0.031055900621118
5,2693,0
5,2695,0.03
5,2704,0.0134529147982063
5,2706,0.0510948905109489
5,2709,0.036144578313253
5,2714,0.020979020979021
5,2715,0.0294117647058824
5,2716,0.0454545454545455
5,2739,0
5,2745,0.0555555555555556
5,2748,0.040650406504065
5,2757,0.01
5,2758,0.146666666666667
5,2760,0
5,2763,0.0159362549800797
5,2771,0.152173913043478
5,2772,0.0136986301369863
5,2775,0.0147058823529412
5,2782,0.04
5,2788,0.0222222222222222
5,2791,0.0476190476190476
5,2796,0.0337837837837838
5,2797,0.0303030303030303
5,2809,0.0294117647058824
5,2811,0.0478723404255319
5,2815,0.0229357798165138
5,2817,0
5,2830,0.037037037037037
5,2837,0.0217391304347826
5,2841,0
5,2848,0.0062111801242236
5,2849,0
5,2861,0.0454545454545455
5,2862,0.117647058823529
5,2880,0.104347826086957
5,2885,0.00884955752212389
5,2890,0.036144578313253
5,2900,0.0654205607476635
5,2909,0.0974576271186441
5,2912,0.0140845070422535
5,2922,0.152941176470588
5,2924,0.0294117647058824
5,2927,0.0265486725663717
5,2928,0.116751269035533
5,2935,0.0567375886524823
5,2936,0.0520833333333333
5,2941,0.026431718061674
5,2958,0.0735294117647059
5,2961,0.0833333333333333
5,2965,0.235955056179775
5,2966,0
5,2968,0
5,2972,0.031496062992126
5,2975,0.0232558139534884
5,2977,0.0526315789473684
5,2980,0.0251572327044025
5,2986,0.0125
5,2989,0.0666666666666667
5,2991,0.0444444444444444
5,2994,0.0192307692307692
5,2998,0.00970873786407767
5,3005,0
5,3017,0.03125
5,3022,0.0701754385964912
5,3041,0.0364583333333333
5,3045,0.0187793427230047
5,3050,0.0230769230769231
5,3054,0.0432432432432432
5,3056,0.0106761565836299
5,3064,0.0777777777777778
5,3067,0.00555555555555556
5,3073,0
5,3075,0.0743801652892562
5,3077,0.102409638554217
5,3078,0.125
5,3079,0.051063829787234
5,3090,0
5,3094,0.223684210526316
5,3097,0.00617283950617284
5,3098,0.0625
5,3122,0.00869565217391304
5,3123,0.0545454545454545
5,3130,0.0491803278688525
5,3131,0.0196078431372549
5,3145,0.0428571428571429
5,3159,0.0637450199203187
5,3165,0.135135135135135
5,3167,0.00719424460431655
5,3168,0.0186915887850467
5,3184,0.0511363636363636
5,3192,0.024390243902439
5,3198,0
5,3200,0.149253731343284
5,3201,0.0256410256410256
5,3203,0.0813953488372093
5,3206,0.0476190476190476
5,3211,0
5,3213,0.0467836257309941
5,3214,0.0119047619047619
5,3224,0.0952380952380952
5,3225,0.0721153846153846
5,3227,0.0476190476190476
5,3233,0.0754716981132075
5,3237,0.0490196078431373
5,3240,0.117647058823529
5,3248,0.0625
5,3261,0.0769230769230769
5,3262,0.05
5,3263,0.0393700787401575
5,3265,0
5,3278,0.0326797385620915
5,3281,0.0208333333333333
5,3282,0.131578947368421
5,3283,0.0285714285714286
5,3284,0
5,3287,0.0103092783505155
5,3299,0.0152091254752852
5,3305,0.037037037037037
5,3308,0.0239234449760766
5,3310,0.005
5,3312,0.0103092783505155
5,3326,0.025531914893617
5,3327,0.008
5,3329,0.0775862068965517
5,3334,0.0471204188481675
5,3337,0.024390243902439
5,3342,0.0681818181818182
5,3347,0
5,3349,0.0208333333333333
5,3355,0.0303030303030303
5,3358,0
5,3365,0.0637254901960784
5,3378,0.025974025974026
5,3385,0.0197368421052632
5,3394,0.0142857142857143
5,3397,0.036697247706422
5,3408,0
5,3412,0.037037037037037
5,3429,0.062111801242236
5,3430,0.0375
5,3439,0.0693069306930693
5,3440,0.032520325203252
5,3444,0
5,3457,0.167721518987342
5,3462,0.0300751879699248
5,3467,0.0454545454545455
5,3471,0.114583333333333
5,3476,0.032258064516129
5,3479,0.0679611650485437
5,3489,0.0144927536231884
5,3491,0.0566037735849057
5,3493,0.0431034482758621
5,3495,0.047244094488189
5,3503,0.0512820512820513
5,3504,0.0102564102564103
5,3507,0.0459770114942529
5,3510,0.0564971751412429
5,3512,0.00236406619385343
5,3519,0.0384615384615385
5,3524,0.0217391304347826
5,3528,0.00571428571428571
5,3535,0.024390243902439
5,3537,0.166666666666667
5,3542,0.0212765957446809
5,3545,0.0143884892086331
5,3551,0.0473933649289099
5,3553,0.021978021978022
5,3555,0.0259433962264151
5,3563,0.176470588235294
5,3565,0.0153846153846154
5,3569,0.0263157894736842
5,3584,0
5,3585,0.0545454545454545
5,3592,0.0506329113924051
5,3597,0.0359281437125748
5,3610,0
5,3612,0.0409356725146199
5,3613,0.0776699029126214
5,3614,0.0431034482758621
5,3630,0.033112582781457
5,3636,0.0491803278688525
5,3639,0.0390625
5,3640,0.0963855421686747
5,3641,0.0214285714285714
5,3663,0.0702702702702703
5,3670,0.0441176470588235
5,3686,0.118918918918919
5,3691,0.027972027972028
5,3698,0.0606060606060606
5,3702,0.004739336492891
5,3704,0.0105263157894737
5,3706,0.0218978102189781
5,3709,0.0297029702970297
5,3712,0.0149253731343284
5,3714,0.0273972602739726
5,3715,0.0277777777777778
5,3723,0.0471204188481675
5,3724,0.018058690744921
5,3727,0.0402298850574713
5,3730,0.0691823899371069
5,3754,0.0756302521008403
5,3758,0.0692307692307692
5,3768,0.0106382978723404
5,3777,0.144
5,3781,0.0497512437810945
5,3800,0.00793650793650794
5,3808,0.0638297872340425
5,3819,0.0181818181818182
5,3821,0.0111111111111111
5,3830,0.0175438596491228
5,3835,0.0892857142857143
5,3838,0.0099009900990099
5,3843,0.0377358490566038
5,3845,0.0386740331491713
5,3846,0.0434782608695652
5,3848,0.0614754098360656
5,3865,0.0285714285714286
5,3869,0.0353982300884956
5,3871,0
5,3876,0.10989010989011
5,3877,0.0526315789473684
5,3888,0.0344827586206897
5,3892,0.00970873786407767
5,3896,0.0326797385620915
5,3902,0.0119047619047619
5,3913,0.0416666666666667
5,3918,0.0263157894736842
5,3921,0.0147058823529412
5,3947,0.0277777777777778
5,3948,0.0236486486486486
5,3952,0.032258064516129
5,3971,0.117977528089888
5,3973,0.0168067226890756
5,3976,0.2
5,3991,0.107142857142857
5,4002,0.0147058823529412
5,4011,0.0819672131147541
5,4017,0.00671140939597315
5,4022,0.166666666666667
5,4023,0.15
5,4031,0.0416666666666667
5,4040,0.085427135678392
5,4043,0.0196078431372549
5,4049,0.0612244897959184
5,4056,0.108108108108108
5,4061,0.00632911392405063
5,4066,0.0689655172413793
5,4069,0.0451977401129944
5,4077,0.0864197530864197
5,4080,0.0621468926553672
5,4084,0.0149253731343284
5,4088,0.032258064516129
5,4093,0.0318471337579618
5,4095,0.103896103896104
5,4104,0.153846153846154
5,4112,0.0192307692307692
5,4114,0.00531914893617021
5,4116,0.0298507462686567
5,4119,0.0158730158730159
5,4123,0.115577889447236
5,4126,0.0108695652173913
5,4129,0.0851063829787234
5,4137,0.0615384615384615
5,4139,0.131868131868132
5,4144,0.032258064516129
5,4146,0.0454545454545455
5,4153,0.0673758865248227
5,4155,0.0731707317073171
5,4156,0.0555555555555556
5,4162,0.0222222222222222
5,4169,0.0784313725490196
5,4171,0.0307692307692308
5,4173,0.0840336134453782
5,4178,0.0421052631578947
5,4181,0.0671641791044776
5,4185,0.211538461538462
5,4188,0.0381679389312977
5,4189,0.018348623853211
5,4191,0.1
5,4205,0.051948051948052
5,4210,0.0769230769230769
5,4212,0.115942028985507
5,4219,0.02
5,4220,0.0588235294117647
5,4231,0.00680272108843537
5,4234,0.024390243902439
5,4245,0.106060606060606
5,4250,0.0588235294117647
5,4255,0.0606741573033708
5,4263,0.0240963855421687
5,4267,0.0423728813559322
5,4271,0.0434782608695652
5,4275,0.0460526315789474
5,4278,0.0365853658536585
5,4281,0.0344827586206897
5,4287,0.0583657587548638
5,4293,0.0192307692307692
5,4295,0.0327868852459016
5,4300,0.0909090909090909
5,4301,0.0727272727272727
5,4308,0.0181818181818182
5,4336,0.0829015544041451
5,4337,0.02
5,4341,0.0571428571428571
5,4346,0.06
5,4354,0.0692640692640693
5,4356,0.00840336134453781
5,4368,0
5,4370,0.128205128205128
5,4379,0.00571428571428571
5,4388,0.127659574468085
5,4392,0
5,4414,0.0629370629370629
5,4417,0.140740740740741
6,2,0.0233644859813084
6,9,0.00636942675159236
6,57,0.0315789473684211
6,67,0.00977198697068404
6,86,0.0810810810810811
6,88,0.025531914893617
6,95,0.0514018691588785
6,110,0.0852713178294574
6,114,0.0917431192660551
6,126,0.19047619047619
6,129,0.0265486725663717
6,135,0.0736842105263158
6,136,0.064
6,144,0.0675675675675676
6,150,0.0661764705882353
6,151,0.0740740740740741
6,155,0.0507246376811594
6,161,0.0357142857142857
6,171,0.0258620689655172
6,182,0.0916030534351145
6,185,0.0369230769230769
6,189,0.0703125
6,198,0.0205479452054795
6,201,0.018348623853211
6,216,0.05
6,231,0.0232558139534884
6,232,0.0522875816993464
6,242,0.0909090909090909
6,248,0.0645161290322581
6,259,0.0113636363636364
6,266,0.0681003584229391
6,270,0.0564102564102564
6,276,0.0738255033557047
6,279,0.024390243902439
6,282,0.031413612565445
6,287,0.0467836257309941
6,288,0.0139720558882236
6,290,0.0236686390532544
6,300,0.0684931506849315
6,306,0.0625
6,322,0.0217391304347826
6,331,0.0202020202020202
6,342,0.06
6,344,0.0387596899224806
6,348,0.0714285714285714
6,350,0
6,358,0
6,362,0.0472972972972973
6,364,0.0526315789473684
6,393,0.0260869565217391
6,395,0.075
6,400,0.0102564102564103
6,411,0.111111111111111
6,415,0.010752688172043
6,436,0.038961038961039
6,455,0.0535714285714286
6,458,0
6,461,0.0169491525423729
6,481,0.027027027027027
6,495,0
6,498,0.0340909090909091
6,499,0.0503597122302158
6,515,0.0985915492957746
6,523,0.0346534653465347
6,543,0.0558375634517767
6,546,0.0263157894736842
6,564,0.0909090909090909
6,574,0.0681818181818182
6,595,0.031496062992126
6,602,0.0338983050847458
6,611,0.0408163265306122
6,623,0.0606060606060606
6,628,0.185185185185185
6,632,0.0645161290322581
6,639,0
6,641,0.0823529411764706
6,649,0.0434782608695652
6,660,0.0538461538461538
6,670,0.0120481927710843
6,675,0.0298507462686567
6,689,0.0828402366863905
6,715,0.0263157894736842
6,718,0.0479041916167665
6,721,0.154929577464789
6,732,0.0229885057471264
6,737,0.0836236933797909
6,743,0.032520325203252
6,744,0.0124223602484472
6,759,0.115830115830116
6,763,0.0253164556962025
6,765,0.0588235294117647
6,775,0.0357142857142857
6,783,0.0875
6,787,0.0344827586206897
6,796,0.0529100529100529
6,797,0.0568181818181818
6,805,0.0503597122302158
6,807,0.0355029585798817
6,808,0.135802469135802
6,810,0
6,818,0.0371900826446281
6,822,0.0384615384615385
6,823,0.0208333333333333
6,827,0.032258064516129
6,842,0.0903954802259887
6,846,0.146551724137931
6,863,0.0393700787401575
6,864,0.0136054421768707
6,869,0.159420289855072
6,879,0.0174418604651163
6,881,0.205128205128205
6,887,0.016304347826087
6,891,0.00826446280991736
6,892,0.0103092783505155
6,894,0.0603448275862069
6,914,0.08
6,918,0.037593984962406
6,926,0.0298507462686567
6,931,0.0307692307692308
6,934,0.0606060606060606
6,935,0.0238095238095238
6,936,0.019047619047619
6,951,0.00689655172413793
6,952,0
6,957,0.0520833333333333
6,959,0.032258064516129
6,963,0.0540540540540541
6,970,0.0454545454545455
6,983,0.0934579439252336
6,991,0.0264900662251656
6,994,0.0227272727272727
6,1000,0.05
6,1003,0.0217391304347826
6,1004,0.202702702702703
6,1007,0.0779661016949153
6,1008,0.0222222222222222
6,1012,0.0161290322580645
6,1035,0.0444444444444444
6,1052,0.0666666666666667
6,1067,0.0192307692307692
6,1069,0.027027027027027
6,1071,0.0639269406392694
6,1081,0.0467289719626168
6,1093,0.0885608856088561
6,1094,0.0714285714285714
6,1117,0.0653266331658292
6,1127,0
6,1137,0.0075187969924812
6,1147,0
6,1168,0.0833333333333333
6,1177,0.075
6,1199,0.0204081632653061
6,1211,0.0346820809248555
6,1212,0.029585798816568
6,1215,0.0425531914893617
6,1234,0.0723684210526316
6,1235,0.0416666666666667
6,1246,0.024390243902439
6,1251,0.0743801652892562
6,1280,0.0617283950617284
6,1296,0.0459770114942529
6,1298,0.0463917525773196
6,1299,0.121794871794872
6,1309,0.0609756097560976
6,1319,0.0758620689655172
6,1333,0.00714285714285714
6,1338,0.0515463917525773
6,1341,0.133333333333333
6,1343,0.152777777777778
6,1361,0.078125
6,1364,0.0392156862745098
6,1372,0
6,1377,0.027027027027027
6,1391,0.0138888888888889
6,1404,0.0760233918128655
6,1416,0.00740740740740741
6,1421,0.0421686746987952
6,1431,0.0981132075471698
6,1446,0.0111111111111111
6,1450,0.082089552238806
6,1453,0.015625
6,1465,0.08
6,1476,0.0704225352112676
6,1488,0.078740157480315
6,1499,0.0256410256410256
6,1503,0.0555555555555556
6,1506,0.0683229813664596
6,1508,0.0262008733624454
6,1516,0.0133333333333333
6,1517,0.0534351145038168
6,1528,0.0786516853932584
6,1545,0.0892857142857143
6,1553,0.0330188679245283
6,1554,0.0810810810810811
6,1559,0.0578512396694215
6,1571,0.00862068965517241
6,1590,0.0208333333333333
6,1595,0.0490196078431373
6,1606,0.120689655172414
6,1610,0.2
6,1611,0.105726872246696
6,1613,0.121951219512195
6,1618,0.0206185567010309
6,1621,0.0882352941176471
6,1622,0.027906976744186
6,1629,0.0372492836676218
6,1647,0.032258064516129
6,1650,0.0422077922077922
6,1655,0.024
6,1682,0.13265306122449
6,1687,0.0371747211895911
6,1691,0.0227272727272727
6,1706,0.0655737704918033
6,1712,0.0588235294117647
6,1720,0.0375586854460094
6,1726,0.0304568527918782
6,1729,0.03584229390681
6,1735,0.1
6,1740,0.145038167938931
6,1745,0.0216606498194946
6,1747,0.0571428571428571
6,1750,0.0642857142857143
6,1753,0.0333333333333333
6,1795,0.0175438596491228
6,1796,0.0487804878048781
6,1816,0.109375
6,1828,0
6,1831,0.0136986301369863
6,1833,0.0277777777777778
6,1836,0.0470588235294118
6,1857,0.0128205128205128
6,1863,0.0638297872340425
6,1877,0.0681818181818182
6,1880,0.242718446601942
6,1881,0.0170454545454545
6,1884,0.0522388059701493
6,1890,0.0099009900990099
6,1891,0.1
6,1893,0.0458015267175573
6,1896,0.0581395348837209
6,1904,0.0909090909090909
6,1910,0.0956937799043062
6,1920,0.0538461538461538
6,1933,0.037037037037037
6,1934,0.0311750599520384
6,1939,0.1
6,1941,0.0948275862068965
6,1958,0.010989010989011
6,1962,0.0104712041884817
6,1963,0.0697674418604651
6,1965,0
6,1973,0.0643564356435644
6,1977,0.0308166409861325
6,1979,0.0280898876404494
6,1983,0.166666666666667
6,1985,0.0220264317180617
6,1996,0.0786516853932584
6,2005,0.0625
6,2006,0.238805970149254
6,2027,0.0408163265306122
6,2032,0.0531914893617021
6,2033,0.231481481481481
6,2044,0.0233463035019455
6,2051,0
6,2054,0.0769230769230769
6,2063,0.166666666666667
6,2065,0.0522875816993464
6,2094,0.2
6,2097,0.0591715976331361
6,2099,0.0588235294117647
6,2117,0.0193548387096774
6,2123,0.0357142857142857
6,2124,0.0401606425702811
6,2132,0.0571428571428571
6,2138,0.0234741784037559
6,2141,0.0588235294117647
6,2145,0.0177514792899408
6,2149,0.106382978723404
6,2153,0.0298507462686567
6,2154,0.015625
6,2157,0
6,2160,0.0303030303030303
6,2173,0.0198019801980198
6,2192,0.0888888888888889
6,2194,0.0188679245283019
6,2206,0.108333333333333
6,2207,0.0307017543859649
6,2217,0.0721153846153846
6,2236,0.004739336492891
6,2240,0.0121212121212121
6,2244,0.0163934426229508
6,2247,0.0373831775700935
6,2256,0.12962962962963
6,2264,0.0549450549450549
6,2276,0.106280193236715
6,2278,0
6,2288,0.0857142857142857
6,2293,0.0431654676258993
6,2296,0.0130718954248366
6,2298,0.0570469798657718
6,2299,0.0233918128654971
6,2301,0.144927536231884
6,2302,0.0290322580645161
6,2323,0.0810810810810811
6,2327,0.0943396226415094
6,2328,0.113475177304965
6,2337,0.0797101449275362
6,2339,0.105882352941176
6,2340,0
6,2344,0.0307692307692308
6,2346,0.0555555555555556
6,2351,0.0780141843971631
6,2353,0.111111111111111
6,2360,0.0757575757575758
6,2362,0.0492957746478873
6,2363,0.0461538461538462
6,2368,0.12565445026178
6,2374,0
6,2383,0.0246913580246914
6,2384,0.0686274509803922
6,2388,0.0396039603960396
6,2394,0.196428571428571
6,2410,0.0103626943005181
6,2417,0.104
6,2434,0.107692307692308
6,2437,0.0110497237569061
6,2441,0.0116279069767442
6,2462,0.129032258064516
6,2500,0.0808823529411765
6,2506,0.034965034965035
6,2511,0.114754098360656
6,2523,0.102040816326531
6,2525,0.0476190476190476
6,2535,0
6,2542,0.00515463917525773
6,2544,0.0469798657718121
6,2546,0.00699300699300699
6,2553,0.194444444444444
6,2562,0.0397727272727273
6,2563,0.0405405405405405
6,2564,0
6,2576,0
6,2589,0.00943396226415094
6,2601,0.0213675213675214
6,2603,0.155844155844156
6,2609,0.121359223300971
6,2611,0.0596026490066225
6,2613,0.0292397660818713
6,2618,0.0176056338028169
6,2625,0.131578947368421
6,2627,0.0342679127725857
6,2632,0.040983606557377
6,2636,0.06
6,2648,0.0545454545454545
6,2651,0.0737704918032787
6,2655,0.0316455696202532
6,2660,0.0858369098712446
6,2666,0
6,2670,0.0381679389312977
6,2672,0.0229007633587786
6,2673,0.0776699029126214
6,2677,0.0434782608695652
6,2678,0.0505050505050505
6,2686,0.0476190476190476
6,2688,0.136986301369863
6,2689,0.0769230769230769
6,2699,0.0204081632653061
6,2705,0
6,2713,0.0224719101123595
6,2719,0
6,2720,0.0625
6,2722,0.0666666666666667
6,2730,0.0416666666666667
6,2732,0
6,2734,0.0474452554744526
6,2735,0.0224215246636771
6,2737,0.0962566844919786
6,2742,0.0173410404624277
6,2761,0.0829268292682927
6,2769,0.0142857142857143
6,2776,0.0350877192982456
6,2779,0.0758928571428571
6,2781,0.0136986301369863
6,2792,0.0625
6,2793,0.0371517027863777
6,2802,0
6,2807,0.037037037037037
6,2824,0.0371747211895911
6,2828,0.0336134453781513
6,2845,0.0476190476190476
6,2847,0.0699300699300699
6,2852,0.055045871559633
6,2853,0.0416666666666667
6,2863,0.0533333333333333
6,2875,0.038961038961039
6,2879,0.0558139534883721
6,2889,0.00558659217877095
6,2906,0
6,2907,0.0102564102564103
6,2914,0.130434782608696
6,2929,0.155555555555556
6,2940,0.0223214285714286
6,2953,0.025974025974026
6,2964,0.0228571428571429
6,2970,0.0173913043478261
6,2971,0.0551181102362205
6,2978,0.100671140939597
6,2982,0.0149253731343284
6,2988,0.08
6,2990,0.0833333333333333
6,2992,0.00847457627118644
6,2993,0
6,2995,0.0970873786407767
6,3009,0.021505376344086
6,3010,0.0857142857142857
6,3018,0.0216216216216216
6,3032,0.0352941176470588
6,3033,0.166666666666667
6,3042,0
6,3044,0.102040816326531
6,3055,0.0569105691056911
6,3058,0.137254901960784
6,3060,0.0229885057471264
6,3062,0.0579710144927536
6,3063,0.0388349514563107
6,3093,0.0546875
6,3100,0.0952380952380952
6,3104,0.0476190476190476
6,3119,0.0175438596491228
6,3132,0.0222222222222222
6,3142,0.0471976401179941
6,3153,0
6,3154,0.0811688311688312
6,3155,0.0197368421052632
6,3161,0.0359712230215827
6,3162,0.0229885057471264
6,3163,0.121621621621622
6,3164,0.0422535211267606
6,3171,0.133928571428571
6,3173,0.0611353711790393
6,3174,0.170731707317073
6,3177,0.0158730158730159
6,3178,0.0568181818181818
6,3180,0.0603015075376884
6,3188,0.0666666666666667
6,3199,0.0303030303030303
6,3217,0.0229885057471264
6,3219,0.0193548387096774
6,3222,0.0163934426229508
6,3228,0.0657894736842105
6,3230,0.0350877192982456
6,3232,0.0809716599190283
6,3234,0.0617283950617284
6,3244,0.0909090909090909
6,3246,0.0318725099601594
6,3253,0.0859106529209622
6,3254,0.0294117647058824
6,3269,0
6,3275,0.0287769784172662
6,3279,0.0547945205479452
6,3290,0.0194552529182879
6,3292,0.254237288135593
6,3301,0.0432098765432099
6,3311,0.0421686746987952
6,3315,0.113636363636364
6,3318,0
6,3319,0.1
6,3320,0.0690789473684211
6,3323,0.0116279069767442
6,3332,0.0366492146596859
6,3335,0.0267857142857143
6,3338,0.0445544554455446
6,3339,0.0163934426229508
6,3343,0.0931372549019608
6,3350,0.0319148936170213
6,3353,0.0361842105263158
6,3359,0.0378787878787879
6,3360,0.0761904761904762
6,3362,0.0714285714285714
6,3363,0.0183150183150183
6,3371,0.0357142857142857
6,3373,0.056
6,3383,0.037037037037037
6,3388,0.0301204819277108
6,3393,0.129032258064516
6,3399,0
6,3400,0.0153061224489796
6,3406,0.029940119760479
6,3409,0.0483870967741935
6,3413,0.121951219512195
6,3419,0.0588235294117647
6,3421,0
6,3425,0.0555555555555556
6,3428,0.0732984293193717
6,3433,0.0217391304347826
6,3443,0.0333333333333333
6,3456,0.0298507462686567
6,3459,0
6,3461,0.0476190476190476
6,3465,0.0632911392405063
6,3469,0.0638297872340425
6,3473,0.0104712041884817
6,3483,0.0641025641025641
6,3499,0.0441176470588235
6,3508,0.0385756676557863
6,3509,0.0103092783505155
6,3513,0.0454545454545455
6,3515,0.0588235294117647
6,3520,0
6,3523,0.043956043956044
6,3533,0
6,3550,0.121951219512195
6,3556,0.0347222222222222
6,3557,0.0752688172043011
6,3559,0.0802919708029197
6,3561,0.013986013986014
6,3575,0.0363636363636364
6,3590,0.08
6,3624,0.0833333333333333
6,3632,0.00649350649350649
6,3638,0.0208333333333333
6,3645,0.0606060606060606
6,3648,0.0305343511450382
6,3658,0.010752688172043
6,3665,0.0420168067226891
6,3690,0.0533333333333333
6,3693,0.04375
6,3705,0.0228571428571429
6,3717,0.0273972602739726
6,3718,0.0111111111111111
6,3719,0.0105263157894737
6,3720,0.028169014084507
6,3726,0.102040816326531
6,3729,0.037037037037037
6,3732,0.0337837837837838
6,3741,0.0230414746543779
6,3742,0.0970873786407767
6,3743,0.0363636363636364
6,3749,0.0268817204301075
6,3785,0.03
6,3795,0.129032258064516
6,3820,0
6,3842,0.0743801652892562
6,3847,0.0138888888888889
6,3849,0.0508474576271186
6,3852,0.0222222222222222
6,3853,0.0735930735930736
6,3857,0.0566037735849057
6,3881,0.0434782608695652
6,3886,0.0451127819548872
6,3889,0.01875
6,3901,0
6,3906,0.0689655172413793
6,3907,0.020979020979021
6,3914,0.0166666666666667
6,3923,0.166666666666667
6,3926,0.164948453608247
6,3944,0.0694444444444444
6,3954,0.0588235294117647
6,3968,0.0227272727272727
6,3972,0.147540983606557
6,3974,0.0382165605095541
6,3975,0.0236220472440945
6,3977,0.0717703349282297
6,3982,0.0714285714285714
6,3984,0.00970873786407767
6,3990,0
6,4000,0.0540540540540541
6,4001,0.165217391304348
6,4003,0.0774193548387097
6,4007,0.12
6,4013,0.0470588235294118
6,4016,0.0217391304347826
6,4019,0.0687960687960688
6,4020,0.00934579439252336
6,4035,0.0633484162895928
6,4039,0.0135746606334842
6,4045,0.0306122448979592
6,4046,0.0925925925925926
6,4051,0.0241379310344828
6,4058,0
6,4060,0.105263157894737
6,4062,0.0402010050251256
6,4064,0.157894736842105
6,4078,0.0450819672131148
6,4083,0
6,4090,0.0266666666666667
6,4096,0.171717171717172
6,4098,0.0625
6,4099,0.0201342281879195
6,4117,0.037037037037037
6,4118,0.0204081632653061
6,4132,0.0152284263959391
6,4148,0.0512820512820513
6,4164,0.0833333333333333
6,4176,0.0571428571428571
6,4180,0.0307692307692308
6,4182,0.0366492146596859
6,4194,0.0606060606060606
6,4197,0.0228013029315961
6,4201,0.111801242236025
6,4221,0.0632911392405063
6,4224,0.0147058823529412
6,4285,0.0897435897435897
6,4298,0.0170454545454545
6,4302,0.0714285714285714
6,4306,0.0681818181818182
6,4311,0.02
6,4316,0.0444444444444444
6,4335,0.0423280423280423
6,4361,0.05
6,4367,0.0523255813953488
6,4369,0.0285714285714286
6,4375,0.0467289719626168
6,4404,0.113122171945701
6,4407,0.0147058823529412
7,241,0.0650406504065041
7,519,0.0637254901960784
7,542,0.028169014084507
7,566,0.172932330827068
7,626,0.101449275362319
7,998,0.112676056338028
7,1087,0.0669291338582677
7,1110,0.111111111111111
7,1325,0.0515463917525773
7,1551,0.0641509433962264
7,1840,0.0683760683760684
7,1876,0.0509554140127389
7,1921,0.0181818181818182
7,1956,0.0679611650485437
7,2131,0.131826741996234
7,2233,0.0806451612903226
7,2409,0.0441176470588235
7,2431,0.0561797752808989
7,2725,0.0373831775700935
7,2835,0.0846994535519126
7,2876,0.076271186440678
7,3264,0.0175438596491228
7,3298,0.0604982206405694
7,3377,0.144578313253012
7,3407,0
7,3654,0.0775862068965517
7,3744,0.0614754098360656
7,4079,0.0365853658536585
7,4121,0.0511363636363636
7,4286,0.00980392156862745
7,4340,0.105691056910569
7,4397,0.036734693877551
