"AllLeagueRec_NVC","NVC"
1,321.3384130741957
1,-129.9016091995568
1,170.78727323862847
1,381.57920001987924
1,357.6292685240928
1,137.44328494929107
1,247.5391004882831
1,409.9499970068233
1,173.92050800420625
1,434.81143551624393
1,340.98946514756364
1,359.24106593234063
1,187.73768929018794
1,497.05482709039507
1,302.92868220031244
1,319.8260117219576
1,498.9433521545789
1,494.9652509129188
1,215.7109020530933
1,343.43822252743837
1,503.2896706037293
1,1055.8120149500705
1,1076.8365397973903
1,258.62514923527164
1,335.80618672678617
1,51.86553972623163
1,238.10664067309202
1,273.00143333630774
1,402.62405587865544
1,200.5134709893409
1,48.184497151964145
1,236.71396638832007
1,-112.75804853916036
1,379.04911859417825
1,119.10245361423262
1,140.39354061176013
1,432.1717925288051
1,308.9500500933532
1,209.7968367205175
1,243.18487553467736
1,461.6980686668617
1,248.23261387907792
1,225.02589380209116
1,221.19914564571857
1,197.1238395792836
1,219.52635520310116
1,190.03848208668464
1,822.7519831207425
1,439.10692643675304
1,151.0085875933391
1,257.06869735821095
1,276.4204317629133
1,207.75244056850025
1,281.8725313351714
1,80.59664741621083
1,284.2840151940426
1,-272.70098616700574
1,217.85808276302964
1,271.31282988477966
1,88.18463269204052
1,138.77609570032993
1,350.9900637829009
1,530.4711034204668
1,455.5287361904429
1,463.5278596979489
1,406.796431229789
1,409.01815898173254
1,358.2809903913381
1,-12.435802007574432
1,272.7800512115588
1,354.23398961085314
1,17.097251134301015
1,376.84659235305475
1,1228.4437627280602
1,232.15530181951254
1,430.7666937370319
1,-89.56601197044775
1,314.2756455943263
1,655.282053251437
1,-214.5384803924337
1,280.2901009434719
1,201.73107267545944
1,276.38315824190965
1,168.52149496186243
1,415.1106854148712
1,380.29269879493575
1,-123.03989283297962
1,320.9137208348817
1,85.47834916704976
1,278.852246633241
1,21.957492373046954
1,25.308720761464148
1,7.854886276228417
1,417.4769892482834
1,498.2859827841513
1,-46.66870729781657
1,399.93358536257534
1,480.9684790257379
1,375.7950272604979
1,234.56678567838372
1,158.20350664767602
1,266.23007702064837
1,167.8968811098925
1,166.08177358707943
1,-31.520974262069
1,440.4702337049767
1,301.25250325578554
1,366.2710778937524
1,452.4214799395039
1,103.24765318005257
1,510.5004026669769
1,383.6123011655317
1,339.4364017724124
1,214.4345663338781
1,83.04879329799502
1,284.1676766284858
1,216.32196189742552
1,253.04202758918254
1,142.81406047572307
1,116.36906207396648
1,363.4315132936577
1,168.06517670472707
1,400.26904705160797
1,110.85032196415642
1,159.53970590062428
1,275.3880681811764
1,177.82858020640492
1,286.746326581555
1,514.9980742014147
1,252.9369840299905
1,390.555341577935
1,379.0796151113631
1,-41.435730849034336
1,-59.229883876039565
1,328.7671387602827
1,122.23794738108334
1,46.80311787355692
1,331.2599466649799
1,-100.29626801694702
1,375.0936073652477
1,4.616156151203991
1,219.83132037494903
1,260.04493153531894
1,399.6907427257335
1,137.15300328571735
1,326.65610207071353
1,127.7691119978946
1,953.8147189745941
1,211.70682229679437
1,139.28437098674303
1,650.2354444076728
1,648.8518061279927
1,63.13682657760178
1,135.40792480236564
1,194.12840389135562
1,250.67685325640682
1,445.77323919322026
1,345.6554322768361
1,340.4518228446022
1,75.11743982867735
1,333.37437185645854
1,411.5527584099794
1,22.978560948419094
1,477.56303460677003
1,50.0526912046915
1,180.51227371866625
1,325.0601176713763
2,317.2066997459753
2,262.0915866886091
2,158.4215002705154
2,286.6525780287277
2,309.0618706563641
2,427.65604898418366
2,277.2630392377226
2,157.99116052801895
2,231.3070468415209
2,369.73864484772633
2,216.63144507181931
2,733.2266331732078
2,336.84871581425136
2,226.15539443856477
2,118.40555172152841
2,2.6073392692356783
2,275.30109663216797
2,221.1031380916183
2,36.31683396453594
2,251.88090093488768
2,395.23034471229926
2,11.10050635513533
2,352.5408681567792
2,380.2305762599297
2,344.9167388605823
2,547.6361245929562
2,350.5619830416774
2,207.4124608769217
2,289.3758040632656
2,304.96630134851085
2,-7.838282616872255
2,243.54744523898538
2,340.7601765183595
2,246.83316259048712
2,-35.70916262211314
2,170.82002875708622
2,303.46180650072796
2,261.7470889944846
2,353.8081678709026
2,273.19457794514466
2,344.865911331941
2,283.2403566059409
2,284.2467416730389
2,253.0996321216427
2,485.37353150798504
2,197.8297774770796
2,393.94836148990174
2,271.60085254708036
2,442.53157236654107
2,245.17844415805328
2,196.36029714902742
2,321.713407285505
2,476.31945440601254
2,561.4815433948497
2,269.9653356254666
2,351.25436693183576
2,556.6032301459202
2,164.68232229848863
2,296.99767435818944
2,218.84865482121697
2,184.99752074610294
2,130.9407497851125
2,284.02761854956304
2,434.76964399269434
2,358.0528312627704
2,218.49173262009134
2,254.60073846751612
2,378.57472832685943
2,314.1502710236777
2,237.09912610535756
2,242.86296785328238
2,194.2560374632771
2,452.2000978147551
2,159.08677614539835
2,336.55843415067767
2,377.86653142779045
2,320.47660408856643
2,122.27522090208697
2,323.68099739424207
2,369.6313422872614
2,228.5465472859794
2,341.250379794589
2,116.78245930691581
2,306.6820128153142
2,391.8463608054243
2,342.77972365637424
2,473.9113590490508
2,341.3091138276856
2,105.34965386452996
2,455.67895977509386
2,284.46473529587837
2,135.6993359665758
2,20.239521904970594
2,240.99929180310093
2,272.93027479620986
2,307.80473644796893
2,417.86553746723035
2,165.63787983694527
2,247.99203024350905
2,424.60865626697773
2,305.10071192425113
2,200.64336356253537
2,521.0713991237334
2,448.11582351326655
2,78.03832847459809
2,457.1394040980543
2,36.625187638293234
2,85.1553119850183
2,339.409293757137
2,223.9415731910765
2,236.49145476293475
2,253.7400589825232
2,119.15554014414688
2,614.5985698262941
2,259.7320598590157
2,589.1373664789061
2,431.3099835431757
2,192.97292474024312
2,480.71998888571375
2,285.97939564938946
2,713.9867193315164
2,243.44353118042983
2,284.1089425953892
2,97.66453153396351
2,421.4166874683034
2,274.2585675447028
2,162.76104171584703
2,443.96039067168016
2,236.86983747615344
2,276.02171803823813
2,256.41810499160215
2,351.7976567379796
2,340.2711027427664
2,103.01271704766606
2,163.0309923679642
2,288.6393696482848
2,154.46937754349423
2,542.3398961085315
2,198.4374488195024
2,332.3747637931794
2,170.60542363615622
2,195.26129302973862
2,46.878794416200655
2,196.936342473629
2,222.4483733496584
2,150.01801553515176
2,108.40269408491812
2,441.06548054039826
2,190.48463483809172
2,318.91224570705043
2,199.21115675548685
2,234.6356852172086
2,194.3079944925549
2,441.38061121797443
2,389.0576237339709
2,195.6713017607785
2,-44.34645398922682
2,312.4763510804238
2,172.76954685563965
2,264.2105298826336
2,369.0519084607505
2,185.26408289631073
2,494.26270151703227
2,457.33480770816413
2,168.45598392494693
2,75.30719593560491
2,127.85269504499367
2,27.797010663615506
2,278.5484109620296
2,-75.19989337513991
2,173.7849679278294
2,195.73342429578457
2,390.8896737663312
2,307.9188160122529
2,267.6250103066933
2,381.4560844505036
2,390.35316096400624
2,422.35417299657644
2,304.8861068033212
2,207.7897140895039
2,385.30994062215154
2,154.77321321470563
2,222.4732223636608
2,278.9177576701564
2,549.9854859168213
2,269.45818983969
2,-55.019105503265955
2,267.8678529435351
2,189.0151545100396
2,162.65260965474553
2,241.1065943635659
2,539.7612461554621
2,203.3767551028015
2,151.31807076773288
2,251.88654843807
2,438.5466941210621
2,175.82145757539132
2,178.84626027986766
2,169.7854061740764
2,294.3885278879355
2,175.45324036790095
2,74.04554372466389
2,429.19104034915125
2,177.13393731497368
2,191.60284046820058
2,148.54288770391722
2,450.6741424548793
2,587.689346662947
2,260.8728555018541
2,202.68211221137025
2,231.03709618940368
2,157.6387563294392
2,269.8038170344509
2,378.1274460748159
2,411.7730110340917
2,198.2702827253043
2,547.9535142718053
2,244.3810167087029
2,308.3773932706611
2,421.70358062996763
2,304.8996608109589
2,460.8791807054183
2,-14.74224230725354
2,306.8796754266971
2,564.547008122239
2,317.9182851469536
2,292.79480248987124
2,260.24485314797477
2,346.35120466890385
2,285.56712791707656
2,376.1734099737165
2,445.40615148636635
2,256.594307090892
2,245.4867978318106
2,43.83591970154075
2,-8.273253311978241
2,79.35758521799927
2,259.41467018016664
2,312.9405758420145
2,101.603100253347
2,369.9984299941153
2,60.76035723846131
2,195.94125241289572
2,312.0290688283803
2,359.61380114237693
2,407.6401682052347
2,616.8959741208814
2,72.0847306197457
2,170.07342883637713
2,426.6440164139032
2,348.2973342655479
2,192.25795083735528
2,279.97497026589576
2,230.3435827986089
2,155.49609362204876
2,240.96766578527968
2,382.71886616208104
2,262.23842177135066
2,262.02720515233005
2,325.3808958521348
2,292.3418727346453
2,446.8519123010526
2,403.2509287318984
2,146.25451941442168
2,116.52267416052689
2,346.0823835174231
2,427.316069292605
2,-187.65410624308888
2,179.82666683232677
2,199.32975432231655
2,276.7547639513095
2,138.65636863286375
2,192.78542763458847
2,407.5927291785029
2,279.8733152086131
2,455.9342269189369
2,217.98119833240526
2,268.02711253327794
2,189.55166731236454
2,138.08597081144455
2,266.3373795811134
2,226.81050480771947
2,663.9227331204602
2,224.87115221489427
2,205.55895033246853
2,406.26330692937347
2,297.3320065465857
2,421.0880027830896
2,302.6180695252822
2,413.6671836014579
2,263.9021762088763
2,296.57637062078487
2,127.43703881077137
2,352.9689488980027
2,426.27918770832224
2,415.5873346834631
2,348.848530576147
2,267.70068684933705
2,244.8667019823866
2,334.6258585616713
2,191.66383350257018
2,105.2705888199768
2,309.02233813408753
2,269.4039738091393
2,293.79892855569625
2,475.9037981717903
2,496.4550622524276
2,246.02782863668142
2,354.624796831073
2,537.9201601180102
2,170.17282489238684
2,254.369190837039
2,277.1274991613458
2,258.1225214520408
2,327.6839476499045
2,188.27081359060347
2,364.02901913035225
2,36.74491470575944
2,200.91896171783492
2,147.66526570937722
2,189.3517456997087
2,301.5303604123581
2,429.2994724102527
2,367.18371440802304
2,354.63044433425534
2,42.678181549155305
2,138.05208579235034
2,515.9445957347797
2,246.7789465599364
2,498.3752133344327
2,187.20343548913593
2,310.9018271931796
2,191.82761109485884
2,246.14303770160177
2,368.86892935764166
2,253.70504446279259
2,368.6373817271646
2,175.06695115022697
2,387.3724087843524
2,263.5463835083871
2,301.8421025880248
2,486.3279595458052
2,355.99714010438845
2,140.33819508057292
2,227.3266865985879
2,412.93413768838656
2,108.93581838533368
3,220.21535059135005
3,475.1278312345329
3,323.25291665301853
3,28.135860854557592
3,168.91682018462816
3,294.022569681718
3,149.0534219916033
3,123.32565649400742
3,229.73478195554964
3,264.27491141891255
3,353.8680314046357
3,192.19356930107628
3,375.56460913065723
3,186.4105260423314
3,290.77638485249287
3,392.2823480511031
3,171.84448583436776
3,300.43474479497866
3,371.1335781337712
3,505.2798507251959
3,204.46672321699853
3,191.76887706176223
3,248.3116789236311
3,164.4857891877422
3,280.87970027571106
3,138.52195805712336
3,395.6313174382474
3,179.75776729350187
3,314.224818065685
3,256.77615669336427
3,257.109359381124
3,264.0060902674319
3,348.92194811751773
3,236.6620093590423
3,51.50974702574244
3,212.20267307620625
3,216.59417155081567
3,227.44867266732706
3,332.113849146154
3,392.2281320205524
3,267.3256926380278
3,231.8503366476647
3,574.7723773842347
3,409.1830660746577
3,278.4117413850163
3,379.61273941177865
3,362.50306377047644
3,265.5241391228524
3,220.80494992358928
3,263.81294565859486
3,358.33972442443473
3,263.6480385656697
3,124.56584819285544
3,236.22602211336346
3,124.28008453182764
3,131.58456514790248
3,373.415169419448
3,335.7406756898707
3,599.6688304133859
3,356.2704792584151
3,262.71733004121546
3,177.6433421020233
3,175.27816776924755
3,251.993850998535
3,391.41150306038196
3,218.87011533331
3,269.7270109911707
3,365.0071666815384
3,238.22297923864883
3,421.3556944339338
3,314.02037845048324
3,521.8067040380777
3,244.95367353139505
3,-15.627770806248849
3,201.5672950831708
3,96.809499552153
3,420.56617348903876
3,175.515362902907
3,382.75952818499417
3,423.8485023386311
3,478.4993906344066
3,553.9342201419331
3,209.6432246339571
3,180.330424116194
3,349.60303700131135
3,296.3312689826701
3,88.78213852873505
3,227.76041484299375
3,386.2033756256021
3,511.7428533670979
3,88.28515824868667
3,307.26144664182516
3,67.33066244082829
3,123.73792422632029
3,165.7485708993197
3,-32.811993489558326
3,366.21008485938285
3,201.67911564618166
3,181.8191059550662
3,354.732099391538
3,247.886986684317
3,250.27701003109516
3,0.19490662982988594
3,223.46831242439404
3,411.73799651436104
3,114.51555152951329
3,288.0678423262292
3,200.67160107844722
3,423.61243670560805
3,225.79734273680262
3,494.7427392875336
3,184.952340720644
3,455.34462758669764
3,382.937989285557
3,361.06407995960905
3,213.24068416112556
3,368.8565048506405
3,311.38412396495386
3,-87.12064309248238
3,8.310187982790927
3,346.3105426459908
3,696.0581557287709
3,158.3582482348729
3,362.2263361145404
3,101.21794053630948
3,236.06224452107477
3,180.17794153027006
3,32.150106116584794
3,233.15603938342818
3,170.44955254832286
3,489.63174890749053
3,274.8018573508466
3,105.78790011148172
3,6.9974823430813
3,266.24814903083194
3,215.91195316638562
3,126.03532852090763
3,327.234406396588
3,244.1810950960471
3,345.30415757889284
3,180.12372549971934
3,251.32631612237915
3,475.3740623732841
3,182.2042656721037
3,91.87584077203627
3,239.9036761857215
3,192.8825646893252
3,209.75843369887738
3,166.69735143395752
3,338.46277222377216
3,63.07244504132278
3,106.3142474080784
3,337.7161723030631
3,621.4625451941442
3,261.48730384809573
3,297.99728242146864
3,354.86425096600544
3,242.5184701591579
3,317.3772543420828
3,372.5307704210892
3,341.6592590249924
3,443.23976926561
3,248.92273876796327
3,431.67368274812026
3,296.72998270734524
3,397.4870869839735
3,174.5451218561762
3,480.3167571584927
3,360.98614441569237
3,186.83634778228196
3,221.08054807888882
3,347.4739283015586
3,243.59375476508083
3,537.2526252418544
3,199.18404874021144
3,345.63171276347015
3,265.70147072277877
3,339.1483791101116
3,125.06734647544975
3,437.480445520231
3,98.10842528409765
3,125.65355730577954
3,314.83023040683486
3,208.80174665978424
3,418.4653023051978
3,218.57192716528093
3,264.4816100353873
3,354.2441551165814
3,150.98938608251908
3,239.59193401005479
3,196.65396731451057
3,274.3184310784359
3,220.88740347005188
3,328.8620168137465
3,283.31151514603874
3,487.2417255607123
3,274.32633758289126
3,507.455268951044
3,52.30039747127397
3,270.59107897807297
3,341.03012717047665
3,360.5783946859254
3,311.4699660133258
3,290.4375346615507
3,209.62854112568291
3,497.3315547463311
3,237.39957327465956
3,178.7163677066732
3,153.55900003049652
3,297.02139387155546
3,369.13662100848586
3,352.3341695403046
3,287.49179700162756
3,500.85785573340166
3,269.83657255290865
3,263.4074549301008
3,213.09723758029335
3,169.96838527718512
3,182.20878367464957
3,395.30037375176056
3,351.0894598389106
3,420.2950933362851
3,207.75131106786378
3,57.0409116425537
3,337.63258925596404
3,491.4558924353954
3,163.43196509391234
3,164.61794076220963
3,343.1727898778671
3,431.01970187960205
3,480.6522188475254
3,433.0121410023414
3,576.8427520508908
3,189.11906856859514
3,160.15528374750238
3,163.9470173841443
3,158.71065243345265
3,158.39326275460357
3,244.6859818805508
3,239.4688184406792
3,295.9766057828174
3,270.8339216149148
3,311.2248643752111
3,109.79197986778065
3,419.01311011388754
3,336.7459312563323
3,275.05260649214375
3,651.3796285524207
3,296.8259902614455
3,103.46451730225549
3,261.3969437971778
3,263.6446500637603
3,222.85951158133477
3,322.6892958354182
3,-130.1365453319433
3,274.7476413202959
3,129.079332736204
3,195.02183889480622
3,268.5500713279652
3,364.9439146458959
3,429.57055256300634
3,268.2925451828492
3,247.28270384380363
3,427.0088451194843
3,255.2558488366708
3,237.0550755805351
3,123.00826681515835
3,274.33876208989244
3,268.97363406664283
3,113.34990687267252
3,345.14263898787704
3,345.6339717647431
3,226.78791479499
3,248.07448378997162
3,332.5385413854681
3,312.1284648843899
3,199.41898487259795
3,351.74457020806534
3,157.34508616395607
3,152.7581840792367
3,341.60617249507817
3,165.78471491968685
3,261.9820251268712
3,263.4142319339197
3,416.05607744759965
3,186.03440233038575
3,416.31699209462505
3,-85.67262327652321
3,270.56848896534353
3,356.2456302444126
3,375.5341126134724
3,259.5795772730918
3,392.5489102013109
3,260.45494026635885
3,224.87792921871315
3,-56.71448595861284
3,259.0046614491268
3,334.7941541565059
3,633.7244041037017
3,222.69460448840962
3,84.7870947775279
3,626.6672841270146
3,198.79663002190102
3,260.5656313287332
3,364.7462520345131
3,274.6132307445555
3,129.75816261872464
3,248.35572944845353
3,376.62521022830595
3,251.42910068029823
3,124.45176862857161
3,69.03846740317638
3,186.48733208561163
3,189.94360403322088
3,43.032844749008014
3,155.08382588973586
3,330.0084599597672
3,116.6717682445414
3,358.2516233747898
3,169.38895145067414
3,206.88611358032503
3,286.3340588492422
3,402.4207457640902
3,76.0221698384927
3,133.8887464463086
3,336.52229013031047
3,229.2603916882307
3,301.8172535740224
3,557.2436570068007
3,384.3340520722383
3,240.76435567071442
3,408.6431647704233
3,120.5877469511954
3,224.50067600613093
3,199.70136003171635
3,385.8216044104741
3,511.47177321434424
3,307.02876951071164
3,216.56141603235795
3,314.5941647738119
3,331.57055934001016
3,334.2903968726386
3,216.64386957882047
3,426.7004914457269
3,216.18529232041223
3,189.42742224235246
3,182.06759609509038
3,314.42135117643136
3,362.03545050697636
3,37.35710405072813
3,278.78334709441606
3,208.10371526644352
3,235.13831300043938
3,218.9853243982303
3,276.35153222408843
3,306.56793325103035
3,374.8970742545014
3,284.7109664346296
3,238.79337706006797
3,211.86043438335477
3,306.37817714410284
3,1061.1071139338585
3,263.37018140909726
3,210.76143026406595
3,189.90520101158077
3,381.1737092913852
3,398.33195346005573
3,114.50312702251207
3,268.23719965166197
3,362.9017774951516
3,245.03386807658464
3,288.45752004581254
3,281.995646904547
3,178.93097282760317
3,289.4740706186388
3,178.24310693999075
3,322.05225747644704
3,427.916963631209
3,81.86281762969773
3,231.87292666039417
3,302.4362199228099
3,255.72346210017088
3,154.58910461096045
3,45.12806842966656
3,173.73752890109753
3,340.5241108853365
3,553.2474837549571
3,172.32226460359612
3,226.06051638510098
3,-194.27636847473363
3,257.9745568686628
3,353.96403895873596
3,314.7556833648276
3,339.580977853881
3,190.32876375025836
3,286.3735913715187
3,160.18126226214127
3,183.08414666791666
3,290.5538732271076
3,223.8692851503422
3,233.56830711574102
3,452.58864603370205
3,244.43636223989012
3,302.71859508192836
3,339.4025167533182
3,283.14999655502305
3,334.02722322434033
3,278.18922975963096
3,179.10717492689307
3,434.6984854525965
3,327.959545805204
3,481.603258383436
3,407.7711902790657
3,442.8150770262959
3,455.6597582642738
3,306.73284034395556
3,192.87578768550637
3,306.84240190569346
3,242.05537489820375
3,387.8693890644007
3,302.5265799737278
3,126.43517174621927
3,182.5081013433151
3,162.19855039888316
3,284.4229437723288
3,390.7575221918637
3,263.9428382317893
3,435.3389123134771
3,128.81954758981507
3,88.3088777620526
3,145.92357572793492
3,222.87758359151832
3,224.35497042402582
3,196.57038426741155
3,396.677235027622
3,249.9844693662485
3,283.59953780833956
3,417.6712633577569
3,442.5631983843623
3,234.20873397662163
3,273.1584339247775
3,586.5948605462039
3,524.876686768013
3,192.49175746910535
3,214.8942730929229
3,275.0345344819602
3,436.46615394867774
3,323.44719076249197
3,182.53746835986342
3,285.0746656395741
3,272.31130844742233
3,238.48163488440127
3,276.83608799713556
3,172.34937261887148
3,243.42094116770036
3,66.83255266014342
3,374.13804982679113
3,141.4179976890417
3,329.2144210123262
3,158.480234303612
3,435.1954657326449
3,186.879268806468
3,93.96202844760303
3,178.69829569648962
3,312.107004372297
3,353.46479967741465
3,291.4834522509254
3,313.8283633422828
3,234.42446859818804
3,230.360525308156
3,954.2845912393672
3,275.2355855952525
3,316.89382806967217
3,142.53281481724113
3,327.8872577644698
3,75.9284212856654
3,284.6623979072612
3,97.40813488948402
3,625.3084948613368
3,68.12244238699628
3,288.4959230674526
3,232.49979951363702
3,177.1926713480703
3,277.11733365561753
3,516.5522670772025
3,186.89395231474214
3,467.65957302616937
3,71.1777416086574
3,196.96909799208672
3,79.4027652434582
3,394.5063348043197
3,394.12682259046454
3,270.80342509773004
3,311.3231309305843
3,143.28054423858669
3,389.5546040140194
3,348.96035113915786
3,399.9787653880343
3,150.03834654660827
3,427.66960299182125
3,245.16376064977914
3,90.54528902227037
3,454.4071420584246
3,663.4054218289552
3,-74.16640029276657
3,232.25921587806815
3,157.8533614503692
3,290.7617013442187
3,422.35417299657644
3,268.1163430835593
3,352.2551044957514
3,399.1203449043143
3,187.50840066098377
3,286.9281761840273
3,337.7579638266126
3,269.8128530395427
3,196.54892375531853
3,353.3800871296791
3,420.2758918254651
3,388.87577413149876
3,225.90803379917705
3,466.117804657383
3,517.3011259991846
3,234.70119625412408
3,406.4813005522128
3,159.38835281533682
3,338.0708355029158
3,457.4296857616279
3,264.19245787245
3,254.6154219757903
3,249.30450998309138
3,127.28455622484744
3,276.9343545525088
3,245.98603711313194
3,359.91650731295186
3,382.45117451123684
3,162.78702023048592
3,318.38138040790784
3,36.08189783214943
3,263.4289154421939
3,-102.69758637008991
3,321.8805733797031
3,243.42658867088272
3,205.57928134392503
3,136.21099975489835
3,186.09652486539176
3,223.97658771080717
3,193.1095943172564
4,266.75416531597216
4,208.89097721006564
4,125.83540690825178
4,-46.41231065333705
4,8.691959197919008
4,79.40841274664058
4,223.85799014397742
4,425.2084211049453
4,162.30020545616577
4,168.08889621809303
4,285.7263875068194
4,371.95133659457815
4,412.25756680713886
4,263.59156353384606
4,300.249506690597
4,186.62287216198848
4,483.1021057280365
4,418.477726812199
4,187.19891748658998
4,287.56295554172544
4,363.93527057752493
4,250.22392350118088
4,116.1793059670389
4,153.2246678421003
4,237.1443061308165
4,180.244582067822
4,391.857655811789
4,243.95067696620646
4,167.36940431265933
4,269.44689483332525
4,114.27044989139851
4,207.55025995457146
4,269.40510330977577
4,253.23404269738307
4,187.56487569280748
4,142.01437402509976
4,17.861923065193647
4,332.09803613724335
4,286.98239221457806
4,405.7234056251391
4,236.37398669674147
4,264.43755951056477
4,123.01391431834071
4,320.59407215475966
4,481.78284898463534
4,411.2364982317668
4,189.0795360463186
4,306.5803577580316
4,265.1593104172714
4,136.3713888452776
4,246.35877232316818
4,278.8624121389692
4,264.36640097046694
4,179.6154502133062
4,146.12914484377313
4,380.5332824305046
4,231.62895452291588
4,120.45672487736448
4,296.05567082737053
4,190.0802736102342
4,298.8850699217369
4,416.4864171900961
4,177.54507554665005
4,305.15944595734777
4,387.688668962565
4,262.1853352414364
4,223.170124256365
4,277.3183847689098
4,250.26797402600337
4,142.83100298527017
4,212.7798479014443
4,106.53111153028135
4,286.10815872194746
4,308.5671493775887
4,500.16886034515284
4,168.9755542177248
4,271.1343687842168
4,288.37506649934994
4,211.0336399174561
4,377.15833452872147
4,306.05513996207134
4,282.53893671069085
4,203.32028007097782
4,175.74465153211113
4,346.1128800346079
4,123.30419598191445
4,242.35582206750576
4,190.666484440564
4,263.23690033399333
4,264.943575795705
4,178.88579280214427
4,350.236686858373
4,208.4233639465656
4,351.8823692857151
4,164.61229325902724
4,149.48263223346328
4,202.0846063746757
4,160.27388131433213
4,309.152230707282
4,176.27438733061726
4,174.9799796012185
4,287.33253741188486
4,366.95668478009185
4,221.89265903651338
4,107.34435198854234
4,390.22213889017524
4,148.41186563008625
4,227.9174154314636
4,271.6223130591734
4,272.665971647275
4,354.6711063571684
4,148.124972468422
4,439.9303324007423
4,265.29823899555765
4,247.63059003983747
4,405.1767273170858
4,326.4991014822437
4,243.45708518806754
4,251.3229276204697
4,182.7102819572439
4,180.82175689306
4,228.9102464909239
4,318.6490720587521
4,244.6950178856426
4,143.31104075577147
4,282.5265122036896
4,294.85388215016263
4,343.6178131286377
4,295.093336285095
4,222.72623050623088
4,194.87726281333758
4,287.7854671671107
4,218.9853243982303
4,402.3563642278113
4,223.39602438365978
4,286.9157516770261
4,228.38502869496367
4,256.1809098579427
4,167.72406751251205
4,-34.11204872213945
4,176.96564172013913
4,353.8318873842685
4,342.86556570474625
4,45.569703178527746
4,293.1065446655379
4,294.0327351874463
4,198.21719619539004
4,196.98717000227032
4,372.4325038657159
4,133.72270985274702
4,32.87750452647381
4,255.22309331821307
4,324.16781216856214
4,202.66404020118665
4,237.62547340195425
4,396.6953070378055
4,216.41909895216224
4,277.9633296323363
4,178.67231718185073
4,171.599384196253
4,69.59982921950376
4,363.2022246644536
4,237.44475330011846
4,200.99689726175163
4,296.5368380985082
4,210.04984486308757
4,-176.97354822459442
4,258.19480949277516
4,68.9221288376196
4,162.68988317574917
4,361.6728808026684
4,463.8396018736156
4,345.95023194295567
4,230.20804272223205
4,24.086601072799702
4,235.97075496952044
4,342.87573121047456
4,176.58048200310162
4,89.2768598075105
4,298.4615071830593
4,285.3728538076031
4,350.93697725298665
4,302.7242425851107
4,440.9683434856615
4,310.072773726008
4,170.89005779654755
4,611.3467374938866
4,210.2926874999294
4,238.45452686912589
4,307.8013479460596
4,135.81680403276908
4,179.21108898544867
4,302.2442048146094
4,242.19882147903593
4,208.02239122061746
4,61.02014238485023
4,251.84136841261113
4,314.1649545319519
4,422.4479215494038
4,79.12039008433982
4,325.2702047897604
4,359.1281158686933
4,130.63013711008225
4,203.93133991531005
4,270.19010625212485
4,152.10081470880908
4,241.4974015837858
4,259.58296577500124
4,96.19053320336546
4,277.20430520462594
4,229.13840561949155
4,419.65127797349516
4,-265.15705141599847
4,158.95123606902152
4,311.60776509097565
4,163.93459287714307
4,386.08138955686303
4,253.1515891509205
4,238.407087842394
4,285.9217911169293
4,105.05372469777387
4,221.72549294231527
4,72.52184736606098
4,228.36808618541653
4,380.6326784865143
4,245.39643778089268
4,395.0089625875504
4,176.53981998018855
4,265.76585225905774
4,205.00323601932348
4,224.84743270152833
4,270.6260934978037
4,197.41638024413027
4,314.22255906441205
4,301.3270502977928
4,207.1854312489905
4,234.2347124912605
4,559.9578470362468
4,202.84814880493184
4,233.19444240506832
4,293.98868466262377
4,174.78457599110857
4,331.11988858605724
4,238.8001540638868
4,350.7167246288743
4,108.19373646717051
4,314.9544754768469
4,248.39977997327603
4,151.056026620071
4,178.45093505710187
4,199.39300635795905
4,471.2321835393354
4,265.5444701343089
4,253.577410890871
4,283.82091993308836
4,164.8743374066891
4,177.11699480542657
4,142.31369169376526
4,290.7537948397634
4,137.617228047308
4,170.5975171317009
4,226.62187820142836
4,503.06828847898055
4,315.61184484727454
4,223.6083705033168
4,361.3498436206369
4,144.73308205709174
4,204.96596249831987
4,385.9063169582096
4,309.39846184603323
4,218.9932309026856
4,279.4565294737543
4,179.5341261674801
4,181.91398400852998
4,210.2972055024753
4,192.14048277116203
4,190.05768359750468
4,186.5776921365295
4,342.69501110863877
4,270.24093378076617
4,305.48022413810634
4,176.57822300182866
4,111.94932608344526
4,308.8596900424354
4,477.76747422197167
4,165.6717648560395
4,200.75631362618273
4,248.20550586380253
4,489.6882239393142
4,338.2097640812021
4,436.34755638184805
4,234.9474273928753
4,393.65695032569147
4,433.4549052518391
4,86.44859021378058
4,350.39481694747934
4,116.81521482537354
4,365.9310982021738
4,223.45588791739286
4,170.0847238427419
4,232.80024668293902
4,61.989253930944585
4,187.78286931564685
4,269.3621822855897
4,476.03820874753063
4,102.73034188854766
4,285.8156180571008
4,138.43724550938785
4,132.72649029137727
4,307.67936187732045
4,241.02301131646686
4,237.9439925814398
4,244.99320605367163
4,85.681659281615
4,418.0214085550637
4,332.82656404776884
4,257.2765254753221
4,232.62856258619502
4,434.2048936744576
4,126.61250334614563
4,292.72929145295575
4,272.5564100855371
4,-140.8645423771696
4,202.48896760253325
4,233.37064450435818
4,265.8324927966097
4,280.4730800465806
4,31.462240228972366
4,178.8609437881418
4,315.98345055667437
4,233.82131525831116
4,255.92112471155383
4,47.973280532943576
4,218.17434294124223
4,288.81670124821113
4,391.87346882069966
4,204.94563148686333
4,142.37920273068073
4,347.22882666344384
4,132.87445487475532
4,144.49701642406876
4,234.57808068474847
4,304.15531989152277
4,191.28883929126096
4,164.50047269601637
4,144.52977194252648
4,207.71177854558724
4,160.0604056940386
4,362.0693355260706
4,252.32479468502183
4,454.79907877928093
4,72.23608370503318
4,179.81424232532555
4,534.8174218696172
4,436.14763476919217
4,138.95116829898333
4,173.05305151539451
4,347.3790502480948
4,459.62204649702323
4,314.7150213419145
4,228.0778045218428
4,9.975184871016674
4,335.4515235269335
4,435.8912381247127
4,144.7726145793683
4,251.33874062938034
4,192.80237014413558
4,126.63961136142099
4,260.190637117424
4,248.95888278833044
4,203.88841889112405
4,274.3048770707982
4,374.2871439108056
4,304.9075673154142
4,243.5677762504419
4,240.4187284759535
4,244.44313924370897
4,322.07032948663067
4,245.41563929171272
4,183.2795502780266
4,240.46164950013952
4,170.62801364888568
4,214.03472310856648
4,180.0006099303437
4,274.90125340685626
4,199.02253014919575
4,283.60292631024896
4,257.5125911083451
4,293.1935162145464
4,338.1815265652902
4,305.94557840033343
4,170.41905603113804
4,261.731275985574
4,220.05270249969783
4,1.2680903645689203
4,313.9017808836535
4,176.948699210592
4,207.0747401866161
4,197.20855212701912
4,180.75172785359862
4,407.9496513796285
4,269.54967939124435
4,216.51397700562606
4,410.72596394408066
4,84.38160404903387
4,392.27557104728425
4,130.24610689368123
4,275.2852836232573
4,278.9279231758847
4,408.18910551456094
4,235.56752324229933
4,302.5446519839114
4,196.20555556183052
4,545.6820884918568
4,304.84883328231757
4,460.9221017296044
4,163.09650340487966
4,318.9924402522401
4,344.4943056225412
4,296.75822022325707
4,383.92969084438084
4,165.4910447542037
4,560.5011368423907
4,216.3411634082456
4,198.52442036851087
4,144.04408666884282
4,122.99132430561124
4,107.27997045226334
4,202.2382184612361
4,378.19747511427727
4,239.5196459693205
4,201.29395592914418
4,366.3128694173019
4,348.06578663507076
4,179.4618381267458
4,101.04060893638314
4,83.15044835527765
4,181.05443402417356
4,272.4502370257086
4,378.0551580340815
4,235.03778744379323
4,425.18696059285224
4,178.2114809221695
4,173.4043262133378
4,218.1754724418787
4,133.19410355487736
4,119.62880091082933
4,258.5472136913549
4,243.99924549357482
4,243.50113571288995
4,323.2404921460173
4,122.41076097846381
4,199.52402843179001
4,229.71106244218367
4,177.8127671974943
4,179.53525566811658
4,-33.95730713494257
4,264.3562354647387
4,143.04447860556368
4,396.07182268647205
4,207.77277157995678
4,160.3134138366087
4,314.8110288960148
4,261.2037991883408
4,243.78125187073545
4,273.26008898206015
4,329.27428454605933
4,374.41703648400005
4,230.54463391190123
4,232.16546732524085
4,230.81910256656428
4,233.3638675005393
4,224.9513467600839
4,214.41988282560396
4,394.56280983614334
4,102.1034690353048
4,185.32281692940734
4,164.75348083858643
4,277.77018502349927
4,373.6941560766569
4,445.47505102519125
4,273.0725918764055
4,692.9757484918343
4,228.2551361217692
4,233.4124360279077
4,194.1498644034486
4,146.6905066601005
4,293.63628046404403
4,418.58502937266405
4,98.99621278436591
4,242.90701837810485
4,198.9479831071885
4,327.2784569214105
4,206.90983309369093
4,116.53848716943752
4,266.3170485696569
4,236.22828111463642
4,80.66780595630865
4,239.32876036175645
4,205.54878482674025
4,176.45397793181655
4,343.04289730467264
4,322.85081442643394
4,85.39250711867776
4,257.04497784484505
4,272.6174031199066
4,193.54106356038932
4,142.63221087325084
4,318.7258781020323
4,249.10458837043555
4,283.130795044203
4,-0.38883059410603976
4,155.50174112523112
4,274.4347696439927
4,186.34614450605244
4,184.3356333731294
4,136.42899337773775
4,308.894704562166
4,200.06505923666091
4,356.78892005055644
4,340.80309754254546
4,281.33714803348295
4,380.08261167655166
4,305.72984377876696
4,288.55239809927633
4,251.88654843807
4,337.43944464712706
4,334.66652058458436
4,383.7568772470003
4,196.2507355872895
4,245.7465829781995
4,295.8071806873463
4,195.4849341557604
4,229.31121921687202
4,400.9038264093062
4,305.3198350477271
4,188.47638270644163
4,145.7620571369192
4,367.2368009379373
4,177.3169164180824
4,227.62148626470753
4,350.7009116199637
4,53.71566176877541
4,312.42326455050954
4,107.80970625076948
4,342.2883908795083
4,182.05630108872566
4,228.2980571459552
4,382.59462109206896
4,405.84878019578764
4,324.50779186014074
4,196.84824142398406
4,205.53071281655667
4,188.16012252822904
4,215.51323944171045
4,168.67284804714987
4,196.8019318978886
4,322.5594032622238
4,372.03943764422314
4,207.01148815097355
4,384.13751896149193
4,328.87782982265713
4,216.64048107691107
4,11.042675922547883
4,490.0010956156174
4,47.55875379935777
4,243.37237264033197
4,207.6790230271295
4,277.2167297116272
4,236.52872828393836
4,385.3607681507929
4,178.14935838716346
4,387.6016974135565
4,261.92555009504747
4,259.15262603250477
4,213.14015860447938
4,283.49336474851106
4,343.024825294489
4,182.96667860172337
4,189.8453374778477
4,303.17491333906366
4,281.59241517732596
4,267.62049230414743
4,153.86848320489028
4,141.6359913118811
4,108.41060058937343
4,225.45849254586054
4,247.08052322987484
4,180.58456175940054
4,193.46086901519968
4,263.22447582699215
4,131.13954189713186
4,456.2606526028777
4,55.30599866493024
4,142.05051804546693
4,-46.431512164157105
4,138.4903320393021
4,212.6251063142474
4,262.41236486936765
4,82.27734436328355
4,115.05545283374768
4,279.7592356443293
4,164.54678222211177
4,235.12701799407466
4,308.09953611408855
4,237.65145191659317
4,209.18351787491233
4,371.28493121905876
4,166.59117837412902
4,265.46201658784634
4,359.68834818438415
4,198.80001852381042
4,22.889330398137677
4,189.46808426526547
4,260.6288833643758
4,293.89719511106944
4,905.2665226176854
4,597.0687199482236
4,454.2964509960501
4,216.752301639922
4,524.7106501744514
4,273.5639246532715
4,856.3241305386476
4,318.77218762812777
4,209.93237679689435
4,268.45632277513795
4,230.75359152964884
4,271.1422752886721
4,445.8263257231345
4,192.20486430744106
4,245.84372003293623
4,254.96443767246063
4,285.3525227961466
4,207.52654044120555
4,172.33243010932438
4,239.7252150851587
4,207.84054161814518
4,215.617153500266
4,133.7577243724777
4,170.07229933574067
4,470.4302380874392
4,186.07845285520818
4,230.081538650947
4,6.861603416513525
4,310.18120578710943
4,211.67406677833665
4,331.5231203132783
4,244.64531985763773
4,256.6857966424464
4,271.2800743663219
4,160.37214786970532
4,318.6061510345661
4,145.1973068186824
4,311.98840680546726
4,333.05359367570003
4,225.4957660668642
4,404.77575459113774
4,365.67357205705787
4,207.4508638985618
4,193.74550317559104
4,362.7436474060453
4,361.33064210981684
4,296.24768593557104
4,314.5998122769942
4,277.0913551409786
4,252.35642070284308
4,250.47354314184156
4,167.15818769363878
4,208.083384254987
4,372.01120012831126
4,268.27108467075624
4,217.2730014333363
4,209.06943831062847
4,243.21537205186218
4,379.22757969474117
4,221.50524031820294
4,233.6405951564754
4,218.35619254371449
4,157.23326560094517
4,345.9999299709605
4,192.7029740881259
4,221.76841396650127
4,48.201439661511245
4,264.33816345455506
4,475.294997328731
4,259.86985893666554
4,304.3247449869938
4,238.73125452506193
4,157.6387563294392
4,262.12434220706683
4,326.1839708046675
4,236.14582756817384
4,251.62563379104463
4,183.95386215800133
4,231.03144868622132
4,267.62275130542037
4,227.8688469040952
4,229.49758682189017
4,140.97523343954404
4,350.9810277778092
4,243.009802936024
4,151.51573337911574
4,360.207918477162
4,206.5743714046583
4,317.282376288619
4,234.22680598680518
4,204.75248687802636
4,201.61925211244858
4,174.23450918114594
4,294.74770909033407
4,325.49497541641864
4,334.9150107246085
4,309.63452747905626
4,136.18276223898653
4,272.59594260781364
4,205.95879355778018
4,319.74355817549497
4,147.49809961517911
4,386.45073626498987
4,254.61655147642676
4,194.72929822995957
4,411.7312195105422
4,308.7083369571478
4,232.89286573512982
4,296.9762138460965
4,321.584644212947
4,197.25034365056865
4,258.44217013216286
4,250.19229748335962
4,276.61357637175024
4,307.3032381653747
4,286.1205832289487
4,161.3875689418951
4,277.7317820018592
4,340.7669535221783
4,212.21057958066157
4,307.88831949506806
4,206.59018441356895
4,398.98367532730106
4,226.3541865505841
4,296.23639092920627
4,240.72482314843785
4,277.0439161142467
4,36.4512445402763
4,210.5513431456819
4,255.34056138440636
4,391.237559962365
4,248.4765860165562
4,173.72397489345983
4,189.70189089701552
4,223.0515266895353
4,156.0811749517421
4,194.1803609206334
4,217.2933324447928
4,212.30884613603482
4,225.86285377371811
4,336.41159906793604
4,162.81525774639775
4,218.52674713982202
4,420.3255898534699
4,397.3018488795918
4,319.466830519559
4,145.23458033968603
4,257.4572455771579
4,192.23536082462584
4,153.74536763551467
4,229.02771455711715
4,271.6742700884512
4,174.46379781035006
4,290.87013340532013
4,394.72319892652257
4,183.61840046896864
4,170.73757521062365
4,173.99392554557704
4,165.16348956962636
4,325.95694117673634
4,240.3848434568593
4,275.446802214273
4,146.05911580431174
4,55.563524810046225
4,173.75221240937168
4,178.58195713093286
4,118.12656506431941
4,113.11384123964955
4,369.94082546165515
4,335.1160618379008
4,200.31693787859447
4,225.67422716742703
4,377.0160174485258
4,274.6053242401002
4,231.67639354964774
4,433.67176937404207
4,251.7860228814239
4,213.32087870631514
4,304.9154738198695
4,335.48879704793717
4,327.642156126355
4,232.1428773125114
4,291.87200046987226
4,288.0893028383221
4,231.9576392081297
4,199.02027114792278
4,206.83415655104722
5,197.84446098535378
5,39.39133469701709
5,157.81044042618316
5,271.29023987205017
5,150.84819850295986
5,52.82222676532478
5,197.04138603282104
5,149.0014649623255
5,232.392496953172
5,205.9000595246835
5,220.5090207568332
5,490.04175763853044
5,152.93551567916307
5,372.0620276569526
5,229.9109840548395
5,176.23598430897715
5,227.5537162265191
5,216.51510650626253
5,231.49680294844845
5,165.3893896969211
5,178.99309536260924
5,203.49648217026768
5,301.98893767076635
5,283.6153508172502
5,41.309226777749295
5,221.44311778319687
5,260.2188746333359
5,190.8923845678587
5,356.7301860174598
5,261.76516100466824
5,158.458773791519
5,249.0243938252459
5,108.36993856646038
5,174.2390271836918
5,213.66650590107605
5,190.78395250675723
5,266.9314969158985
5,197.03122052709276
5,141.6450273169729
5,275.3869386805399
5,299.2329561177708
5,208.07434824989522
5,205.74870643939607
5,157.35525166968432
5,141.91610746972657
5,289.44131510018104
5,151.79697903759768
5,281.6263001964202
5,87.62778887825904
5,174.15996213913868
5,144.98609019966182
5,169.0229932444567
5,368.1155524331138
5,115.83480827291446
5,221.3516282316425
5,51.49732251874124
5,281.8499413224419
5,242.49136214388258
5,212.96395650518951
5,274.5838637280072
5,319.04552678215435
5,263.2493248409946
5,140.96506793381576
5,264.07047180371086
5,225.04961331545712
5,185.56565956624917
5,89.01933366239452
5,168.32270284984304
5,300.807480005015
5,170.41227902731924
5,135.7851780149478
5,139.05282335626595
5,287.74932314674356
5,218.48269661499953
5,230.71857700991816
5,209.20158988509587
5,144.40326787124144
5,251.15915002818102
5,271.31282988477966
5,192.37541890354856
5,218.40702007235583
5,597.2810660678807
5,106.51416902073424
5,282.69706679979714
5,269.3282972664955
5,198.44422582332123
5,147.8121007921188
5,162.16127687787952
5,135.8585955563186
5,364.8377415860674
5,350.8036961778828
5,261.4793973436404
5,189.0106365074937
5,117.81030488610682
5,119.0471080830454
5,155.2498624832975
5,290.1212744833382
5,148.49770767845826
5,338.18717406847253
5,209.47718804039545
5,16.651098382893938
5,248.90353725714323
5,191.33514881735638
5,120.68601350656861
5,263.6231895516673
5,69.82234084488907
5,123.25336845327313
5,236.24748262545646
5,188.83556390884024
5,472.61356281774266
5,192.27828184881182
5,209.6850161575066
5,197.8037989624407
5,283.39961619568373
5,204.43848570108673
5,237.11155061235874
5,284.5968868703457
5,178.89031080469013
5,102.56204629371307
5,229.98214259493736
5,93.27981006317297
5,211.2516335402955
5,53.57334468857973
5,156.49231318341847
5,261.0614821081452
5,159.27879125359885
5,343.3218839618816
5,120.15740720869896
5,183.37555783212684
5,263.0765112436141
5,207.22948177381298
5,228.47764774715452
5,152.57633447676446
5,127.31957074457812
5,-1.275432118705999
5,206.4117233130061
5,281.69519973524507
5,133.58716977637016
5,122.17695434671377
5,240.35660594094745
5,217.54069308418053
5,101.07223495420439
5,269.2593977276706
5,65.49070590401277
5,331.3943572407203
5,166.54712784930655
5,258.05926941639837
5,308.6688044348713
5,190.0396115873211
5,170.51393408460186
5,363.6596724222254
5,271.1513112937639
5,277.88539408841956
5,145.7869061509216
5,317.64155749101764
5,147.96006537549687
5,286.08895721112737
5,224.45210747876257
5,291.52524377447486
5,267.11786452091667
5,321.4400681314784
5,205.15571860524742
5,217.61185162427842
5,337.38522861657634
5,245.33092674397724
5,323.9588545508145
5,76.8873673260315
5,245.54666136554368
5,376.9956864370693
5,198.7977595225375
5,217.17247587669013
5,178.18776140880354
5,192.48610996592294
5,222.25522874082137
5,229.52017683461963
5,150.88321302269054
5,433.6785463778609
5,298.38696014105204
5,238.3133392895667
5,327.6229546155349
5,147.182968937603
5,233.69481118702612
5,86.45423771696295
5,204.5446587609152
5,260.0596150435931
5,150.3410527171832
5,361.45714618110185
5,147.31286151079746
5,252.75061642497232
5,240.4447069905924
5,236.59536882149033
5,174.71002894910131
5,169.63292358815244
5,112.23847824638248
5,154.21636940092415
5,418.7013679382208
5,381.11610475892496
5,161.22266184896995
5,156.95653794500913
5,212.69965335625466
5,237.63450940704607
5,132.08041592731436
5,317.84034960303705
5,457.9842705741364
5,217.29220294415634
5,273.2487939756954
5,305.16283445925717
5,151.44683384029088
5,216.89235971884472
5,243.436754176611
5,292.93034256624804
5,134.81380746758052
5,186.5426776167988
5,225.6064571292386
5,415.54441365927715
5,253.8089585213481
5,217.89083828148736
5,233.13909687388107
5,209.00618627498596
5,308.67219293678073
5,255.45464094869013
5,224.15956681391592
5,262.5885669686575
5,126.31544467875305
5,353.6376132747951
5,414.1144658535015
5,243.39383315242497
5,198.35499527303983
5,124.60876921704144
5,215.3302603386017
5,227.95355945183073
5,212.88827996254574
5,185.43463749241823
5,381.1624142850204
5,264.87580575751656
5,245.68784894510287
5,148.46043415745467
5,251.9622249807138
5,114.5234580339686
5,333.52346594047305
5,153.8560586978891
5,214.81069004582383
5,170.123126864382
5,191.66835150511608
5,175.36288031698305
5,238.49518889203895
5,491.6140225245017
5,174.5451218561762
5,274.4415466478115
5,256.89249525892103
5,199.0665806740182
5,105.37902088107828
5,182.53182085668104
5,323.5488458197746
5,256.596566092165
5,326.57477802488745
5,151.02440060224976
5,319.38663597436937
5,132.5841732111816
5,307.5031597780305
5,200.00519570292778
5,242.75001778963502
5,158.89476103719784
5,201.75253318755244
5,222.75672702341564
5,311.8856222475481
5,209.8216857345199
5,193.09604030961873
5,79.58009684338457
5,85.21517551875141
5,188.9191469559393
5,154.93134330381196
5,411.2364982317668
5,350.9200347434396
5,287.6928481149199
5,52.348965998642335
5,157.79010941472666
5,266.0199899022643
5,72.54443737879046
5,266.0425799149937
5,297.1094949212004
5,283.8502869496367
5,169.586614062057
5,268.71497842089036
5,431.873604360776
5,271.71267311009126
5,332.8570605649536
5,95.93300705824947
5,285.45756635533866
5,165.57575730193923
5,122.32265992881887
5,102.05941851048233
5,142.6762613980733
5,321.9585089236198
5,316.6667984417409
5,242.5873696979828
5,210.59539367050434
5,274.2156465205168
5,208.2652338574593
5,114.19929135130067
5,216.86751070484226
5,264.8374027358764
5,184.21477680502673
5,571.3194939385348
5,118.33891118397645
5,340.3806643045043
5,84.14440891537441
5,263.0844177480694
5,234.83447732922795
5,247.0398612069618
5,220.0639975060626
5,236.95906802643484
5,225.48108255859003
5,322.419345183301
5,193.9307412799727
5,305.4949076463805
5,238.87696010716704
5,486.4827011330021
5,271.8109396654645
5,198.584283902244
5,281.3845870602148
5,285.05659362939053
5,223.39489488302326
5,189.71205640274377
5,215.78206059319112
5,161.26558287315595
5,292.1882606480849
5,93.53620670765247
5,213.0193020363767
5,319.54702506474865
5,211.03702841936553
5,269.3158727594943
5,169.03202924954846
5,251.90913845079953
5,55.06315602808842
5,158.26675868331853
5,294.9182636864416
5,163.72337625812253
5,205.38274823317863
5,477.2230549151914
5,198.73224848562202
5,237.33970974092642
5,90.57352653818221
5,264.28846542655026
5,214.39164530969217
5,134.8951315134066
5,218.8531728237629
5,188.68082232164335
5,207.48023091511013
5,312.085543860204
5,160.36424136525002
5,216.34681091142792
5,101.5771217387081
5,264.3618829679211
5,200.3361393894145
5,248.91144376159855
5,255.80478614599699
5,324.47503634168294
5,215.0049641552973
5,245.14568863959553
5,121.99058674169562
5,239.58967500878185
5,281.41621307803604
5,277.8108470464123
5,185.03818276901598
5,111.29534521492704
5,287.4161204589839
5,106.42945647299872
5,341.1871277589465
5,284.78777247790975
5,389.07117774160866
5,313.04110139866066
5,334.9172697258815
5,135.59090390547433
5,109.89928242824564
5,260.48769578481654
5,188.84459991393203
5,218.55385515509738
5,172.55945973725557
5,234.2347124912605
5,160.62515601227543
5,198.38097378767876
5,188.2335400695998
5,95.33437172091847
5,220.42204920782473
5,232.12141680041833
5,188.59498027327137
5,73.66942001271819
5,160.00280116157847
5,134.73474242302734
5,280.93165730498885
5,231.54875997772626
5,178.61697165066354
5,150.30603819745252
5,294.05193669826633
5,70.7835458865281
5,375.2878814747212
5,251.53753274139967
5,182.0777616008187
5,204.55030626409757
5,220.90434597959896
5,268.90473452781794
5,99.61969713569935
5,83.87219926198429
5,248.3263624319052
5,230.57174192717656
5,170.97702934555602
5,233.12215436433397
5,298.1610600137573
5,249.32258199327495
5,125.9076949489861
5,122.58018607393487
5,147.7443307539304
5,97.41830039521228
5,220.24923561044426
5,110.10485154408386
5,247.5097334717348
5,216.75681964246786
5,270.10765270566236
5,231.77804860693038
5,172.52783371943428
5,200.13057027357632
5,314.1129975026741
5,201.7807707034643
5,224.95021725944744
5,279.42490345593313
5,127.81881002589945
5,281.35522004366646
5,132.55254719336034
5,151.4118193205602
5,204.11431901841877
5,257.0653088563015
5,212.06148549664704
5,64.36233476817564
5,208.15002479253897
5,154.26267892701958
5,185.17259334475636
5,309.7542545465224
5,220.4570637275554
5,110.85145146479289
5,122.88853974769214
5,254.33869431985428
5,190.70375796156762
5,256.8642577430092
5,251.72841834896374
5,387.16683966851417
5,238.78208205370322
5,217.59716811600424
5,171.83883833118537
5,45.87466835037561
5,219.0700369459658
5,179.6583712374922
5,273.43516158071355
5,237.1985221613672
5,142.24253315366744
5,179.34888806309843
5,40.86646252825164
5,184.224942310755
5,102.5484922860754
5,132.37408609279748
5,159.5814974241738
5,269.46383734287235
5,147.6370281934654
5,198.63737043215826
5,168.21765929065103
5,223.23224679137107
5,326.0653732378378
5,134.5099717963691
5,305.40341809482607
5,105.60266200710004
5,239.95902171690875
5,423.72425726861894
5,156.6538317744342
5,119.341907749165
5,289.763222781576
5,169.1991953437466
5,213.54790833424636
5,212.16427005456617
5,169.4205774684954
5,169.50303101495797
5,176.07333621732496
5,110.5013062674861
5,177.55411155174187
5,228.94187250874518
5,270.3482363412312
5,195.21724250491616
5,387.8004895255758
5,201.53115106280364
5,145.91453972284313
5,317.28011728734606
5,244.39570021697708
5,237.7101859496898
5,434.12921713181385
5,147.0124143414955
5,332.68085846566373
5,206.73588999567403
5,253.40346779285412
5,284.9142765491948
5,301.14294169404764
5,240.84116171399464
5,247.45551744118407
5,93.9541219431477
5,10.626793788198299
5,154.03226079717896
5,323.41895324658014
5,205.81534697694804
5,135.43616231827747
5,147.66526570937722
5,251.67759082032242
5,263.9631692432459
5,144.21012326240447
5,203.05710642267945
5,378.6899373917797
5,315.68865089055475
5,165.12169804607686
5,245.8414610316633
5,254.50247191214294
5,315.9857095579473
5,149.86779195050076
5,180.70090032495733
5,201.14937984767556
5,184.4429359335944
5,353.12143148392664
5,219.54668621455767
5,161.82242668693743
5,238.36303731757152
5,165.74292339613734
5,250.026260889798
5,220.78461891213274
5,165.20076309063
5,79.01195802323835
5,154.244606916836
5,206.5822779091136
5,197.88625250890328
5,165.96430552088614
5,159.35107929433318
5,349.9565707005276
5,-66.16501778398752
5,230.56835342526716
5,454.1484864126721
5,102.81392493564671
5,45.2500544984057
5,131.53825562180705
5,362.4409412354704
5,248.59066558084007
5,167.50833289094558
5,241.19356591257437
5,265.1175188937219
5,313.40818910551457
5,208.9915027667118
5,113.99372223546247
5,157.91887248728466
5,148.90771640949822
5,237.12962262254234
5,191.04486715378266
5,297.99050541764984
5,229.41400377479113
5,373.50214096845644
5,182.74642597761104
5,185.40865897777934
5,222.18971770390596
5,299.66555486154016
5,278.87144814406105
5,233.54458760237512
5,181.5977238303174
5,168.22669529574281
5,176.46979094072717
5,131.6376516778167
5,159.5430944025337
5,395.1569271709285
5,123.37648402264874
5,222.83466256733237
5,333.17670924507564
5,257.17487041803946
5,477.50881857621926
5,230.70050499973456
5,198.31546275076326
5,140.49406616840625
5,272.5191365645335
5,430.79831975485314
5,196.86970193607704
5,272.34406396588
5,114.23543537166782
5,149.46004222073378
5,297.683281244529
5,159.4403098446146
5,206.5743714046583
5,247.73337459775658
5,189.45678925890073
5,256.7208111621771
5,626.9135152657659
5,265.9669033723501
5,298.86022090773446
5,222.21456671790835
5,248.84254422277365
5,138.78739070669465
5,536.7398319528953
5,363.2632176988232
5,201.93890079257056
5,399.4591950952564
5,185.90789825910065
5,199.23713527012572
5,204.6903643430203
5,302.5310979762737
5,225.58273761587267
5,159.0303011135747
5,154.0774408226379
5,193.71048865586033
5,192.9672772370607
5,108.34170105054855
5,110.05063551353311
5,221.00938953879103
5,237.81861801079123
5,485.80161224920846
5,158.65191840035604
5,364.297840281833
5,216.2078823331417
5,147.0496878624991
5,177.90425674904867
5,239.9861297321841
5,245.8787345526669
5,372.299222790612
5,149.89377046513965
5,265.1864184325468
5,205.9723475654179
5,151.56204290521117
5,78.36023615599306
5,215.4420809016126
5,205.9452395501425
5,189.77643793902277
5,135.50393235646587
5,160.2659748098768
5,201.95923180402713
5,224.41144545584953
5,273.4046650635288
5,225.36700299430618
5,208.57245803058012
5,153.41103544711848
5,315.4345132473482
5,186.38680652896548
5,195.85541036452372
5,237.9575465890775
5,275.2909311264397
5,234.95646339796713
5,246.83316259048712
5,124.82789234051734
5,221.85538551550974
5,87.06190905938575
5,282.53328920750846
5,229.36995324996866
5,288.8110537450288
5,228.93848400683572
5,339.0512420553749
5,238.9040681224424
5,204.88124995058436
5,309.5159299122265
5,208.9485817425258
5,378.6255558555008
5,216.02716223130594
5,173.62119033554075
5,373.86358117212797
5,325.4701264024162
5,245.11858062432017
5,373.99799174786835
5,250.3086360489164
5,170.91942481309587
5,198.40921130359055
5,102.8229609407385
5,155.22162496738568
5,283.66053084270914
5,130.6753171355412
5,205.6922314075724
5,250.59778821185364
5,376.2140719966295
5,273.0353183554019
5,237.3532637485641
5,293.29743027310195
5,251.93398746480196
5,263.9394497298799
5,173.0372385064839
5,261.37661278572125
5,192.30200136217778
5,88.56075640398623
5,176.60646051774052
5,277.2754637447238
5,263.77680163822777
5,197.8342954796255
5,166.6013438798573
5,255.3620218964993
5,14.005807892272747
5,140.93231241535804
5,355.36687874923615
5,168.59943050577908
5,299.26006413304617
5,241.8226977670902
5,174.27178270214955
5,210.91504235062638
5,190.8280030315797
5,256.5197600488848
5,225.69229917761058
5,243.12614150158072
5,189.5268182983621
5,94.87918296441961
5,234.46174211919168
5,391.81586428823954
5,101.88999341501129
5,329.40304761861734
5,334.5061314942051
5,161.11422978786848
5,71.37201571813085
5,296.8022707480796
5,192.55613900538432
5,83.99644433199637
5,300.92381857057177
5,210.79531528316016
5,166.3517242391966
5,262.45980389609946
5,217.18038238114548
5,199.19534374657619
5,119.50003783827133
5,317.14796571287866
5,194.06515185571308
5,141.28245761266487
5,122.98002929924651
5,81.01569215234252
5,269.43785882823346
5,226.60154718997185
5,183.13949219910387
5,316.43412131062735
5,316.56853188636774
5,200.5981835370764
5,245.18409166123564
5,280.6673541560541
5,111.89059205034863
5,197.98338956364003
5,144.30726031714116
5,195.3358400717459
5,115.19776991394335
5,159.04950262439473
5,225.17498788610567
5,114.00162873991779
5,376.98890943325046
5,289.9846049063249
5,430.97565135477953
5,277.9520346259715
5,220.8625544560494
5,151.4163373231061
5,130.36357495987448
5,202.88203382402605
5,265.17173492427264
5,134.7403899262097
5,301.9776426644016
5,106.79202617730675
5,124.97359792262245
5,294.99619923035823
5,173.82224144883307
5,184.21251780375377
5,339.31441570367326
5,217.6231466306431
5,196.90810495771711
5,260.69326490065475
5,349.0303801786192
5,165.40520270583173
5,212.59686879833555
5,415.97927140431943
5,159.53179939616896
5,108.65457272685174
5,332.5295053803763
5,307.71324689641466
5,227.43398915905289
5,399.0830713833107
5,227.4509316686
5,289.2843145117112
5,237.4232927880255
5,173.20327510004552
5,398.75438669809694
5,207.87668563851236
5,210.41919157121444
5,242.96801141247443
5,185.55436455988445
5,189.92440252240084
5,183.40944285122103
5,245.8719575488481
5,217.83662225093664
5,271.123073777852
5,216.74100663355722
5,142.06294255246812
5,229.6636234154518
5,102.46490923897636
5,294.5263269655852
5,108.41285959064638
5,97.61935150850456
5,328.6519296953624
5,196.59975128395985
5,283.3341051587683
5,75.58392359154094
5,281.5483646525035
5,232.04122225522875
5,303.4629360013644
5,84.183941437651
6,149.09860201706223
6,247.38322940044978
6,271.2574843535924
6,80.50515786465647
6,332.63793744147773
6,339.68150341052717
6,173.16374257776891
6,169.1935478405642
6,30.582359233159426
6,177.63882409947738
6,80.46562534237988
6,125.65355730577954
6,168.63444502550976
6,240.5904125726975
6,275.9550775006862
6,474.75396652386013
6,245.49018633372
6,298.2966000901341
6,185.22906837658005
6,174.38699176706984
6,105.58797849882588
6,231.2132982886936
6,223.70663705868998
6,196.07001548545375
6,146.11446133549896
6,202.0157068358508
6,210.1266509063678
6,136.78365657759048
6,421.21111835246523
6,287.31107689979183
6,120.66568249511208
6,209.82620373706578
6,265.4800885980299
6,189.35965220416404
6,180.14405651117585
6,91.51101206645531
6,15.10255301028862
6,232.2569568767952
6,217.40176450589428
6,171.76429128917815
6,358.83557520384664
6,171.04254038247151
6,340.57042041143194
6,208.6153790547661
6,145.9811802603951
6,127.29472173057569
6,120.37314183026541
6,163.1733094481599
6,151.0424726124333
6,167.81555706406638
6,238.2952672793831
6,124.41675410884093
6,233.08036284078446
6,164.28360857381344
6,258.30211205324014
6,197.11706257546473
6,205.05519304860127
6,260.98015806231905
6,316.66566894110446
6,318.2932793582629
6,128.0266381430106
6,267.3753906660327
6,256.1842983598521
6,169.14384981255935
6,114.23430587103135
6,223.04926768826232
6,250.60682421694545
6,273.8067672901133
6,301.14294169404764
6,117.97182347712253
6,217.83662225093664
6,275.49537074164135
6,308.42709129866597
6,279.7411636341457
6,45.74138727527173
6,121.76242761312797
6,242.8832988647389
6,196.9227884659913
6,350.11131228772445
6,148.94273092922887
6,224.16521431709828
6,200.4750679677008
6,159.02578311102877
6,147.2586454802467
6,159.31380577332953
6,296.3990390208585
6,154.1248798493698
6,82.78787865096962
6,266.74625881151684
6,510.91944740310856
6,147.34448752861874
6,64.37024127263095
6,139.72600573560422
6,204.65760882456254
6,209.01296327880482
6,240.31707341867087
6,136.75428956104216
6,176.1772502758805
6,329.29009755497
6,230.66661998064038
6,78.27665310889404
6,203.80822434593443
6,200.56768701989165
6,247.88133918113465
6,197.55869732432592
6,180.79916688033055
6,199.37493434777548
6,192.32120287299784
6,151.0085875933391
6,150.45739128274
6,257.1150068843064
6,280.00433728244406
6,66.05206772034015
6,177.77210517458127
6,229.34849273787563
6,238.47711688185535
6,72.63479742970836
6,53.790208810782666
6,350.54391103149385
6,229.77544397846268
6,138.95794530280216
6,233.99525835632807
6,291.2948256446343
6,219.00452590905036
6,178.1470993858905
6,238.26590026283478
6,132.06799142031318
6,285.02157910965985
6,310.05357221518796
6,71.94128403891357
6,155.06801288082525
6,187.0340103936649
6,143.1370976577545
6,161.39434594571395
6,267.58773678568963
6,203.15537297805267
6,58.89103368509748
6,186.25126645258862
6,179.1139519307119
6,93.90442391514289
6,231.3793348822552
6,148.60839874083268
6,175.4204848494432
6,152.575204976128
6,295.2288763614718
6,115.78059224236372
6,163.6499587167517
6,252.76191143133707
6,218.96273438550082
6,205.17604961670395
6,92.957902381778
6,205.65721688784168
6,90.49333199299258
6,214.32274577086727
6,168.22782479637925
6,189.79112144729692
6,138.00012876307255
6,203.7359363052001
6,292.2661961920016
6,110.18165758736403
6,170.28351595476124
6,150.9758320748814
6,44.68304517889596
6,261.73240548621044
6,141.54789026223617
6,207.49039642083838
6,228.48781325288275
6,83.73101168242508
6,185.51370253697135
6,309.645822485421
6,191.93943165786976
6,112.83033657989466
6,120.79783406957951
6,52.12645437325704
6,143.67473996071598
6,144.6020599832608
6,268.04857304537086
6,156.83116337436056
6,131.30670799132994
6,242.59753520371112
6,44.71467119671723
6,243.71687033445644
6,266.7982158407946
6,218.48156711436306
6,151.06619212579926
6,158.55252234434633
6,311.73426916226066
6,242.38180058214462
6,131.73817723446285
6,51.959288279058946
6,150.7352484393125
6,335.16124186335975
6,89.56149396790185
6,163.90070785804886
6,224.8361376951636
6,164.52645121065527
6,150.9362995526048
6,54.89598993389033
6,134.87141200004066
6,223.7348745746018
6,73.87611862919286
6,141.90029446081593
6,189.70753840019788
6,70.530537743958
6,210.29494650120236
6,131.29315398369226
6,95.47555930047766
6,166.3607602442884
6,156.79614885462988
6,216.39086143625045
6,136.44254738537546
6,255.23325882394138
6,210.78289077615895
6,251.61659778595285
6,164.3796161279137
6,109.54687822966588
6,73.08095018111544
6,180.9968294917134
6,111.15076913345841
6,147.08244338095685
6,269.37799529450035
6,150.0541595555189
6,305.9376718958781
6,160.3653708658865
6,125.92689645980614
6,231.8119336260246
6,149.67577684230025
6,245.31737273633956
6,311.9725937965566
6,92.80654929649053
6,136.0844956836133
6,179.80068831768787
6,172.73114383399954
6,144.75793107109416
6,275.66027783456656
6,160.40377388752657
6,164.8709489047797
6,242.34678606241394
6,206.1237006507053
6,89.65524252072915
6,78.89900795959099
6,192.02979170878766
6,144.25417378722693
6,119.48535432999715
6,168.33738635811721
6,141.60888329660574
6,118.04524101849331
6,154.8014507306175
6,476.70009612050416
6,108.35977306073212
6,177.01985775068985
6,100.40695907932144
6,298.75969535108834
6,153.29582638219816
6,120.29181778443933
6,108.56873067847974
6,24.628761378307033
6,139.56674614586146
6,47.6299123394556
6,234.34992155618082
6,183.9290131439989
6,231.52278146308737
6,195.0658894196287
6,85.36201060149297
6,184.58186451188064
6,399.63200869263693
6,62.697450830013544
6,221.84183150787203
6,276.4452807769157
6,348.1968087089017
6,219.33885809744655
6,251.90349094761717
6,127.71941396988979
6,74.3527678977847
6,89.63942951181853
6,207.48813741956545
6,19.536972509084006
6,197.1385230875578
6,116.34534256060053
6,310.9763742351869
6,106.93321375686594
6,207.570590966028
6,138.24523040118734
6,324.2468772131153
6,85.34958609449177
6,293.56738092521914
6,237.95302858653162
6,165.82763594387285
6,118.75343791756227
6,282.8472903844481
6,138.13340983817642
6,217.15440386650658
6,254.61993997833616
6,198.43970782077537
6,175.14601619478012
6,96.73269350887279
6,60.61804015826562
6,201.3278409482384
6,114.88489823764016
6,65.2117192468038
6,320.2958839867306
6,251.1173585046315
6,172.4555456787
6,214.10023414548195
6,91.82501324339495
6,193.1909183630825
6,121.75000310612674
6,316.707460464654
6,185.92597026928422
6,228.1602580683054
6,146.19578538132507
6,148.7653993293025
6,221.89152953587688
6,131.4366005645244
6,44.797124743179786
6,245.56021537318136
6,129.3357293806835
6,94.28958363218037
6,164.64391927684852
6,101.55340222534215
6,115.77155623727195
6,103.35495574051755
6,259.1774750465072
6,323.9306170349027
6,174.22773217732708
6,279.75810614369277
6,283.3747671816813
6,163.25011549144008
6,155.99646240400656
6,279.76375364687516
6,244.24095862978018
6,131.1722974155896
6,195.40361010993428
6,101.28684007513438
6,384.1442959653108
6,195.33019256856352
6,174.6817914331895
6,271.46757147197656
6,347.16331562652834
6,153.7092236151475
6,79.32144119763211
6,231.88196266548593
6,239.08591772491465
6,213.51289381451568
6,205.82212398076686
6,190.63485842274272
6,140.8069378447095
6,93.3216015867225
6,71.85995999308746
6,157.5020867524259
6,68.06257885326318
6,131.91099083184332
6,214.29676725622835
6,140.56296570723117
6,237.38263076511242
6,180.04466045516617
6,269.34072177349674
6,217.61411062555132
6,160.2445142977838
6,144.6912905335422
6,177.78227068030952
6,178.62374865448237
6,228.14218605812184
6,119.85357153748755
6,255.36089239586286
6,231.99039472658745
6,255.5721090148834
6,131.91324983311628
6,272.98787932867003
6,207.85974312896525
6,356.7098550060033
6,156.26754255676022
6,90.668404591646
6,220.58356779884045
6,185.90563925782772
6,83.55368008249872
6,190.0204100765011
6,245.37610676943618
6,137.2027013137222
6,176.94079270613668
6,193.0147162637926
6,74.6995245931821
6,140.72335479761043
6,116.56107718216698
6,176.23711380961362
6,161.91956374167415
6,281.33150053030056
6,132.5491586914509
6,288.8460682647594
6,244.96948654030567
6,233.76709922776044
6,155.463338103591
6,236.5885918176715
6,139.1883634326428
6,193.38858097446538
6,145.54632251535273
6,102.51347776634474
6,420.26120831719095
6,148.06623843532535
6,134.54837481800922
6,141.44962370686295
6,121.22704431143946
6,236.41238971838163
6,178.5412951080198
6,344.24355648124407
6,249.16332240353216
6,87.35557922486889
6,203.80370634338854
6,159.40981332742982
6,110.18165758736403
6,143.18227768321347
6,149.47246672773497
6,170.30158796494482
6,112.7908040576181
6,111.70309494469399
6,182.38046777139357
6,365.5267369743163
6,113.08334472246474
6,250.37753558774133
6,136.28328779563267
6,178.70507270030848
6,185.5905085802516
6,82.85790769043099
6,239.9138416914498
6,240.951852776369
6,203.71786429501654
6,187.8585458582906
6,81.89896165006488
6,205.09020756833192
6,88.4037558155164
6,102.82521994201144
6,270.84408712064305
6,358.20870235060374
6,181.33567968265552
6,305.34581356236595
6,30.583488733795903
6,196.14682152873394
6,294.1671457631866
6,117.84306040456454
6,175.9389256415846
6,117.46693669261883
6,185.21777337021527
6,181.26678014383063
6,159.27314375041652
6,269.29554174803775
6,147.53876163809218
6,246.33279380852932
6,151.7574465153211
6,302.3311763636179
6,151.5179923803887
6,112.09390216491389
6,200.19946981240122
6,303.63349059747196
6,41.63339346041722
6,125.48639121158145
6,228.90008098519561
6,162.01331229450147
6,116.10588842566813
6,153.16819281027665
6,113.06188421037174
6,235.81940188423295
6,231.82209913175285
6,158.38987425269414
6,88.92106710702132
6,214.56219990579967
6,185.9237112680113
6,163.4037275780005
6,211.9733844470021
6,204.49383123227392
6,80.03641510051992
6,98.77596016025356
6,44.45714505160123
6,192.52903099010896
6,201.107588324126
6,229.15760713031162
6,95.5218688265731
6,98.32641890693705
6,229.68621342818128
6,305.98962892515584
6,263.85473718214433
6,140.19926650228666
6,175.48825488763163
6,86.63495781879874
6,113.34764787139957
6,241.1133713673848
6,131.28863598114637
6,195.3313220692
6,77.79774483902922
6,30.85230988527662
6,114.76517117017396
6,247.5537839965573
6,124.18407697772737
6,192.33814538254492
6,88.19931620031468
6,223.6591980319581
6,166.61150938558552
6,149.40808519145602
6,135.14813965597668
6,102.74728439809476
6,156.98025745837506
6,126.72884191170242
6,160.85444464147955
6,274.7691018323889
6,164.54339372020235
6,292.1317856162612
6,291.89120198069236
6,205.3206256981726
6,131.41288105115848
6,192.7233050995824
6,255.77090112690277
6,195.78312232378946
6,176.98936123350506
6,350.9313297498043
6,158.4768458017026
6,217.2086198970573
6,210.6439621978727
6,250.2126284948162
6,299.5559932998022
6,186.87700980519503
6,405.78326915887214
6,93.87279789732162
6,412.9657637062078
6,255.931290217282
6,177.2694773913505
6,118.21353661332788
6,210.06565787199818
6,282.9737944557332
6,275.2321970933431
6,78.80074140421777
6,103.7604464690116
6,120.10206167751177
6,136.90677214696612
6,205.9576640571437
6,156.30481607776386
6,173.16035407585952
6,181.11429755790667
6,129.13806676930062
6,272.1113868347665
6,97.86897114916523
6,181.89817099961934
6,196.764658376885
6,129.97163823901815
6,325.06576517455863
6,258.351810081245
6,200.35308189896165
6,329.90793440312103
6,382.2410873928527
6,185.5521055586115
6,186.71323221290635
6,183.62065947024158
6,271.95890424884254
6,146.67017564864398
6,361.3746926346393
6,263.3826059160984
6,306.36349363582866
6,7.134151920094607
6,237.7135744515992
6,134.299884677985
6,156.58041423306344
6,166.83740951288027
6,30.703215801262104
6,156.73289681898737
6,219.42131164390912
6,266.7360933057886
6,122.73605716176822
6,48.6656644231019
6,118.87429448566495
6,62.68841482492175
6,100.78421229190363
6,141.75571837934731
6,218.4928621207278
6,72.69466096344145
6,214.36566679505322
6,242.73646378199734
6,181.6790478761435
6,257.62667067262896
6,353.1666115093856
6,212.13151453610843
6,181.28937015656007
6,173.2936351509634
6,134.16547410224464
6,180.650072796316
6,88.12476915830743
6,128.56653944724496
6,240.5305490389644
6,252.94714953571878
6,251.32066861919677
6,246.00862712586138
6,96.70671499423389
6,140.11116545264173
6,240.97105428718908
6,155.04203436618636
6,271.7296156196384
6,254.54200443441948
6,155.71069874297874
6,222.71154699795673
6,68.52793311549031
6,129.62036354107485
6,217.9111692929439
6,155.58645367296663
6,262.8336686067723
6,150.06432506124716
6,177.0718147799676
6,179.60076670503202
6,602.8167486872379
6,251.68775632605067
6,313.79334882255205
6,209.8103907281552
6,134.75620293512037
6,235.9210569415156
7,87.32960071023
7,66.36832789855276
7,225.74086770497894
7,63.16506409351362
7,120.6013009588331
7,184.29835985212577
7,105.9290876910409
7,188.34874913452012
7,78.30037262225997
7,95.96011507352483
7,128.16895522320627
7,72.07456511401745
7,215.3573683538771
7,73.3644548408703
7,120.27487527489222
7,164.79979036468188
7,240.3837139562228
7,197.10012006591765
7,200.24126133595078
7,114.28965140221857
7,159.32284177842135
7,144.54332595016416
7,121.9397592130543
7,87.24037015994858
7,120.61485496647077
7,104.42233384198511
7,155.21597746420332
7,91.80920023448432
7,164.344601608183
7,152.15390123872336
7,147.74546025456686
7,167.3242242872004
