AllLeagueRec_Scouts,Scouts
1,0.0935819717705959
1,0.14398073153604
1,0.0996493736584083
1,0.143181459285008
1,0.12541494310105
1,0.163664136446326
1,0.121169883299172
1,0.159564104715722
1,0.137851944949537
1,0.11866480967687
1,0.117086118787549
1,0.19202553257223
1,0.188238810547363
1,0.130127274472659
1,0.219339531709324
1,0.1769315990404
1,0.138166993992423
1,0.140911979316245
1,0.146641773976489
1,0.104020467190732
1,0.164191182661651
1,0.151340977750101
1,0.248864626002837
1,0.097465739840232
1,0.13134932188726
1,0.178683703266108
1,0.126124762808332
1,0.142402323927079
1,0.14181396817782
1,0.163384497132282
1,0.11579508192172
1,0.130224041501532
1,0.157523578586445
1,0.0979684651586667
1,0.110828461148936
1,0.126633106495974
1,0.134238259109611
1,0.245806839653544
1,0.139969609158168
1,0.170172516759083
1,0.113540206412849
1,0.263396116736809
1,0.147920939719411
1,0.154365808945012
1,0.150789117058982
1,0.199954869469181
1,0.315666949267061
1,0.143469345570797
1,0.128656388460087
1,0.115053236457723
1,0.137715528274077
1,0.241608654411181
1,0.165864105856565
1,0.264693095558445
1,0.159033611640489
1,0.145552761085221
1,0.0602358806819754
1,0.125637084868286
1,0.10890579387083
1,0.106206693752908
1,0.0971791379173376
1,0.140597934730823
1,0.190267416996836
1,0.0994030477877897
1,0.122430691480019
1,0.123432805906667
1,0.164866728220474
1,0.160803406824897
1,0.103624520064696
1,0.163272204472634
1,0.213693539168398
1,0.137586563397521
1,0.317815842072792
1,0.0995428669454166
1,0.118221378826133
1,0.118370072980953
1,0.0971030854419377
1,0.0991606589266024
1,0.16018557045763
1,0.0810435048646348
1,0.150731268943293
1,0.186162830341702
1,0.101917713134879
1,0.0966896977603747
1,0.122551786623145
1,0.282982566255781
1,0.121158226787431
1,0.163293704686525
1,0.147236133345453
1,0.174062958192642
1,0.17585541851812
1,0.0780190403468079
1,0.064278947355975
1,0.297431778724567
1,0.0904483851385848
1,0.0690061636693084
1,0.141145907566415
1,0.137749747403337
1,0.23892429165936
1,0.169972482926123
1,0.266623985337232
1,0.12899233193518
1,0.130188263960774
1,0.0967410181837607
1,0.106589717004644
1,0.15473981592385
1,0.0637815280732413
1,0.178790971644342
1,0.259049295520731
1,0.157033386661109
1,0.166494565481877
1,0.104306956289683
1,0.379963796222935
1,0.160318755860261
1,0.0775144887259933
1,0.109188423213688
1,0.100238846256788
1,0.157951118529601
1,0.136191892846545
1,0.120077472471257
1,0.216533904991976
1,0.0701939696618407
1,0.217736297298437
1,0.0813339094551242
1,0.112122339367334
1,0.503709062558333
1,0.192005612764201
1,0.186536716352446
1,0.222143348327637
1,0.0998954769996495
1,0.386562619299401
1,0.123992301075022
1,0.156479641169389
1,0.185744930858984
1,0.171350912058459
1,0.0893817256705061
1,0.109493092465822
1,0.155861091545312
1,0.20804712901536
1,0.221196340270815
1,0.132279338304381
1,0.202975758216132
1,0.0818119685699055
1,0.231515619943013
1,0.255728074312697
1,0.123309658152123
1,0.210295786376498
1,0.178365515558546
1,0.158071895238238
1,0.213348949899613
1,0.191064308491494
1,0.190636605470114
1,0.112128761249365
1,0.192191022260804
1,0.178682916785229
1,0.132799247230527
1,0.215892152983736
1,0.18629878707975
1,0.110354795744074
1,0.1719518910844
1,0.317260124694081
1,0.159591780114562
1,Inf
1,0.308042230857786
1,0.133299870964443
1,0.128077049864885
1,0.127366717401772
2,0.191456484287912
2,0.156457117691479
2,0.108146910048525
2,0.194917854991747
2,0.178298503190682
2,0.118412293391878
2,0.274207096863005
2,0.120238852434233
2,0.109913635686745
2,0.0742204839590696
2,0.129264251025624
2,0.175859492956485
2,0.111430688256932
2,0.0968212336218213
2,0.221264697645452
2,0.058589012868926
2,0.218860200546639
2,0.0849765585950015
2,0.288529133353837
2,0.13912435274158
2,0.122051942961584
2,0.174922070224853
2,0.124143665807051
2,0.113064387192504
2,0.201844415679724
2,0.164331327956938
2,0.200614566746941
2,0.238116237720142
2,0.172427360187904
2,0.131738733230993
2,0.09422100354852
2,0.18372362916108
2,0.10526182294522
2,0.109028205647433
2,0.102125591043679
2,0.0855771573511539
2,0.230911622183285
2,0.101310108865236
2,0.142139288651091
2,0.125832372064735
2,0.163809682768347
2,0.214966810196646
2,0.171824730080257
2,0.184446906689485
2,0.167441873071832
2,0.112191212967959
2,0.202812619436371
2,0.102732883449728
2,0.166280699771944
2,0.0682082335268138
2,0.154747031025493
2,0.119699040236943
2,0.17068057929127
2,0.417970292656127
2,0.156856825096321
2,0.228474786206015
2,0.126277623309441
2,0.187635379355284
2,0.121680252186553
2,0.146726638067825
2,0.0607182873702506
2,0.109790081054755
2,0.119360572290651
2,0.443666615726902
2,0.129449993640168
2,0.176091009315233
2,0.244366074164008
2,0.205079438851282
2,0.102291856281338
2,0.161011654982245
2,0.175055226108583
2,0.156900291025909
2,0.134340301094633
2,0.257247185280627
2,Inf
2,0.165550494883677
2,0.118321105100601
2,0.114398286315802
2,0.29297607259981
2,0.0913295336628775
2,0.145403622946654
2,0.156774199361945
2,0.169258247291168
2,0.185650035268428
2,0.15480370706501
2,0.118228854678746
2,0.179811471290207
2,0.391770307888437
2,0.0805445369134839
2,0.113349398565693
2,0.0989184196661176
2,0.107030585531961
2,0.196541762053478
2,0.132847353338476
2,0.0690802971319969
2,0.120683105484745
2,0.122881283415343
2,0.239653395746694
2,0.207548167337716
2,0.10699786383675
2,0.150910718282168
2,0.14791033294507
2,0.134414839848861
2,0.140276451201075
2,0.206843869692709
2,0.133711696055917
2,0.159163862152949
2,0.121451683148172
2,0.135241617209672
2,0.171958755108572
2,0.154670040537012
2,0.12987559327085
2,0.13748940477163
2,0.169126443033699
2,0.292198539468258
2,0.123563190505322
2,0.144908773139825
2,0.1112672678916
2,0.206881849109096
2,0.192491175778064
2,0.234435630128845
2,0.109308190262287
2,0.146882669633158
2,0.11363924015962
2,0.132488451784454
2,0.164169249519352
2,0.149868596430161
2,0.242019663755052
2,0.165813555763254
2,0.281598735529702
2,0.134579389563962
2,0.319092659617393
2,0.132335305413719
2,0.142217799409795
2,0.162697757450923
2,0.0973514632431337
2,0.133890727962193
2,0.127215900457684
2,0.140759837476615
2,0.331922682969444
2,0.124057193423051
2,Inf
2,0.124322732948466
2,0.18467689572931
2,0.277341692990573
2,0.166376346971284
2,0.0814617718177988
2,0.169108895215578
2,0.107193612451505
2,0.284342801807585
2,0.0766414493972837
2,0.142007937052863
2,0.123610793611595
2,0.108787715451167
2,0.135198016594614
2,0.195129047739111
2,0.225479120394222
2,0.18571622569443
2,0.43196608427044
2,0.118976063292835
2,0.161744196846892
2,0.134877142739058
2,0.136554803906527
2,0.140082833665826
2,0.0848223096667935
2,0.0969981738993792
2,0.102470636916151
2,0.26225617407272
2,0.137228645865071
2,0.135288801498174
2,0.196983135517952
2,0.364262216985225
2,0.193656928365855
2,0.103248919881197
2,0.193698509816023
2,0.161998784786136
2,0.141124106916945
2,0.179773909912919
2,0.0903395362653587
2,0.145968060913174
2,0.263710184947108
2,0.253414515805755
2,0.0794437859177719
2,0.23988182335841
2,0.0888670590038585
2,0.110734351727829
2,0.172925281635295
2,0.121365355249119
2,0.0952394807317224
2,0.217117353385045
2,0.284924170065065
2,0.17380115555332
2,0.191608748370064
2,0.11496542277837
2,0.241479594912716
2,0.137764042621203
2,0.122863780682669
2,0.22901561387893
2,0.196784176991184
2,0.224154438189886
2,0.097654740158628
2,0.230720256830363
2,0.174071443366064
2,0.139486977260388
2,0.130822190996449
2,0.112723116163027
2,0.173729846823629
2,0.500066097902577
2,0.183486780068815
2,0.142881472483347
2,0.090810675142602
2,0.129981865533678
2,0.135869604270897
2,0.197851216259175
2,0.237854254105467
2,0.235285256657664
2,0.0859732321700259
2,0.110801863970954
2,0.366649238384548
2,0.111260194484647
2,0.0976729065769179
2,0.291003560203391
2,0.11861149523464
2,0.242417272715927
2,0.219235736318463
2,0.120853200747318
2,0.0919322369948187
2,0.319987368466653
2,0.18417878760427
2,0.131660123221262
2,0.243761201531995
2,0.129729516634889
2,0.207526361339506
2,0.121495912428315
2,0.133181812954921
2,0.143233677441155
2,0.191528447869821
2,0.133399912675747
2,0.245394947864937
2,0.127331459149576
2,0.171453772091936
2,0.103704860810335
2,0.0885767343695577
2,0.147803493169284
2,0.212008765443682
2,0.157801671835562
2,0.0603552802709757
2,0.0764217619131717
2,0.0569237638818108
2,0.296967408430592
2,0.0971433964295017
2,0.0834046851484736
2,0.277091278535937
2,0.144174349520854
2,0.0810095248105375
2,0.194653342994612
2,0.138983753227223
2,0.133062929678079
2,0.109016841074172
2,0.247985446864125
2,0.23218235566802
2,0.138980451442871
2,0.129878610159628
2,0.217342750070209
2,0.134699183746814
2,0.127268883337125
2,0.16700602593377
2,0.112697566243328
2,0.127831769647308
2,0.186044254272331
2,0.0955714400617529
2,0.133107981723972
2,0.115520838819625
2,0.0961524258109156
2,0.12642177221732
2,0.187251095504642
2,0.135367740425204
2,0.115400405722448
2,0.148174165081882
2,0.153032159313817
2,0.179115416115592
2,0.128761295028596
2,0.253634679325059
2,0.104453682984724
2,0.182322073923208
2,0.165433246450812
2,0.0918394082536771
2,0.173671923742792
2,0.257246315331326
2,0.100325763842648
2,0.108469107456905
2,0.150519463532191
2,0.0987355600111619
2,0.126299336960431
2,0.220439763996567
2,0.222883840013939
2,0.11503230723983
2,0.163759071739044
2,0.157813323708854
2,0.106472676929968
2,0.320460840673869
2,0.237228854853039
2,0.138868139674267
2,0.0491336994930366
2,0.198911166499971
2,0.148296206703863
2,0.144577458051759
2,0.161564939783043
2,0.157230100359847
2,0.132855819630679
2,0.216231989010643
2,0.214685161337235
2,0.210094777769878
2,0.149352750473473
2,0.136878799479386
2,0.130232548691392
2,0.153454669023914
2,0.132273845253559
2,0.219942482501965
2,0.103376546338223
2,0.17078122820225
2,0.111487107929763
2,0.191166359036319
2,0.0763583100294959
2,0.136439080292865
2,0.257773655392295
2,0.168543516751683
2,0.122194712698686
2,0.176351711638433
2,0.154359183715336
2,0.186709986467287
2,0.147326686763118
2,0.147025811151387
2,0.142723583510447
2,0.118677550923443
2,0.133806523968403
2,0.173802078416411
2,0.175641818861139
2,0.134006636986366
2,0.114400308381726
2,0.0999681208152541
2,0.205068847969987
2,0.19598203876747
2,0.122637039906616
2,0.153474435461798
2,0.188279223165159
2,0.131395937233309
3,0.166457418462787
3,0.148677220154127
3,0.205882424942169
3,0.139036089554207
3,0.119677487256101
3,0.189917441827987
3,0.115884311123095
3,0.167398213502561
3,0.132624026081367
3,0.096062100805495
3,0.181125997085627
3,0.0901462947778045
3,0.0850196833005654
3,0.112399697128885
3,0.15266371782104
3,0.118537045607201
3,0.149880249919991
3,0.17858856324085
3,0.158338939597644
3,0.212075035785603
3,0.134332430683939
3,0.10767589215199
3,0.176151926388821
3,0.248960807091927
3,0.121149963698867
3,0.175971577886164
3,0.101938976854
3,0.179551949162082
3,0.200563287732405
3,0.129675602323045
3,0.162814412767353
3,0.132646579791181
3,0.115985925538527
3,0.192236342062197
3,0.142353670427654
3,0.109289885577362
3,0.142312406254463
3,0.168075624504418
3,0.116515133157158
3,0.104311447431011
3,0.179933717638076
3,0.127543743182683
3,0.116144063437697
3,0.375387834770036
3,0.277763759616353
3,0.169203229258851
3,0.199913201331702
3,0.106186949950139
3,0.197137767214422
3,0.0995536034824675
3,0.140298922401979
3,0.124478633969113
3,0.108948753602759
3,0.138502355352629
3,0.120043617578169
3,0.253043179442167
3,0.336458526239811
3,0.165979504377439
3,0.133192444835824
3,0.0752107709654849
3,0.14586214789886
3,0.182135810152933
3,0.152211609909538
3,0.184448281219662
3,0.166584654355754
3,0.196767425072994
3,0.130911435796241
3,0.169666652482675
3,0.220114913406296
3,0.134315369221465
3,0.19070611082925
3,0.134796989550827
3,0.163690144258219
3,0.12586300560161
3,0.227715753290063
3,0.0658912665010809
3,0.138634035869459
3,0.207640185004634
3,0.16349435096697
3,0.221626972896044
3,0.145184738193617
3,0.204598887428038
3,0.0972659970165425
3,0.183816368039052
3,0.248274061211374
3,0.165685969994064
3,0.325010302609247
3,0.153623284990066
3,0.371396874241202
3,0.177902850953475
3,0.133565125134152
3,0.162910993927251
3,0.171868830944022
3,0.217250819448417
3,0.0806168196318839
3,0.0810635346311872
3,0.210815731417152
3,0.138711250076912
3,0.158849502342137
3,0.220361492124934
3,0.17876990240707
3,0.171227603552869
3,0.123077246197723
3,0.180790217856386
3,0.198776974235725
3,0.112417819395529
3,0.322528267968156
3,0.209928726022356
3,0.149359418850831
3,0.125392914238074
3,0.117920880175313
3,0.153462027148472
3,0.128061698917926
3,0.103107226411339
3,0.0600584769269762
3,0.120732918813974
3,0.24074607066844
3,0.133618460940439
3,0.127439584610731
3,0.120528914767348
3,0.136722384068692
3,0.175938694915149
3,0.176926996366344
3,0.159047022139734
3,0.132356767408562
3,0.180282298684654
3,0.143410568656757
3,0.360117805890466
3,0.0683404030843981
3,0.197597726161645
3,0.149765758069333
3,0.206097133219739
3,0.134321775050941
3,0.151696677002948
3,0.155149757281175
3,0.125522983430865
3,0.149707198976777
3,0.130642125184574
3,0.212275748962537
3,0.305856477317299
3,0.179962662632698
3,0.209406675489771
3,0.176053354071037
3,0.137220946284776
3,0.126692312867474
3,0.161381539864434
3,0.221258492084177
3,0.17628140922742
3,0.238857678239388
3,0.136673089107445
3,0.26924266725654
3,0.0718335459929191
3,0.183939814852591
3,0.3034828104073
3,0.13869638320764
3,0.154455047168745
3,0.146967755852831
3,0.2535334668086
3,0.117647828391674
3,0.150122255582032
3,0.145364854180659
3,0.125602716464632
3,0.196493747206905
3,0.147603838195278
3,0.180914839229166
3,0.171771562022224
3,0.311698898316378
3,0.128077340051519
3,0.151002565422205
3,0.213294195343861
3,0.23531578788032
3,0.165812137976697
3,0.256954241535911
3,0.300367891995113
3,0.226442204586114
3,0.162221943784316
3,0.169636798786279
3,0.109602609490847
3,0.0620034890199506
3,0.131984960043954
3,0.131874022264675
3,0.155181524708148
3,0.173747783922993
3,0.210539682918084
3,0.147375710159347
3,Inf
3,0.201826075048059
3,0.0894735658663352
3,0.13164578641555
3,0.212795727700849
3,0.241781270752589
3,Inf
3,0.115014440185274
3,0.169620929032584
3,0.127882474457037
3,0.202581088356683
3,0.129078395527751
3,0.319966650403211
3,0.17648812966582
3,0.143264930920629
3,0.226320346776999
3,0.124059403255693
3,0.184699843536908
3,0.141752403191469
3,0.103063210209862
3,0.206649923465606
3,0.276916432163195
3,0.226688512392004
3,0.182861943046876
3,0.158047646248274
3,0.119198402465408
3,0.107343205752345
3,0.323350698528754
3,0.185888913658588
3,0.0994155476152174
3,0.145245778506073
3,0.0728885693242469
3,0.211641519674647
3,0.28083639524564
3,0.252326530900842
3,0.109239111011212
3,0.115345698650245
3,0.294325113359775
3,0.0971737196453777
3,0.129303393412107
3,0.158414139249999
3,0.17098436698059
3,0.238131569962267
3,0.0993390510364398
3,0.206212417583796
3,0.0969071655433431
3,0.319301623936442
3,0.0944242398946889
3,0.129433245816701
3,0.120762453817064
3,0.163760377474658
3,0.269315364453026
3,0.111163396991814
3,0.0995020983537476
3,0.159531421299722
3,0.116503048709404
3,0.184989007309157
3,0.12506523505769
3,0.0857321886635341
3,0.256814587351848
3,0.122386876328379
3,0.234386917371391
3,0.109685629187292
3,0.240926006468101
3,0.251255609886178
3,0.11507913122184
3,0.160049703228733
3,Inf
3,0.153405959885819
3,0.183795505991708
3,0.188601698860091
3,0.133420464919225
3,0.131191307800707
3,0.104542522487296
3,0.117488352051833
3,0.130807653160039
3,0.21845269883519
3,0.232150610117396
3,0.115124971004873
3,0.126750956674567
3,0.126861289812047
3,0.153510755296454
3,0.224307161743667
3,0.209309730394261
3,0.128574539980292
3,0.303186202486598
3,0.214560504740821
3,0.14602076524332
3,0.201719241859464
3,0.252174401193079
3,0.134268311860988
3,0.156413702741225
3,0.286232547378747
3,0.229273494568455
3,0.125465079805245
3,0.0959516736062741
3,0.251603852024988
3,0.217327347700356
3,0.292475524528067
3,0.104083846202452
3,0.137838732082661
3,0.180747700666772
3,0.124946982636747
3,0.163864154028828
3,0.0924972248613358
3,0.212852374509171
3,0.278284894743024
3,0.115169348114676
3,0.12482706297363
3,0.137403556325174
3,0.198360241716907
3,0.085112379193505
3,0.130835258273686
3,0.189096923090415
3,0.122145221063083
3,0.150230484354503
3,0.137492286550876
3,0.411612062408329
3,0.167416381118662
3,0.319547323718719
3,0.118413837668415
3,0.206759022472204
3,0.150851505543535
3,0.109695767632423
3,0.167392437935957
3,0.298635726110165
3,0.128329179205945
3,0.224780370656124
3,0.253160001730298
3,0.175078312770366
3,0.164923480820916
3,0.222958306729736
3,0.175909098474616
3,0.141222948912271
3,0.23386020152423
3,0.169684469167613
3,0.255429159314693
3,0.26897471177899
3,0.186314978231203
3,0.305078298586201
3,0.187345695926331
3,0.337071143653174
3,0.221826626109946
3,0.197451924222648
3,0.117830153117858
3,0.386588806997947
3,0.162263566665635
3,0.251650658770118
3,0.220270124697308
3,0.149559468652518
3,0.136224510308346
3,0.320028380790509
3,0.127561485561245
3,0.174211254936404
3,0.0616358488824592
3,0.0970303165118161
3,0.211603719949183
3,0.174234305806314
3,0.134597793524157
3,0.149549718514998
3,0.212661480548549
3,Inf
3,0.142989597086151
3,0.0690878644519554
3,0.258409554928429
3,0.150166679231909
3,0.221196757241217
3,0.379786060690365
3,0.18560881069418
3,0.233668788368521
3,0.0946847179687762
3,0.142647382603827
3,0.162713170593683
3,0.11329211813131
3,0.137629932166062
3,0.153861131877102
3,0.262705670241906
3,0.250757833068599
3,0.100910172221215
3,0.18530386855951
3,0.17392688696418
3,0.136891031655301
3,0.197616722696103
3,0.292078590654599
3,0.130720890140564
3,0.115245313347195
3,0.11333548271421
3,0.183902579218573
3,0.256820579300092
3,0.1190915406199
3,Inf
3,0.139667553416346
3,0.437294334930605
3,0.151206839350163
3,0.11418242791704
3,0.204678806263659
3,0.162706721725357
3,0.128340950517789
3,0.103054810005854
3,0.286711553027112
3,0.357282245524261
3,0.111210366101668
3,0.314836519138406
3,0.144006784070811
3,0.0739438183664493
3,0.277658491829861
3,0.160562414729576
3,0.150939698233892
3,0.162288514137992
3,0.125147516435588
3,0.181060158915916
3,0.229416392098746
3,0.193654702446904
3,0.0973451857209355
3,0.120860055445951
3,0.274865945279074
3,0.189830251703518
3,0.118284775699746
3,0.229820136290255
3,0.144441256247187
3,0.220582685234241
3,0.184168179885594
3,0.098544391635644
3,0.164804812581471
3,0.185041114551742
3,0.175529214343267
3,0.358474672532512
3,0.479666577904914
3,0.290166955071912
3,0.37169889075364
3,0.381826664495246
3,0.249833620753387
3,0.159487475038003
3,0.202602717310548
3,0.147741981368695
3,0.0949868957619224
3,0.107992697222228
3,0.15256231174794
3,0.134133810286866
3,0.139515591293146
3,0.156888875365921
3,0.224063615006897
3,0.0817193329953683
3,0.178709527404405
3,0.337548596170522
3,0.18797155090491
3,0.215326958450975
3,0.156385919247091
3,0.152218292083518
3,0.0765293908549747
3,0.246868882778851
3,0.151765317146521
3,0.105726924408806
3,0.15149908656268
3,0.162119035514249
3,0.237713247288153
3,0.118678713248835
3,0.385615459849842
3,0.164240864562457
3,0.0711385921346119
3,0.139718180079332
3,0.118333911705566
3,0.232083175892066
3,0.122415165003965
3,0.210365395970948
3,0.109739959643366
3,0.106187104313796
3,0.0688909495330202
3,0.116670781280399
3,0.206944642419287
3,0.167760341859982
3,0.176896890489583
3,0.382773455987496
3,0.17969848339068
3,0.120249001972631
3,0.367456405956184
3,0.153953573781285
3,0.179266024214335
3,0.285567073021437
3,0.146919270349372
3,0.137173922583798
3,0.190949407155194
3,0.198335079791011
3,0.212100458122827
3,0.365210907640485
3,0.178440099562074
3,0.401111961925621
3,0.349080027399621
3,0.182963414296786
3,0.199829616796641
3,0.199769771806274
3,0.167216856301421
3,0.102903183680428
3,0.265723018511166
3,0.159258040273675
3,0.109197054147075
3,0.216869646230238
3,0.321402664384696
3,0.182256417991432
3,0.136099016850896
3,0.119394458026733
3,0.176107331887921
3,0.119683012727217
3,0.287420001346343
3,0.142543225355164
3,0.15840508462379
3,0.198529891705278
3,0.231561104525682
3,0.221849087728078
3,0.150321712540753
3,0.0948962318208852
3,0.267310875660526
3,0.159441106254631
3,0.186340698967799
3,0.0988433032493861
3,0.150550772102241
3,0.197966345865118
3,0.216395786286841
3,0.292638352377996
3,0.137002824591549
3,0.16152591691743
3,0.117044235498432
3,0.278413165082482
3,0.181674269177845
3,0.171073167601951
3,0.534209800515659
3,0.180198179861852
3,0.0680735916777584
3,0.134916936354804
3,0.231261324946402
3,0.222172253667813
3,0.15239882682476
3,0.095111189919015
3,0.15341866036389
3,0.152290899022793
3,0.131392381421507
3,0.252220927369036
3,0.113088740971627
3,0.131296673517244
3,0.233862505965452
3,0.188278632753537
3,0.082645935903654
3,0.0994013487793028
3,0.104505062550968
3,0.241080505408689
3,0.132908972303747
3,0.186928921953335
3,0.1002463350053
3,0.178758899994873
3,0.25323804318229
3,0.344612828950171
3,0.155078490787862
3,0.233244507118447
3,0.092770645337042
3,0.174544073282795
3,0.230895986169504
3,0.199860221334092
3,0.0869301172655065
3,0.0861354080532969
3,0.123988931897384
3,0.150737989268001
3,0.199186224846362
3,0.137503402351463
4,0.166075259679338
4,0.170418149181952
4,0.1106905778098
4,0.176263321058693
4,0.109400549158427
4,0.177022630075395
4,0.166873170770909
4,0.169519359041786
4,0.122487782573562
4,0.207385605347606
4,0.155234326082997
4,0.184996181281056
4,0.23920528480446
4,0.101118949343114
4,0.182689493283205
4,0.103823760712933
4,0.119808270466279
4,0.143202635330321
4,0.146215242809784
4,0.120017586232712
4,0.27111053011101
4,0.140847608680433
4,0.146373027185605
4,0.136248441504231
4,0.163430544589388
4,0.160346685866989
4,0.0832689399021148
4,0.166432512716914
4,0.203570229110224
4,0.317398666619751
4,0.241380778291476
4,0.210398774532983
4,0.145136094091902
4,0.137625455270478
4,0.128272642356241
4,0.192219575383185
4,0.169862478237288
4,0.172698435079579
4,0.20294766185044
4,0.388092616549654
4,0.313983864359753
4,0.378054883218759
4,0.255227725900824
4,0.199804731769233
4,0.233744163521088
4,0.419950351500293
4,0.297590768682287
4,0.216781859097678
4,0.159259847406932
4,0.139530291868826
4,0.12553394945575
4,0.192814961372793
4,0.275671040896537
4,0.18569047819053
4,0.256235392893799
4,0.248186858812062
4,0.170095776019195
4,0.225294011576238
4,0.415832515129918
4,Inf
4,0.199716493213919
4,0.205983996284088
4,0.140092381616181
4,0.27350759915825
4,0.273273812597555
4,0.144978678943573
4,0.387333604227151
4,0.229479881782572
4,0.0997333853466991
4,0.135177439486753
4,0.158037857309065
4,0.104698245321255
4,0.236797354694853
4,0.108710952513328
4,0.148572124248323
4,0.116835457177027
4,0.559472270425776
4,0.207701889153191
4,0.175229338434971
4,0.100869182166727
4,0.235579818682958
4,0.12782822442632
4,0.129896790056016
4,0.253733637134943
4,0.180905181846055
4,0.0849463766691406
4,0.214402870679356
4,0.163498550093262
4,0.213440873046322
4,0.324460410763103
4,0.239567392260835
4,0.280773309426749
4,0.12541414540149
4,0.214016859288999
4,0.0885809594719302
4,0.171028818315925
4,0.140202421810967
4,0.286655200518771
4,0.0950227943790736
4,0.321362043322216
4,0.139621229875203
4,0.203015063189443
4,0.284428691673722
4,0.343280464542236
4,0.18183722941506
4,0.160060333109089
4,0.324887602701224
4,0.184462375403475
4,0.164578800005758
4,0.118043208024061
4,0.212643782804905
4,0.137667475947796
4,0.138576132744756
4,0.260904220035613
4,0.179579820044125
4,0.249560367030068
4,0.155017500439871
4,0.422539182238016
4,0.167927134123755
4,0.3690971703378
4,0.151727923181941
4,0.188360690846174
4,0.0971639098257328
4,0.152656594924136
4,0.122659792361555
4,0.214659077648717
4,0.210877217156996
4,0.178446974139464
4,0.203616448447303
4,0.187774031160794
4,0.134631015832304
4,0.139099985240983
4,0.374623287039811
4,0.185262049913862
4,0.127509055421288
4,0.169409620917675
4,0.192872778177086
4,0.189536559629868
4,0.199200846579226
4,0.148658903880057
4,0.39697708798028
4,0.12741347222803
4,0.155407188334596
4,0.12564968280945
4,0.0961054854591211
4,0.34557582573935
4,0.150789426765176
4,0.354629918390475
4,0.333025380193723
4,0.156862949655089
4,0.188310255339143
4,0.137333612443184
4,0.219144110787119
4,0.223874266745648
4,0.27253724293427
4,0.257937662643714
4,0.167724292217687
4,0.172498109603404
4,0.159766064835106
4,0.32845038336415
4,0.13159135642055
4,0.105729229597296
4,0.149700080320499
4,0.158482592423701
4,0.118002604828699
4,Inf
4,0.171153273680037
4,0.233128242580396
4,0.236586574698169
4,0.189832840242761
4,0.172077668313972
4,0.220934108825969
4,0.186578596355897
4,0.242915520052572
4,0.149138609979754
4,0.147528380470863
4,0.230498528796216
4,0.28383911759392
4,0.21383956841511
4,0.173732816778034
4,0.56273996679805
4,0.237314778313755
4,0.152279066372752
4,0.222356313819506
4,0.140429674937317
4,0.0849693733630455
4,0.0795472077175559
4,0.122102747929455
4,0.222106629362642
4,0.273217847167239
4,0.197358557427978
4,0.200435663808542
4,0.223372010417489
4,0.173231208440334
4,0.203707278611759
4,0.179041035277234
4,0.149705520148254
4,0.160676294398261
4,0.210708905631007
4,0.114073193104142
4,0.382803474927439
4,0.276550106954316
4,0.172015811694115
4,0.147493827766527
4,0.126406967028174
4,0.107396486225719
4,0.188130418768489
4,0.13811620628276
4,0.151150620811542
4,0.185309321219345
4,0.191360288295045
4,0.278703288535952
4,0.0900266558187853
4,0.254778253599619
4,0.150978450197366
4,0.246380987198764
4,0.334403261890982
4,0.115233508254154
4,0.128550161087672
4,0.1719547964293
4,0.190548472067785
4,0.284114143269015
4,0.193654763056281
4,0.10275829315763
4,0.197568253343504
4,0.158905875811013
4,0.27637874741987
4,0.120934775669263
4,0.185490641121685
4,0.240783511699547
4,0.147403632160245
4,0.136327746919657
4,0.145363557636903
4,0.11658775329188
4,0.289139213672253
4,0.186226097895315
4,0.216293801892523
4,0.348969257048754
4,0.199008720844358
4,0.178630688585899
4,0.190890582708915
4,0.157520454736684
4,0.350008987756187
4,0.180599027513879
4,0.153102433562833
4,0.223917965761402
4,0.16474372552294
4,0.122005777011737
4,0.182885091912269
4,0.150700397182824
4,0.226133252938456
4,0.187334161807644
4,0.112365927581155
4,0.112779769776911
4,0.153196767878813
4,0.120835705517931
4,0.101868440393266
4,0.142029943932096
4,0.399659589528839
4,0.122450375691895
4,0.460269375769225
4,0.253108561547799
4,0.156235663518326
4,0.153068545651698
4,0.189674410744876
4,0.104588253948794
4,0.360593606912726
4,0.132500164129139
4,0.145888664315673
4,0.208134443056803
4,0.133191970800758
4,Inf
4,0.177403214121583
4,0.293239698685517
4,0.165445621932068
4,0.259080216247733
4,0.188618107582636
4,0.234842737519474
4,0.187928297545047
4,0.215387306485418
4,0.12521225651443
4,0.194681694569912
4,0.226322431831094
4,0.0840112336823521
4,0.128579834797313
4,0.313074210941082
4,0.128713265072151
4,0.155962719191748
4,0.120960033965076
4,0.211526012630723
4,0.162631374503266
4,0.144792933067167
4,0.335449919224028
4,0.416389030115309
4,0.205905852301492
4,0.103992308909374
4,0.144012131468803
4,0.139775825165768
4,0.139947716211869
4,0.153331388200137
4,0.241179928573393
4,0.158522501691528
4,0.28371985932656
4,0.126055098996775
4,0.164680687729736
4,0.144993189137763
4,0.191482249091132
4,0.100175860570732
4,0.188612610345553
4,0.263431975078911
4,0.179332044139052
4,0.187955039281981
4,0.0983091517904224
4,0.267421652318732
4,0.167288545592855
4,0.228879994678368
4,0.272782397276536
4,0.113530128912864
4,0.230751901642451
4,0.197675915659864
4,0.240872691998353
4,0.227439889005571
4,0.225236486945436
4,0.215989704929349
4,0.131171473584431
4,0.126388134271744
4,0.41485439065543
4,0.172850337838514
4,0.141960694440644
4,0.250125798744195
4,0.124272626806196
4,0.147063070367457
4,0.115092197593172
4,0.533210634729733
4,0.164261504474238
4,0.138619457654465
4,0.140774507017468
4,0.180689114561421
4,0.197994488733546
4,0.142117100944973
4,0.191799624445388
4,0.164924962615481
4,0.11893728594537
4,0.122143037241911
4,0.102457409389726
4,0.15318549782479
4,0.133270221951858
4,Inf
4,0.0892681084796813
4,0.315209736479301
4,0.147424414909757
4,0.118621936283093
4,0.206284610667118
4,0.222400034301619
4,0.15784039169028
4,0.155780321331735
4,0.142835700238495
4,0.215866788880424
4,0.121178142988404
4,0.112815136431561
4,0.121471270989701
4,0.262556724119248
4,0.268274100402467
4,0.353565023238386
4,0.130242708038843
4,0.164054621563555
4,0.149895178362211
4,0.162428507736744
4,0.182368527169692
4,0.175903363591099
4,0.141703149512203
4,0.182478074737524
4,0.215323225221714
4,0.386949098095335
4,0.121879331068311
4,0.152217192926936
4,0.333783178626215
4,0.152988394440227
4,0.282811659992951
4,0.172605480067578
4,0.150430508020405
4,0.181858020940962
4,0.104596654931137
4,0.139707136900946
4,0.119366909777758
4,0.1980888236827
4,0.26796074320329
4,0.10566469298593
4,0.164444174151698
4,0.136767068353303
4,0.0989749686479343
4,0.221440908229883
4,0.190996237064767
4,0.183681636228249
4,0.272196085671804
4,0.445732916239269
4,0.294553112480298
4,0.152410240796312
4,0.28182539667303
4,0.413895249473198
4,0.223180754711215
4,0.151007307496314
4,0.183101012447624
4,0.168784349278909
4,0.115532974231305
4,0.192385121316378
4,0.18047449441559
4,0.234470292683559
4,0.106396803579038
4,0.247524846064839
4,0.232492855528197
4,0.162551950335458
4,0.310820065647512
4,0.108109751111287
4,0.158611751610503
4,0.254932720301084
4,0.14339591343844
4,0.114436114301766
4,0.15263759058461
4,0.143492699203631
4,0.162947294015918
4,0.133282223736596
4,0.167210470438352
4,0.17513395461538
4,0.177905804904679
4,0.131128829281333
4,0.130991615058367
4,0.212129349790274
4,0.175595069950234
4,0.259731367672788
4,0.162507873411746
4,0.10009633740514
4,0.195872156179249
4,0.144454688344276
4,0.143065863552166
4,0.143355484744146
4,0.128638427347913
4,0.169085843536686
4,0.157507466308053
4,0.302487699652509
4,0.32175840280106
4,0.17382583072335
4,0.0981953588078019
4,0.186949442601607
4,0.131355322995739
4,0.277471988353961
4,0.181470402868739
4,0.193054477350304
4,0.2512254211349
4,0.177811575828896
4,0.240604242665465
4,0.254477459957463
4,0.304129088462525
4,0.234715268480651
4,0.328924549581547
4,0.087766038530509
4,0.176279816001108
4,0.16908634351129
4,0.218774580888625
4,0.140287520517554
4,0.12414949335654
4,0.462523679902168
4,0.202562132817709
4,0.225188619883901
4,0.254835594347067
4,0.2080693884881
4,0.11367744540026
4,0.177451484003552
4,0.324921316623789
4,0.193785248825557
4,0.156138670547616
4,0.178464052339925
4,0.271937549936362
4,0.184017292357255
4,0.0944460081686518
4,0.159804696672071
4,Inf
4,0.138602430427595
4,0.123817810999729
4,0.112389590525309
4,0.204954462194297
4,0.152577311294837
4,0.152310245665839
4,0.116267469724374
4,0.165397249240655
4,0.129015739988588
4,0.402590857632521
4,0.220645539365013
4,0.164383914818057
4,0.132094893340517
4,0.106668679498594
4,0.161139456586489
4,0.347893636872011
4,0.16042045972309
4,0.197045905925978
4,0.279698050826001
4,0.173728000767116
4,0.13185510184691
4,0.224526015366059
4,0.125769389818197
4,0.170979195615328
4,0.134250645377984
4,0.225547275368616
4,0.17567932822929
4,0.232269789633985
4,0.241461107767947
4,0.0733006021699605
4,0.0766359165428634
4,0.158151615897957
4,0.259079045754122
4,0.170588113863836
4,0.10091375072741
4,0.161726245027946
4,0.135470959409964
4,0.110448762888172
4,0.170263430259322
4,0.127522287019576
4,0.195801464577
4,0.102010470488053
4,0.204192403815628
4,0.31330041190558
4,0.114224205188824
4,0.111527031644471
4,0.140076206794385
4,0.147999231135649
4,0.152899707338271
4,0.163031683758319
4,0.219516011897302
4,0.111324424792027
4,0.151261372832805
4,0.134120502557206
4,0.206017719551597
4,0.188998794361495
4,0.231026723034586
4,0.127464043941381
4,0.172621108320076
4,0.216250609789841
4,0.3766560693293
4,0.270167847565931
4,0.367946886794388
4,0.190747895067226
4,0.2548349465172
4,0.133180222008622
4,0.139477287203476
4,0.147884835939359
4,0.126328815844335
4,0.329487454466142
4,0.241666533882192
4,0.12722774481162
4,0.158172613392275
4,0.111740596909786
4,0.18804874839265
4,0.433381693346998
4,0.275178380132439
4,0.189775197110074
4,0.232900753585505
4,0.242020697678905
4,0.28784406997921
4,0.178964421914235
4,0.178002849410428
4,0.173284997252764
4,0.164638999003797
4,0.161575117760827
4,0.117423132784082
4,0.0955663758452786
4,0.306981429648323
4,0.398770025513862
4,0.149735108139219
4,0.247726326973482
4,0.135374358137099
4,0.1351865902874
4,0.261473624132822
4,0.123917797760668
4,0.222699063983169
4,0.306133227424609
4,0.146622348553546
4,0.182196452714697
4,0.15141966983664
4,0.166244432475271
4,0.205060563076152
4,0.375315173501784
4,0.21505371543261
4,0.212941331052189
4,0.139566872075453
4,0.130270399414747
4,0.0918375190142636
4,0.148003065861857
4,0.158728918524621
4,0.323325349081361
4,0.124397336110028
4,0.138011273239054
4,0.173857996615828
4,0.2318698340144
4,0.0999003519546686
4,0.268366406172683
4,0.175852260677995
4,0.18563197075478
4,0.144149423075772
4,0.110729428796108
4,0.112310696525775
4,0.165860602048226
4,0.139035154747903
4,0.199519078533146
4,0.143084665274936
4,0.132267572803216
4,0.200032717600347
4,0.209138093843242
4,0.125021719428689
4,0.160881259093263
4,0.168689096960781
4,0.223630131658621
4,0.154493218833478
4,0.244668561230854
4,0.178085957942609
4,0.163614591251216
4,0.163739793746622
4,0.219627672625756
4,0.298961020005789
4,0.272383720171244
4,0.227078048467221
4,0.0953425800029562
4,0.173335212746917
4,0.112554451282469
4,0.12515056662062
4,0.165562355625267
4,0.186724050510109
4,0.131216262753637
4,0.0891282274000229
4,0.208362057887592
4,0.130198846925347
4,0.191744172355497
4,0.189261449809973
4,0.141979317570011
4,0.237484734516035
4,0.17267923348759
4,0.275322633569014
4,0.329904403504541
4,0.0826933255369426
4,0.2432530913813
4,0.107251790745515
4,0.273871645361418
4,0.129624483159494
4,0.231305316229485
4,0.185492595521294
4,0.238179017702096
4,0.489856356139442
4,0.239938288523752
4,0.231997524006931
4,0.267472481997858
4,0.149996171605948
4,0.20970048316194
4,0.221762638673413
4,0.131388401287267
4,0.25278948318281
4,0.248024762703097
4,0.153520579257452
4,0.149486000880092
4,0.160484778616622
4,0.483930512636458
4,0.130490446825393
4,0.163974239569135
4,0.267752338702497
4,0.254173223022384
4,0.136271534930853
4,0.148869910744593
4,0.150975559750639
4,0.10644496057516
4,0.17425081077673
4,0.175840272677452
4,0.123881756861456
4,0.170126177042903
4,0.157481268015214
4,0.127539714900661
4,0.187292576150865
4,0.202870873517775
4,0.144339069928257
4,0.108271470352292
4,0.213920705993319
4,0.282333072787211
4,0.168669959082912
4,0.225934598046932
4,0.222844645907804
4,0.139889158090274
4,0.0821203086858847
4,0.283150328327447
4,0.14403315579842
4,0.296453408596738
4,0.10676461319757
4,0.216515100867554
4,0.272473318221479
4,0.334754477444429
4,0.171693619591082
4,0.144459852222281
4,0.336382756009632
4,0.198497078116066
4,0.209918766883183
4,0.111835387888303
4,0.10483743775326
4,0.318358491698579
4,0.15259129617379
4,0.162449046317205
4,Inf
4,0.158104250828488
4,0.119076742999533
4,0.140014684300723
4,0.104059422643774
4,0.12578815918383
4,0.180108706180277
4,0.15865137591893
4,0.135053951871901
4,0.104139289507361
4,0.29833637176584
4,0.252176738001847
4,0.0672691602353863
4,0.157317199937881
4,0.21703026326103
4,0.225007331116165
4,0.139283850679141
4,0.228667085345387
4,0.270799414932083
4,0.249785741493432
4,0.168992490853316
4,0.196824096332451
4,0.127677713758051
4,0.193165144802152
4,0.229533622210325
4,0.163230239889707
4,0.130158594411775
4,0.188099881818059
4,0.172224384640672
4,0.129363627817511
4,0.168607715524721
4,0.208924573563768
4,0.139644537841436
4,0.227754769486214
4,0.183675784816699
4,0.161463013978544
4,0.150058327918
4,0.177429695838126
4,0.134906749803649
4,0.134047910118029
4,0.357297384028263
4,0.173315611588371
4,0.0766791294100206
4,0.193787339336015
4,0.173943026213701
4,0.0836307524293267
4,0.256483467853858
4,0.235901899181677
4,0.15087458869499
4,0.139040497730492
4,0.263070134613969
4,0.197469676189017
4,0.154778402310004
4,0.201832812296606
4,0.352265285069439
4,0.140049583853699
4,0.171238109081404
4,0.129679511716521
4,0.197408261111815
4,0.263735564805596
4,0.282439077934204
4,0.162443681613941
4,0.175964046113354
4,0.11312693761291
4,0.364898870605838
4,0.163051756908769
4,0.148731370068842
4,0.180836635740847
4,0.0876371471754126
4,0.314062085997845
4,0.183809320717615
4,0.163264710196202
4,0.20726656153708
4,0.173125078490818
4,0.104616232398149
4,0.476561183112476
4,0.140773253085771
4,0.160674903434186
4,0.145885942033293
4,0.120590173115868
4,0.152047653012614
4,0.192435427777659
4,0.179746139249589
4,0.095311516808994
4,0.214142122893664
4,0.193037880550926
4,0.253710689716036
4,0.388646516208822
4,0.256009691509843
4,0.193553629314645
4,0.121639673777218
4,0.203542928462104
4,0.214711474025569
4,0.178584509247436
4,0.159639465607648
4,0.307091937782651
4,0.11695392717483
4,0.366680309250276
4,0.160464974645536
4,0.237815740538097
4,0.134074129351042
4,0.131970169483805
5,0.202080488906761
5,0.189344525782964
5,0.321065084919475
5,0.19599078397647
5,0.150695234552899
5,0.304353080893755
5,0.188385663704913
5,0.23358302738925
5,0.194518377628299
5,0.214607570110848
5,0.164495570461936
5,0.196434354569444
5,0.174417777255464
5,0.21961274344973
5,0.241076789545114
5,0.135988309615027
5,0.207566758201459
5,0.225865808163798
5,0.20858384170782
5,0.155218386213492
5,0.266178653142128
5,0.147443284483752
5,0.0815923399980637
5,0.237883993511419
5,0.200894418681352
5,0.271477799435478
5,0.213121443875066
5,0.228395741336948
5,0.206366011938993
5,0.222880263219308
5,0.146632969520053
5,0.176257231877599
5,0.349391982973004
5,0.30016761899919
5,0.144109043636837
5,0.312561336234885
5,0.113233703597805
5,0.223770273579122
5,0.208133709119543
5,0.23693498086722
5,0.164448831447812
5,0.165929460431822
5,0.353474940781467
5,0.194309251684774
5,0.220111581052016
5,0.163543658531418
5,0.14519103575997
5,0.159489503626454
5,0.243202549404371
5,0.0861507843259062
5,0.239144789040651
5,0.183890063876177
5,0.216356813606294
5,0.278234301443099
5,0.23370306966603
5,0.138279251372535
5,0.158900199015002
5,0.230856549694368
5,0.179732607303871
5,0.242598015969902
5,0.124608974795244
5,0.192721926425281
5,0.126080158339485
5,0.143417300695313
5,0.14113111865391
5,0.179690220911824
5,0.267000273313166
5,0.170785269789167
5,0.208889183435606
5,0.296168985647304
5,0.19226080284238
5,0.128663937759619
5,0.29638820855324
5,0.192028816442377
5,0.099239973983715
5,0.293759364307923
5,0.135110672605107
5,0.238273007483811
5,0.130486454842083
5,0.244068563539209
5,0.184561763381891
5,0.261719935788027
5,0.118982791293522
5,0.107721031977936
5,0.149278347133303
5,0.250338356567977
5,0.181682180773736
5,0.224716570454387
5,0.18535715385151
5,0.210686174542108
5,0.120471506578605
5,0.134980637944158
5,0.148189945670348
5,0.188237912385993
5,0.0987854913268524
5,0.21960837920242
5,0.234033503638904
5,0.190321418279541
5,0.172476548483978
5,0.218749088918248
5,0.123178841636351
5,0.184575645353206
5,0.171175479296532
5,0.190887420968019
5,0.122887734067105
5,0.187673483416273
5,0.167709253495142
5,0.244228210583062
5,0.220228809528653
5,0.348709940998675
5,0.135739624773531
5,0.13339179320677
5,0.138056656931386
5,0.247718642684485
5,0.153986760297004
5,0.225289582967779
5,0.0989704690453266
5,0.124704865721703
5,0.164028806210888
5,0.237835117049922
5,0.135107791026758
5,0.148932113971405
5,0.227208056632572
5,0.227458529205523
5,0.307779934219505
5,0.135673674183837
5,0.211516281297155
5,0.165839372485873
5,0.181610187854825
5,0.0958127639802589
5,0.265919335273629
5,0.163878710300599
5,0.200863373259519
5,0.113066432053623
5,Inf
5,0.358262727905783
5,0.239021308836212
5,0.18414489532073
5,0.0931025152682651
5,0.210918808668812
5,0.336428124660857
5,0.150069650931474
5,0.456290572547772
5,0.210282570129751
5,0.22070715372169
5,0.265351281235741
5,0.191925973702193
5,0.106493030892632
5,0.200294074290725
5,0.10659732040485
5,0.175226247895127
5,0.203021972878428
5,0.253935878243322
5,0.3983237954705
5,0.253826257411789
5,0.2329092788262
5,0.136706203944918
5,0.275695468680395
5,0.179680492198369
5,0.168350379274822
5,0.212022371803264
5,0.183920333522849
5,0.161489956863476
5,0.174262805358528
5,0.148315185037966
5,0.163490264158106
5,0.143895181555846
5,0.155722271251376
5,0.245576059461063
5,0.202716105695567
5,0.216280367557326
5,0.255810588307157
5,0.156167244429949
5,0.227630675873435
5,0.145382994329163
5,0.231388068268201
5,0.487065611818043
5,0.132115398124498
5,0.232546004129331
5,0.243422606747501
5,0.533862730510882
5,0.222530687955303
5,0.257337601464898
5,0.219375075612561
5,0.216650297405413
5,0.184523599134292
5,0.146683657058018
5,0.186261560605554
5,0.251037097267876
5,0.248244690894098
5,0.116197332576873
5,0.256396052855605
5,0.173923931798992
5,0.264294101191116
5,0.196116557951563
5,0.441589535768407
5,0.266047267201164
5,0.189790025822283
5,0.16346445866543
5,0.168266441095877
5,0.185533628936693
5,0.33914742388982
5,0.172737236741554
5,0.151659084023778
5,0.199944700477217
5,0.158701200534673
5,0.254871469743882
5,0.138637734395721
5,0.206601555065364
5,0.290573382194765
5,0.210042950795257
5,0.0901501849551075
5,0.194718019585246
5,0.305618190494982
5,0.40042887723304
5,0.312397086805995
5,0.20567047387422
5,0.143595255798862
5,0.164854837521285
5,0.127663634944517
5,0.177724958797227
5,0.136985332852125
5,0.231486751394809
5,0.264601394826739
5,0.196239380505662
5,0.33309842840026
5,0.258153576231388
5,0.167193228394868
5,0.177926580572763
5,0.147034360185121
5,0.188889733185542
5,0.188648522812286
5,0.244835931235824
5,0.188851131827717
5,0.110273032161217
5,0.164438040228149
5,0.143910309397202
5,0.279294760180801
5,0.107734591070677
5,0.132950796211541
5,0.212586907042858
5,0.386645802746642
5,0.142042447799993
5,0.376634142211292
5,0.312645504826699
5,0.313140075409975
5,0.318843488907782
5,0.263374501350552
5,0.206418061353734
5,0.111575089754647
5,0.13133792110439
5,0.241669749070905
5,0.147688044812205
5,0.239723407539699
5,0.134573943106633
5,0.211304214583672
5,0.221914370134581
5,0.188116240572893
5,0.183305518164163
5,0.395354525066383
5,0.109912688654538
5,0.137582493054855
5,0.150993945986911
5,0.227488936611396
5,0.190369912366904
5,0.210776019633734
5,0.376342920201573
5,0.243226556183221
5,0.444205232893058
5,0.23196945897769
5,0.2195400438444
5,0.138848583769568
5,0.24866729597005
5,0.345630367411257
5,0.140009635159331
5,0.201443805061051
5,0.166686929988623
5,0.188757048897531
5,0.115107250004268
5,0.208132950309776
5,0.133564472779067
5,0.11033962111781
5,0.267489237995574
5,0.222079413192956
5,0.630303325291816
5,0.160520378360072
5,0.0921899950547703
5,0.234677923638677
5,0.210618911904272
5,0.0978757498640553
5,0.173166329682775
5,0.15343357516214
5,0.191317001091778
5,0.173714913394994
5,0.503175197677224
5,0.135970564454914
5,0.161449916974786
5,0.141779036821312
5,0.161123588664775
5,0.163162357990552
5,0.151194618579251
5,0.390869004126146
5,0.113665560170981
5,0.249642701856807
5,0.178705478460736
5,0.144021816701043
5,0.171804325501844
5,0.220189623846224
5,0.206578681185781
5,0.241538374508002
5,0.159760924861336
5,0.180077423033563
5,0.181868515123499
5,0.199873511411033
5,0.257118119974122
5,0.375418641585738
5,0.282977949142228
5,0.117660337867016
5,0.216437627921323
5,0.19689427919777
5,0.235232689554853
5,0.291246637524399
5,0.176155204961516
5,0.109086154481314
5,0.224658927099775
5,0.154352340869362
5,0.14464153451832
5,0.115689757174948
5,0.323095052205818
5,0.145503270306182
5,0.199238789427588
5,0.11483318728642
5,0.174223031435079
5,0.366938082364459
5,0.123760300073265
5,0.180576582222972
5,0.203439412269045
5,0.350372275323557
5,0.178767936275608
5,0.208740542506991
5,0.172633666912106
5,0.194370965430253
5,0.158201105700576
5,0.224352974174951
5,0.165222419236659
5,0.193398466364974
5,0.443384515050725
5,0.154460730010807
5,0.268192953865141
5,0.249320546731798
5,0.131910324249471
5,0.162024132535784
5,0.0900054630537829
5,0.325446372668918
5,0.312256476890545
5,0.136848010475779
5,0.253822218582645
5,Inf
5,0.139678195662186
5,0.127494950811183
5,0.177236781372371
5,0.213323447467027
5,0.140782891675537
5,0.146081167260394
5,0.171571185497944
5,0.18101063179487
5,0.152989428800297
5,0.258096385516455
5,0.180838536517001
5,0.211835060933018
5,0.563642596151541
5,0.188955284895369
5,0.13957621648074
5,0.339715576358453
5,0.278873239701162
5,0.234215445027451
5,0.240127663320699
5,0.131848917350145
5,0.140880466505364
5,0.354550833358274
5,0.134774799206127
5,0.196627759468864
5,0.177845568579116
5,0.231195698930099
5,0.299275111422577
5,0.184407074216061
5,0.200216785239644
5,0.283325995540595
5,0.331673241766505
5,0.163270623416743
5,0.135364705791311
5,0.50349579758339
5,0.229534312638475
5,0.158262151911699
5,0.138670776878137
5,0.251378459614851
5,0.115048448074745
5,0.266823255431737
5,0.216778762880989
5,0.126122006584918
5,0.191601795243101
5,0.218178899337537
5,0.210655206759738
5,0.225785301133454
5,0.220473101524994
5,0.243766356202949
5,0.122830671256095
5,0.1474496227147
5,0.144208907264399
5,0.209706228121631
5,0.214429487972307
5,0.176552571130665
5,0.237654597622789
5,0.20701311767257
5,0.178455353990844
5,0.194373008968836
5,0.215950411565803
5,0.115094086032046
5,0.159271823204105
5,0.182847043017517
5,0.101624726200303
5,0.333475082529916
5,0.181920350196968
5,0.147288847460035
5,0.197473594835481
5,0.167299784690591
5,0.169580380341364
5,0.156602830902001
5,0.167630767460229
5,0.148806270190372
5,0.262636874726453
5,0.256217783433124
5,0.204153856212756
5,0.193726239842528
5,0.117725028153926
5,0.179921385864831
5,0.315601100634304
5,0.132972457105803
5,0.101041670390198
5,0.203188490589145
5,0.251659386735453
5,0.108963036451517
5,0.216946725599524
5,0.165233822929471
5,0.135127795363551
5,0.205847093580416
5,0.158401193862036
5,0.163196085788075
5,0.139199131562105
5,0.220140023105993
5,0.290525767995714
5,0.287210444304416
5,0.212293699734618
5,0.251078704260393
5,0.177394192043837
5,0.105798035269563
5,0.241932063170033
5,0.159385425005015
5,0.239323358304628
5,0.253256808043129
5,0.194645067820688
5,0.157993580046628
5,0.124895480320034
5,0.297795027674206
5,0.275962624687108
5,0.138018318031966
5,0.177544918435349
5,0.33993737039872
5,0.120138203468355
5,0.156284027436301
5,0.186431105079777
5,0.124259873545604
5,0.34041098153825
5,0.138295374220161
5,0.223918252085934
5,0.352421390131891
5,0.314111098424276
5,0.202962929858387
5,0.378319261665575
5,0.397398572759169
5,0.171532736657781
5,0.213721226232369
5,0.12459284944172
5,0.221850385654051
5,0.175765959368246
5,0.236392403635787
5,0.17344723706241
5,0.261459487585275
5,0.130846180142238
5,0.188717509435169
5,0.216997429327486
5,0.129088286810865
5,0.268820369281189
5,0.167363117239061
5,0.284310864293845
5,0.292353140011291
5,0.177040549739996
5,0.256590604967173
5,0.214939402228004
5,0.182477306171875
5,0.294465615184865
5,0.264178753198065
5,0.296321458624778
5,0.188882014831191
5,0.324674880780685
5,0.214958802719308
5,0.348999795700165
5,0.424621468646237
5,0.235910237684761
5,0.220688947757888
5,0.168026909500811
5,0.245518601842139
5,0.218890211022733
5,0.166559014208243
5,0.206112950436652
5,0.232155977832318
5,0.126831019442163
5,0.221701330018709
5,Inf
5,0.138824865244046
5,0.215561476523021
5,0.0946216562352536
5,0.161944076628101
5,0.285498438647517
5,0.148125650665465
5,0.191117250106687
5,0.18874517999161
5,0.277290962634477
5,0.134558483974339
5,0.161200769954047
5,0.161046237867496
5,0.234092061086518
5,0.516129472884565
5,0.229986197159001
5,0.150875904592158
5,0.315336109864977
5,0.187260948089302
5,0.201630253374971
5,0.180827054280418
5,0.238919285277113
5,0.138628449080704
5,0.200800474274938
5,0.120137682148001
5,0.161208993694683
5,0.323175664695473
5,0.129724987530863
5,0.224080048590558
5,0.16824821210334
5,0.123072724433509
5,0.176552761118094
5,0.20486700459795
5,0.221257190075558
5,0.154532609486318
5,0.201779771341767
5,0.186014349749537
5,0.234468515207981
5,0.205008222083429
5,0.213552710912252
5,Inf
5,0.339020038941138
5,0.20459649064591
5,0.170664296475713
5,0.293606009910084
5,0.162091810096042
5,0.0993382988766055
5,0.139049549391981
5,0.194248546332459
5,0.128561440669135
5,0.188298329371699
5,0.319723624071502
5,0.246013906767981
5,0.230935215723013
5,0.221931725320461
5,0.1996630505978
5,0.193453068466437
5,0.297219542900414
5,0.190789728480717
5,0.206025993105194
5,0.19547778912265
5,0.136870816192851
5,0.141655939175738
5,0.325926611140194
5,0.170301271113754
5,0.149743654342426
5,0.170728025265248
5,0.169306717147114
5,0.232200488553443
5,0.245534808116834
5,0.155313843302489
5,0.169849989858538
5,0.365576914511544
5,0.239012799335506
5,0.270395277568388
5,0.185793874212628
5,0.2882515503372
5,0.259520974060474
5,0.345861981524101
5,0.30301680526641
5,0.217338738497776
5,0.162564984993022
5,0.309447868543486
5,0.1727894999174
5,0.16088393377457
5,0.198819087863444
5,0.202651631410116
5,0.239684456189444
5,0.171314136322086
5,0.124612562466991
5,0.335297860343148
5,0.152321036334139
5,0.154736526729928
5,0.234355962925051
5,0.228954307614836
5,0.191211127965593
5,0.126362543839367
5,0.214151756193514
5,0.16486690347459
5,0.161590421956368
5,0.355859592847678
5,0.156848312175616
5,0.233668749023154
5,0.127526275616091
5,0.25679746660581
5,0.113328960272878
5,0.408910113201999
5,0.274688025070159
5,0.223462394399636
5,0.178123896966725
5,0.23146023038193
5,0.231768594873566
5,0.190682087373875
5,0.210963833586462
5,0.119787971376349
5,0.226903108142623
5,0.233890896438494
5,0.23954708307543
5,0.189090800482369
5,0.547266268158618
5,0.210039618431359
5,0.125796145465254
5,0.107750937169585
5,0.184667552657955
5,0.28706965192679
5,0.164062532944559
5,0.356422782327575
5,0.133876623730553
5,0.20004423264871
5,0.359269975875291
5,0.321758752996712
5,0.185394067932676
5,0.208870070078689
5,0.161554227184199
5,0.238470472274552
5,0.161589117822513
5,0.289124030571222
5,0.199165877514991
5,0.203384750919956
5,0.157745140349522
5,0.203760024317616
5,0.200529864329102
5,0.186216714329119
5,0.218476444343294
5,0.154495713119866
5,0.130690715379626
5,0.227605379544294
5,0.157602378128935
5,0.172813700226529
5,0.141489246448725
5,0.142641321713025
5,0.194422632003716
5,0.253368718721639
5,0.171360392254508
5,0.182941766519599
5,0.134340257580417
5,0.223515136914144
5,0.193368961334701
5,0.226924868824056
5,0.197575696426895
5,0.125037791583697
5,0.103356815688753
5,0.601065574888679
5,0.231538674787972
5,0.143633101285063
5,0.184556419091162
5,0.196413240584186
5,0.194439992308372
5,0.112477833449019
5,0.191034565229853
5,0.218958544912185
5,0.171645503706273
5,0.172473452262731
5,0.148419540813358
5,0.23018668830005
5,0.228387929992505
5,0.279336564298718
5,0.214514715684905
5,0.249024433603826
5,0.247272183780455
5,0.135300359620553
5,0.223085229134483
5,0.237114486219013
5,0.216307216486444
5,0.188104356090857
5,0.124931296454217
5,0.138741823660918
5,0.170131389543709
5,0.217346651653568
5,0.150975010011258
5,0.16653338810245
5,0.189250827861416
5,0.142108383620201
5,0.393434799606243
5,0.152280685703884
5,0.211595650954167
5,0.14053995644264
5,0.130456416690225
5,0.224184559763123
5,0.130399282699367
5,0.243961440487413
5,0.073003999449003
5,0.254550864558224
5,0.209490283656837
5,0.214379346239791
5,0.147465952284461
5,0.196409861010667
5,0.126814219093543
5,0.217562412438601
5,0.151747708168557
5,0.365353890561144
5,0.571889951372337
5,0.351936177061259
5,0.283105603337123
5,0.316392140354847
5,0.208076462610472
5,0.202089552643423
5,0.152654794750792
5,0.159012504925443
5,0.200297979747731
5,0.119170433353479
5,0.174151001844465
5,0.212096316974124
5,0.341045503078541
5,0.102216870107584
5,0.109208714898349
5,0.258419842114961
5,0.226362248441638
5,0.309789359563009
5,0.127329878979946
5,0.155514139037925
5,0.181425102387088
5,0.139378788556078
5,0.179217458144784
5,0.200735060137319
5,0.180027033164459
5,0.40021042039472
5,0.170388742599768
5,0.174369719477509
5,0.14342722617305
5,0.113536780541537
5,0.125305698697054
5,0.120613971450093
5,0.135341442381032
5,0.207031655499031
5,0.327466341179258
5,0.471448823449095
5,0.225264565026902
5,0.24803345002105
5,0.180904779775695
5,0.209460087923608
5,0.139165440766463
5,0.186148765012387
5,0.279590220961422
5,0.164524910522659
5,0.287735201576699
5,0.25346515572458
5,0.276843908814654
5,0.274948600594175
5,0.221813343239119
5,0.1414796201537
5,0.149588962380987
5,0.28274493350633
5,0.174622402771509
5,0.400821779539821
5,0.197374210616828
5,0.160504545111503
5,0.140467214967166
5,0.148122982727839
5,0.22973395808147
5,0.164143716020461
5,0.164555902706303
5,0.176397225475118
5,0.135503286623381
5,0.213685478579245
5,0.371569009222646
5,Inf
5,0.205416198032865
5,0.347200922420461
5,0.200136422741805
5,0.213371119576074
5,0.197070726777687
6,0.215194946511054
6,0.222680699389712
6,0.12490808155014
6,0.116298837071238
6,0.132018049904016
6,0.218293297168766
6,0.200767112601211
6,0.179253482428528
6,0.168288999284059
6,0.321135462869299
6,0.193894883724042
6,0.185587078589479
6,0.203318409886636
6,0.2227276421418
6,0.243428352156777
6,0.11916601189476
6,0.119314825523278
6,0.226442693056209
6,0.127891617292993
6,0.111387208769185
6,0.280041329053964
6,0.15272766175544
6,0.370244809324603
6,0.465936640735041
6,0.264677629653131
6,0.114937450415011
6,0.635530946956255
6,0.142901818447797
6,0.3182739379044
6,0.195429833336224
6,0.222785661276933
6,0.160101926143169
6,0.238350965397476
6,0.210915532546254
6,0.138756242796879
6,0.242970478635935
6,0.21156157085335
6,0.270290063535103
6,0.219464928633813
6,0.197409105868434
6,0.238608637806221
6,0.264536725173798
6,0.236941712323222
6,0.173366092994222
6,0.206640983997963
6,0.353082028693997
6,0.187140159844241
6,0.260776870846495
6,0.239087776824399
6,0.171334687201416
6,0.563756764237548
6,0.318226480303943
6,0.173390809259141
6,0.123838969514823
6,0.156939112974451
6,0.234016929013327
6,0.243364743960481
6,0.226518618020255
6,0.295207313982553
6,0.198511345410395
6,0.528349729963
6,0.344524987550934
6,0.297680812344357
6,0.178823330037332
6,0.175222530634122
6,0.187204883297238
6,0.132091364054185
6,0.163792948126899
6,0.185289855709209
6,0.24023221636137
6,0.16458882658476
6,0.142249294155314
6,0.323364632218423
6,0.175660898284632
6,Inf
6,0.230785311241776
6,0.166971432600528
6,0.220564606440209
6,0.251952163605088
6,0.327133986381332
6,0.369847036197041
6,0.210667188834092
6,0.174630926900887
6,0.218126393627794
6,0.20351224864472
6,0.427439558513994
6,0.422832379101495
6,0.226628275350066
6,0.244661484261941
6,0.375493274081571
6,0.221930356237594
6,0.300811641919174
6,0.150555713268289
6,0.239594906225191
6,0.220130418029582
6,0.219282899699215
6,0.24486380955884
6,0.259106474303962
6,0.171471044522681
6,0.193490896191431
6,0.354948217789161
6,0.261163812551337
6,0.191874209031486
6,0.219261062369091
6,0.136936297189545
6,0.285925609687812
6,Inf
6,0.250434092831994
6,0.124397519578212
6,0.192228446382685
6,0.2439908648094
6,0.168273427431482
6,0.201687491697025
6,0.224166249024919
6,0.220669588953114
6,0.253083160099839
6,0.268416190407123
6,0.58310764893357
6,0.312769799031608
6,0.144936845637396
6,0.238329849571351
6,0.125972681925919
6,0.229334961662633
6,0.164274718003649
6,0.321993767451492
6,0.16547637303572
6,0.194600756234773
6,0.155871231806311
6,0.156468937402012
6,0.180273475149547
6,0.204279928210348
6,0.16386050272062
6,0.43977578279779
6,0.150458274829982
6,0.158582687902891
6,0.226148965114772
6,0.130222351361501
6,0.248543108263829
6,0.150406542160621
6,0.153394877523474
6,0.223832252693483
6,0.171303725761648
6,0.324220925208714
6,0.215776429124246
6,0.202512084219768
6,0.228026314277921
6,0.126074488986232
6,0.190750802886048
6,0.241940479613534
6,0.194516959973349
6,0.284135818993348
6,0.154404235461336
6,0.245815947362333
6,0.302177551780982
6,0.186204345912388
6,0.177179879546646
6,0.179065988257175
6,0.190227361185923
6,0.301130388521103
6,0.129542005962671
6,0.161288863267627
6,0.294273235703275
6,0.399422054536128
6,0.14559900097722
6,0.206656954634682
6,0.211610923044229
6,0.196299430508354
6,0.166286541720157
6,0.144331055493736
6,0.227058139891921
6,0.212730785400613
6,0.220520553093088
6,0.125529617018642
6,0.176629019920275
6,0.154255720972017
6,0.210096655768065
6,0.245831102768485
6,0.158671705900058
6,0.197782484074414
6,0.193114033411444
6,0.234102872826077
6,0.293022459573338
6,0.188044630913977
6,0.20130029115728
6,0.141731546920723
6,0.158377463667125
6,0.27899156867382
6,0.130384157060109
6,0.253974078016693
6,0.297300149625337
6,0.241461116531839
6,0.22738986284124
6,0.189534220637911
6,0.221040183758878
6,0.204301441596561
6,0.0988740895096889
6,0.250046238454628
6,0.231248468935044
6,0.295557258371618
6,0.300056051873939
6,0.224271780563804
6,0.225305258305489
6,0.284966270637665
6,0.376412567892102
6,0.211939287888688
6,0.18741629071102
6,0.268969343478754
6,0.336001696381964
6,0.230029981759902
6,0.214064697572423
6,0.189228108269778
6,0.233922281743683
6,0.114881333677868
6,0.143051600071041
6,0.193631905592709
6,0.135175470284966
6,0.144054804239293
6,0.19551222291843
6,0.211392353687632
6,0.147819096050266
6,0.201629113428262
6,0.434082520553673
6,0.25153721780529
6,0.15650639781356
6,0.140150201761032
6,0.169785918324478
6,0.232364140459284
6,0.329628203573787
6,0.578689564486615
6,0.196971254073609
6,0.295976101849368
6,0.142564748659063
6,0.495530541294156
6,0.222643297522524
6,0.209758847100442
6,0.224662550991549
6,0.33229915813437
6,0.166283824419531
6,0.177083663398979
6,0.29844747083751
6,0.22295380769602
6,0.219610080759368
6,0.201812731018411
6,0.227006586234376
6,0.233226095843445
6,0.265427203883949
6,0.15499029358221
6,0.171265671220015
6,0.205421618218683
6,0.189541228422617
6,0.261648679317046
6,0.0922297976576768
6,0.216865836918517
6,0.283502473710694
6,0.193012881714811
6,0.2179938889287
6,0.162314056587009
6,0.253243684799093
6,0.13057997662176
6,0.274869055211331
6,0.155629122657207
6,0.230796663534191
6,0.228883829380185
6,0.193031225529065
6,0.293297205067344
6,0.151834860813773
6,0.333408673765179
6,0.189239420986364
6,0.26076941583224
6,0.237890242554561
6,0.338175646001431
6,0.265094760493365
6,0.167649489740347
6,0.194934000676137
6,0.377089592548759
6,0.20897704812682
6,0.217334195307695
6,0.273253777192349
6,0.194940126947648
6,0.120182281021612
6,0.30921307513077
6,0.170587213368697
6,0.203092571364524
6,0.300324059083033
6,0.205282327526849
6,0.16086511901153
6,0.300718131556288
6,0.242480021167407
6,0.181473041926285
6,0.220379237195549
6,0.251951823104681
6,0.229463966636692
6,0.533225341518723
6,0.233618911318245
6,0.177347024898486
6,0.276346116611859
6,0.159430375574914
6,0.328860104448265
6,0.232056876702594
6,0.31588260203766
6,0.202660533965131
6,0.220352878400674
6,0.179890889569558
6,0.131896403209695
6,0.22308481744037
6,0.147151495987641
6,0.287189593135673
6,0.241162353387817
6,0.120466415083279
6,0.216448677177065
6,0.230396311516237
6,0.436529214856361
6,0.206227358377016
6,0.259935052781809
6,0.43188704461634
6,0.188057541899029
6,0.194608203414212
6,0.11964311744887
6,0.296593284722356
6,0.229922430272927
6,0.352156775884919
6,0.124144449421719
6,0.332975618057622
6,0.145791156926238
6,0.280633406534772
6,0.179839690815376
6,0.174373977055773
6,0.151790934367725
6,0.185218842618746
6,0.22825216672566
6,0.216466871968373
6,0.2560129480488
6,0.400150095852665
6,0.245494099877218
6,0.204444346400174
6,0.236277510994128
6,0.159619231592095
6,0.242306082423232
6,0.107523881481298
6,0.280421118456528
6,0.199913314269331
6,0.161506053918806
6,0.224456652220474
6,0.182683277916873
6,0.286513420271122
6,0.222557404753956
6,0.311918445772921
6,0.228604658526038
6,0.221833404779782
6,0.193215675245889
6,0.184352831882996
6,0.178145285103398
6,0.186285871100887
6,0.166969680307641
6,0.194558375462798
6,0.208199858363576
6,0.195425414353659
6,0.237766278482964
6,0.160080176405703
6,0.343940227718838
6,0.21723779374097
6,0.320526619760913
6,0.258863781781286
6,0.1621915878575
6,0.265686975573228
6,0.177918861833057
6,0.195719948662053
6,0.167716258766427
6,0.140578998347223
6,0.208061451720383
6,0.509817001493425
6,0.215966747529021
6,0.170321775142238
6,0.12711341165436
6,0.330157457223425
6,0.200063799320215
6,0.229849238023505
6,0.19157289676765
6,0.193163324957164
6,0.436813271652562
6,0.134503273633895
6,0.225250970222202
6,0.148783583463765
6,0.594346554126658
6,0.227194302522768
6,0.247530442964806
6,0.170517467362938
6,0.224301266575169
6,0.215098268253512
6,0.313308025172362
6,0.173000407574292
6,0.202803415788569
6,0.169901185154162
6,0.188174723024854
6,0.248338406420409
6,0.31409820025072
6,0.163680021934748
6,0.0983828555665522
6,0.265571279453585
6,0.294949701429511
6,0.401091608979369
6,0.131098381958245
6,0.124861021984789
6,0.239831273371124
6,0.213041213860962
6,0.155433205067087
6,0.297695990108036
6,0.309608753366934
6,0.127119855118749
6,0.232991426537904
6,0.133859634967939
6,0.531258890068127
6,0.221670762250137
6,0.153907782313465
6,0.157411168214687
6,0.104888706355161
6,0.200341304900217
6,0.216640238126008
6,0.200389090459061
6,0.27218700717935
6,0.125540751949217
6,0.173729338718926
6,0.210931695760569
6,0.160232074691618
6,0.253695893698665
6,0.313911507383344
6,0.256031329122119
6,0.182555090912559
6,0.298000803555753
6,0.256838507461665
6,0.226620413319084
6,0.250648253778692
6,0.198092587143444
6,0.211306109231346
6,0.150641740572283
6,0.15070259006147
6,0.220528861208354
6,0.26461272960061
6,0.194503637715362
6,0.250079781101213
6,0.470267750320366
6,0.472095124543427
6,0.195359598561387
6,0.128963142416237
6,0.249552580414557
6,0.150406571039964
6,0.272034501875363
6,0.146318314007739
6,0.467832671922884
6,0.140148029983366
6,0.205010428216296
6,0.181077280514703
6,0.146964063192673
6,0.176685475446193
6,0.160566391462237
6,0.134769074848693
6,0.303789527363778
6,0.192278093262236
6,0.265215387498542
6,0.169240735822529
6,0.272769445350986
6,0.307340101936188
6,0.392402731647407
6,0.292781122456451
6,0.230273997051804
6,0.211758263840722
6,0.139558736509033
6,0.14003571875127
6,0.24729627234944
6,0.175910138138806
6,0.211884700641149
6,0.215140017120503
6,0.384568351065744
6,0.163400496726238
6,0.173416452916412
6,0.152159527183502
6,0.286461524623462
6,0.182380119356963
6,0.194707518845871
6,0.197145440219851
6,0.164530869611251
6,0.162860069719198
6,0.458356947260997
6,0.188903875385727
6,0.288701070852769
6,0.188440933173046
6,0.204015293023952
6,0.361710327222727
6,0.256065616005863
6,0.175534804726403
6,0.226880891819912
6,0.287263833571689
6,0.272527368314446
6,0.152925636197653
6,0.20578724791302
6,0.26077997918824
6,0.17096066286636
6,0.170777495565301
6,0.399671252936439
6,0.23327076795109
6,0.168084922842528
6,0.190567707190007
6,0.134832996364637
6,0.163532264452423
6,0.248897455290003
6,0.0872194716562082
6,0.219281916022759
6,0.144016466882863
6,0.142600092053769
6,0.185467827046015
6,0.200816856067228
6,0.503559874001683
6,0.160333787696572
6,0.271877851738218
6,0.133325100041538
6,0.26054460399913
6,0.26301319955896
6,0.237218829147613
6,0.265738111011822
6,0.265364738747703
6,0.122406885075096
6,0.583909648087023
6,0.182917133259086
6,0.381246492973209
6,0.239094165346767
6,0.111299734341824
6,0.303002681740685
6,0.257691783439321
6,0.175483723997852
6,0.425641757583719
6,0.096096489433748
6,0.188392346195637
6,0.205922023606962
6,0.285605085102542
6,0.163651930642522
6,0.222084162867123
6,0.167876363627917
6,0.170000029727182
6,0.14336227099748
6,0.228877560634537
6,0.602270160020769
6,0.21127949313854
6,0.151189127750778
6,0.149724549854265
6,0.207385686455075
6,0.250785944019195
6,0.20792336126688
6,0.19825675381354
6,0.168539940956366
6,0.211802183509388
6,0.157286708484426
6,0.197450575681019
6,0.247342576093828
6,0.161810140013394
6,0.256430673599398
6,0.194410940033736
6,0.161135343511559
6,0.234655507438181
6,0.19016693501048
6,0.303586300109235
6,0.172261491955055
6,0.270531422774535
6,0.338157347561385
6,0.20057960157034
6,0.148033899026657
6,0.189459854305953
6,0.208549737545349
6,0.36337310289827
6,0.17800975924328
6,0.415259887244315
6,0.429118936931624
6,0.224715376136888
6,0.164070643109838
6,0.196470314359032
6,0.220940573672975
6,0.135230237992679
6,0.175135156473177
6,0.21794808259439
6,0.154089117068709
6,0.175045402659054
6,0.148346236167364
6,0.185298228430615
6,0.166415368164016
6,0.264788139523659
6,0.179763265908074
6,0.132540430391973
6,0.201956865947004
6,0.10449622156418
6,0.239724071909321
6,0.157165917361645
6,0.234987102084003
6,0.204092518135834
6,0.20723181724171
6,0.181045556809787
6,0.17541258258859
6,0.318655658832507
6,0.209465381961192
6,0.196206360966033
6,0.226528204126898
6,0.238891703969203
6,0.16100421280886
6,0.490049236504059
6,0.180862076099063
6,0.200775122569071
6,0.377609233200952
6,0.229178982357113
6,0.126490830962605
6,0.201247885222921
6,0.225935940112725
6,0.127784669993784
7,0.169386710325762
7,0.186593155041933
7,0.230002431200032
7,0.184890555340251
7,0.276633784154555
7,0.182914236615566
7,0.16078438231363
7,0.185795356534361
7,0.15725823674915
7,Inf
7,0.48720121961513
7,0.339011319217061
7,0.188430746991861
7,0.348938923857267
7,0.270224124796552
7,0.173678456460927
7,0.16455525848154
7,0.409703288062299
7,0.177341624557538
7,0.311912933648281
7,0.295169611964491
7,0.207279297061707
7,0.276652860030842
7,0.282452676546278
7,0.1841352374586
7,0.197133056844868
7,0.139969073742669
7,0.239156999065596
7,0.218217454062447
7,0.197063087824228
7,0.175527728855981
7,0.188357294893289
