leagueID, fixRate
1,26.7567256406408
1,13.9312217066774
1,29.4310714285714
1,20.2796562200498
1,27.1956945282835
1,33.4132020778704
1,19.3704747689799
1,26.2338355241295
1,17.4500987201365
1,29.9437152574398
1,15.182382323843
1,17.6557166246076
1,21.7689092271085
1,22.8248297972803
1,12.3253782307331
1,22.9894294587179
1,28.6534717270602
1,25.0569905660377
1,27.7369175876773
1,27.5577376482213
1,12.7098133753501
1,11.8496113021656
1,12.5803142761841
1,21.0881800816984
1,22.8917526216301
1,23.5402793461134
1,29.5483870867124
1,32.5059922397399
1,23.4929898610213
1,17.1132670845481
1,24.3428004570249
1,26.0333620333445
1,5.73945029920213
1,19.0281390916464
1,29.6460506172127
1,19.0663122184177
1,34.5675412077105
1,23.528114423289
1,24.0999226581403
1,34.0202197445412
1,32.2115026117087
1,23.5712963344051
1,27.3666976512298
1,27.7630086668768
1,21.9518088811144
1,32.9468456629213
1,11.6712410546139
1,23.9221397323726
1,21.0231065455296
1,20.4702118268018
1,26.0246492213629
1,19.1969922560661
1,24.1157179097498
1,14.630313011391
1,19.2743007177033
1,18.5628957483984
1,24.0659614166579
1,28.7319397631519
1,27.0690564562002
1,25.3956296773007
1,20.9690693354386
1,19.9178177727784
1,21.8157696836658
1,20.5907219509217
1,23.468187724063
1,23.1634775256941
1,22.6710631638847
1,23.8235355771885
1,28.6604574685019
1,18.8911944476311
1,26.1561781557744
1,19.7933542239326
1,16.9483017319964
1,15.3351096997691
1,17.0357567997685
1,25.0550920215184
1,40.0222187091717
1,22.6969214200992
1,18.9352898943831
1,28.4504420705228
1,28.4859734785501
1,24.3991224983151
1,26.5449093230231
1,21.1051716677925
1,34.2189868199941
1,13.3079781718369
1,39.5381025410233
1,32.7195909264687
1,27.7799417025988
1,18.3062646412597
1,19.9772739452345
1,51.7700385347821
1,20.4837166156819
1,21.9711244048099
1,32.3940053996224
1,28.5881597432393
1,26.9557611637348
1,18.0763257878384
1,20.028433270603
1,35.2181504659463
1,17.7773662254014
1,19.8496884162116
1,27.6446340890641
1,29.5265576938106
1,32.4729184119616
1,15.6654734372309
1,28.6890572323982
1,23.3285699049531
1,11.834654141628
1,21.5149926982316
1,17.7514733128406
1,24.0443742169595
1,31.4379186223025
1,21.5960517702758
1,26.7942025516764
1,30.9908431913116
1,26.5568293039141
1,24.5061306526939
1,21.1016028363528
1,32.3151655
1,16.3081983705278
1,29.9461385766511
1,20.5747544842628
1,18.353364350109
1,20.4412291459782
1,17.7461425239187
1,30.5272393013663
1,13.2817493894639
1,26.5507551799346
1,26.3247517420472
1,11.2773848289377
1,31.3745156870157
1,14.3732397432671
1,13.4381510406676
1,26.1348805348808
1,19.3998626789614
1,18.3844018407241
1,22.7113681783588
1,22.0439947065743
1,12.6565069415808
1,32.2212915842808
1,34.8227089013832
1,20.3549123860812
1,20.7529782246702
1,21.993416875233
1,20.705002942247
1,29.0081357772132
1,13.8258862553993
1,19.0853245508982
1,19.778118861697
1,26.4234338804098
1,15.3504237074897
1,17.7934495891628
1,34.213666270558
1,20.3070647792039
1,37.9350668211921
1,26.414486544055
1,24.804111381715
1,21.0086799266819
1,11.2414201616006
1,19.3945146514936
1,25.10253217012
1,21.6883821301775
1,14.5513429774518
1,17.5502414159292
1,18.5005622497803
1,22.7292115497591
2,33.6026327791235
2,27.7570471435207
2,27.7841018358324
2,11.6240976101495
2,30.1907253386072
2,21.1934335328166
2,26.0200548727349
2,22.777791733196
2,25.1515080943026
2,26.1213490269931
2,43.4278146804027
2,11.1021196599362
2,23.1074439807611
2,24.4156616798846
2,26.806075808677
2,28.4419546952224
2,27.806785046035
2,24.2546438567362
2,11.8393329855842
2,16.6224718176809
2,23.8310771965465
2,8.91724178976926
2,20.855438449848
2,22.4101985019835
2,20.9292239042387
2,18.6400591275845
2,22.4862608376589
2,45.9143626711127
2,28.4187056645199
2,23.3063935316731
2,23.756015109723
2,33.3008875155611
2,20.4662754963285
2,18.9027951525407
2,25.7309811657737
2,37.3824715577641
2,16.2583452935515
2,23.4296374807396
2,17.5806199897036
2,29.8589024756493
2,38.3361373277022
2,21.846434838238
2,20.5469907168644
2,31.1681136207987
2,24.4884642206708
2,25.716110459467
2,24.2826716331096
2,22.6447545293073
2,22.089971818345
2,29.836238682347
2,23.0835858623032
2,22.3667569546873
2,25.4979553650154
2,25.2665519838281
2,32.2532035886282
2,35.793588136927
2,23.3901456442217
2,16.1356756996587
2,25.6809034730307
2,20.3436531567849
2,12.3065036150713
2,31.0938576475478
2,20.9897871299548
2,20.5138643960496
2,25.2555404120444
2,21.107904885394
2,18.8865632638549
2,17.1677201972413
2,20.706401192324
2,31.0002507970849
2,22.313478303648
2,24.401888649727
2,25.3810719729777
2,18.7079810936052
2,18.5716840380203
2,23.3869665284883
2,22.9895046113632
2,12.0005009273143
2,22.4179153824679
2,27.8686421150662
2,22.2182622929936
2,29.6741332919544
2,29.0608897665438
2,21.124439150285
2,24.1568076398363
2,24.492181352459
2,25.0768197995208
2,15.2493617074388
2,32.5136467160538
2,30.9559567905861
2,41.7464780823
2,26.626270031881
2,26.9668544299685
2,20.5652728669559
2,23.0095530481283
2,39.7757767432399
2,23.044593412866
2,23.8994844338383
2,16.7104349419248
2,27.8542865358593
2,33.9438610147549
2,25.5416386891141
2,20.8773642221212
2,31.9024500569383
2,14.7878436990766
2,22.4332219203793
2,19.2611482058444
2,32.0782552226897
2,26.9171299443125
2,24.8727118552657
2,25.5703463435455
2,29.7950046868997
2,19.5589931651821
2,17.0481652204921
2,24.6144226995203
2,19.6710910457735
2,15.5870950704225
2,25.3792307432888
2,14.3201540515075
2,15.2295928899083
2,8.93909350096712
2,18.1688069787528
2,17.2705673106461
2,35.5918391959799
2,20.249845073124
2,19.4443107722942
2,15.4709708758809
2,15.807817719255
2,20.0531781916857
2,19.4849408528198
2,19.5007625234246
2,8.65958249261811
2,23.8649801977319
2,20.076248593728
2,19.4857031649056
2,31.7953746121876
2,33.4829821020959
2,21.1901589362534
2,17.7158777401211
2,24.9062930996392
2,37.3351608797654
2,25.5711499885044
2,34.1666738243883
2,25.2270631363216
2,28.0108829095775
2,14.634674625495
2,29.9963562628337
2,21.659789569555
2,26.496269175483
2,21.1952589546784
2,28.3144340301814
2,30.174098448094
2,31.6437907996932
2,18.7140987701768
2,17.7160903479559
2,14.9609212607862
2,20.5726511507053
2,23.148140886576
2,24.7333762967347
2,35.0776072919687
2,29.9267116225075
2,18.5573211002427
2,22.0220512009573
2,24.7062496560388
2,33.4647075596817
2,31.4196161533755
2,30.8778615879095
2,26.8989466749792
2,33.341764855767
2,20.7781951007507
2,14.8255506304177
2,19.6451017112346
2,25.1848181767772
2,22.1327504907899
2,27.7599123870968
2,20.077063030585
2,22.5252428415101
2,24.6691114551084
2,21.8578497531154
2,32.0494963248806
2,27.6416343499408
2,19.1625608069924
2,30.8715067801585
2,33.9701486810552
2,22.9266191946203
2,28.0490159748305
2,16.2499140660081
2,27.0821020580614
2,29.5295450807189
2,25.9543753359066
2,21.3195731558626
2,24.2060030541439
2,20.6493510591593
2,22.2385739336493
2,32.7960441985909
2,21.9416131343676
2,28.2124669594526
2,33.3703304036095
2,32.4590738342911
2,17.2201304471823
2,21.6645449831711
2,19.7330449307591
2,29.6320422491891
2,25.3994991732349
2,29.2547848560182
2,23.8397418325676
2,22.2806094749547
2,10.4443094508131
2,31.0285163551402
2,26.0705266161432
2,34.8014428440676
2,30.4663526470588
2,28.4008544266771
2,24.5475138632163
2,24.059164758161
2,14.1441446459413
2,23.3581280829321
2,27.113203468781
2,18.810892370426
2,27.6616978195577
2,19.7810817676977
2,21.4164796639976
2,22.0913543977055
2,17.6501349679193
2,26.9060545292166
2,34.1650533830275
2,17.8378600739372
2,13.9647044475091
2,24.2943027671022
2,29.085473739276
2,29.8894641006327
2,29.7158547681938
2,21.3469119205056
2,22.832789734543
2,24.108179251587
2,24.437179638009
2,23.2278279480806
2,23.9698866902868
2,30.4248358566798
2,19.6077527260413
2,7.76290014879371
2,33.6491680743243
2,39.3799793686197
2,13.9030621859296
2,26.4186313853889
2,27.6257153636982
2,26.2705048222758
2,30.6597658842444
2,21.469550245732
2,17.1501805165637
2,32.6462249901407
2,34.5109165488746
2,36.7591959790409
2,39.1134921178099
2,20.4997815222375
2,38.9538878799688
2,24.6107058335737
2,28.3939809358004
2,38.4199222699094
2,44.2295469684031
2,32.1481384145245
2,22.2809152563099
2,21.5778810930576
2,34.0398638804198
2,27.9789699237017
2,26.6887864411091
2,15.5472475212042
2,15.4573956166419
2,33.8852401507139
2,39.9344437790798
2,27.3638288100759
2,20.6822215227639
2,34.4018242011025
2,26.3107767542454
2,33.4196820699127
2,23.0960086956522
2,25.8146533477322
2,41.4469925207756
2,30.5405307863501
2,10.3680726066166
2,22.8643448197054
2,34.7459393191132
2,13.0203214749774
2,19.8512398222773
2,17.1268660792038
2,15.5404561546438
2,37.0754354366564
2,24.7413780890805
2,26.2428152224552
2,29.7338906595722
2,19.2745009453373
2,29.7900787295826
2,23.3598673497144
2,32.5603693168293
2,26.6692275841225
2,9.90694976054522
2,29.644638153489
2,29.3110219308098
2,22.4076482954153
2,30.8389837952446
2,32.4150704093128
2,30.3676666459163
2,26.5049123495929
2,15.5741756899744
2,34.9131778390098
2,13.5563719831512
2,12.8681503968663
2,21.3616815695407
2,22.6471639975762
2,21.859309185125
2,42.9994645536436
2,23.0264676841613
2,23.5343201096932
2,27.7879223496665
2,32.7083444862679
2,10.6052260962567
2,22.9678940457958
2,30.176196907563
2,21.7500574813166
2,31.9842114993216
2,22.4145064027256
2,35.4079786702216
2,21.6260934929322
2,24.7489683581649
2,24.7078159884367
2,20.0561881748848
2,25.9656947021192
2,27.4858840712602
2,28.3605400895141
2,27.0339288160548
2,4.98093565700983
2,21.1998711516534
2,32.9378110740517
2,23.1886255957837
2,24.2930579268293
2,21.3755715598365
2,19.8082911808767
2,14.5010557924293
2,22.0738439351239
2,28.3576844999127
2,27.8699141871496
2,17.2025987046436
2,20.6475082009226
2,21.4642170545235
2,32.564277663301
2,14.3968263183673
2,13.6136405437528
3,25.228949188747
3,20.341325635241
3,25.7874428825535
3,23.0531353100542
3,24.320226304753
3,23.8027096186804
3,34.535031527438
3,17.7325909176797
3,23.766771899529
3,28.8041562149623
3,28.8479094258373
3,21.9254370864947
3,31.283699838823
3,22.8563796765334
3,25.8218495713987
3,27.137735064428
3,34.2816051675319
3,27.0254285470668
3,22.1603283158438
3,27.9281870957481
3,24.2397799080297
3,34.6179588858035
3,33.6457358248582
3,23.8928762240947
3,31.9947649872123
3,24.3690639900507
3,21.764360325791
3,15.2430866894885
3,28.2197301317467
3,33.1642013306599
3,27.7334770727806
3,19.1888293260895
3,39.6429197408556
3,24.7404087993052
3,29.1132647452069
3,20.451019917699
3,26.1829974245115
3,29.4922093796852
3,19.4196447829398
3,30.6311067860596
3,32.6239682337992
3,23.7146517857143
3,25.7599137553447
3,15.807472927856
3,23.0024663277177
3,22.9431407897689
3,29.1126160029229
3,20.0960958962532
3,33.3145165490271
3,21.9697497658977
3,26.8640910290237
3,21.8218382375316
3,31.5238908741348
3,29.8529442788146
3,30.5600195801373
3,30.421166225027
3,21.7364604935194
3,21.2402843420243
3,22.2550028974158
3,23.6974751761375
3,21.6536289404213
3,21.2198449865952
3,25.9337208708997
3,33.1282779090705
3,32.09382875
3,28.0038288281913
3,24.3016696431846
3,23.7589320422077
3,33.9506136129843
3,25.6702091787713
3,22.5704968896953
3,36.1136829224075
3,10.7969146341463
3,39.7841134040967
3,30.9637296422606
3,21.8180677309361
3,35.3419005691057
3,28.524739350426
3,21.7483284044837
3,17.1458603233075
3,22.2262845188285
3,23.8575035183112
3,17.8137707649953
3,24.5355688372829
3,26.9109163800113
3,36.6046331257783
3,30.6668024510052
3,32.4010071292776
3,26.9520970174024
3,21.9237328216639
3,23.8027718032787
3,26.5302619750284
3,31.8470143884892
3,11.0953628121945
3,28.6713526148288
3,25.0697482082012
3,28.4430703722591
3,25.6719071154373
3,25.1849256017505
3,33.8124379339906
3,23.9560456126788
3,40.8701572553619
3,28.0495881336406
3,22.5641013181636
3,21.0796904761905
3,25.221528055206
3,23.1124523376315
3,27.889530551089
3,37.923478355496
3,29.1918794180438
3,18.7985575108292
3,28.9350822689707
3,21.609609617071
3,20.7831978179291
3,26.472598453909
3,26.8892015374992
3,21.0479663499977
3,13.4477626847891
3,22.0243586950871
3,21.320708264218
3,21.1686652348793
3,34.3616893600275
3,19.0217289501169
3,29.8008381679769
3,25.7622405819693
3,32.9597209727859
3,27.2967420452052
3,28.3038801095562
3,20.8083464201696
3,24.0891607832592
3,35.1130974150665
3,24.8063439318159
3,19.7214219733199
3,41.2488562054867
3,42.150616008316
3,28.0708912934071
3,37.9434428571429
3,14.4598688791831
3,32.1646061454922
3,17.9870929521755
3,36.4362886050376
3,36.2645294563843
3,21.786469704227
3,23.8725037068038
3,36.0673541629524
3,26.6166006012693
3,24.3261469635057
3,32.093633533251
3,20.4560999644536
3,30.4300654941286
3,18.7649243035931
3,24.166918401514
3,34.2332889384381
3,39.7213154859126
3,12.3728618012422
3,27.069122825514
3,34.7644478896899
3,14.0325030818902
3,26.152055642787
3,19.6609502834943
3,27.6232607706853
3,26.4871123306573
3,20.2709773083475
3,22.9071739055439
3,29.8200271712653
3,22.7506672044441
3,26.3785542578989
3,26.4696568906606
3,20.6629246928191
3,34.7877228068014
3,35.7926380748663
3,11.9463460601961
3,28.3302189949338
3,13.8718327381484
3,16.5499355001684
3,26.0625853362734
3,22.7689650651894
3,25.2209551291513
3,27.5876081767956
3,26.3148947449058
3,21.4653324972952
3,25.8904054196812
3,28.529789145757
3,18.6813379373178
3,22.3021200152207
3,20.3388408728754
3,33.7612322666667
3,28.66563356321
3,20.9483972987611
3,27.6703414426576
3,23.8104409158355
3,25.8155845744897
3,32.7479093123371
3,32.7645328292877
3,22.9295905784787
3,24.0291567800966
3,29.2742797000632
3,26.9644954991228
3,27.289776396174
3,26.5885116790103
3,20.8680246274178
3,22.4739495888452
3,19.5584756995582
3,29.8967094616639
3,19.6820510920437
3,16.9576363888718
3,22.5685212671906
3,23.9860641094421
3,36.9540181134057
3,29.6152345476792
3,28.3654088324659
3,29.6862521239554
3,26.3502089033352
3,28.2112146449482
3,20.2281829895261
3,31.4785766010656
3,20.3675682901554
3,40.9549496746645
3,25.9803828480437
3,15.7510290797371
3,25.8060784753363
3,23.6402288430602
3,21.3123377516089
3,33.41185253107
3,23.135836443226
3,36.2879928037546
3,17.8601751257163
3,15.6521001813237
3,30.1002861134829
3,32.7224763238749
3,21.86245524973
3,30.6536575784848
3,22.9061433830946
3,16.7181
3,30.9290192467173
3,31.0776203744234
3,21.4489582556839
3,39.7047184379238
3,27.720253231441
3,31.1801386734144
3,33.6888705458979
3,29.4918396836007
3,20.6226839770092
3,32.0906741707696
3,32.0600775601926
3,20.31871365
3,27.5186847674333
3,21.3226375799966
3,19.531217024717
3,27.6537840354615
3,19.3710283406755
3,37.5395279076458
3,25.5275269850658
3,31.8484030260748
3,21.7950140130283
3,26.3473067833698
3,25.3488222258169
3,30.2558170145519
3,25.7330092288109
3,27.4164112856979
3,38.5623980604294
3,18.5962828954982
3,29.7485193981513
3,21.4503862458655
3,14.913599197861
3,34.6945355625
3,24.9387433606717
3,29.7227487058465
3,26.7490534624348
3,25.9412227808377
3,25.9759511002445
3,25.047595016686
3,30.4054125289639
3,24.4183328049708
3,28.7985236362272
3,35.3386912951168
3,32.3578598984772
3,30.7425579820922
3,17.437426215051
3,33.4143791499202
3,37.086232977722
3,29.5656737820849
3,33.1742877665877
3,30.6527039857228
3,18.4421020865974
3,28.749987502535
3,25.8204929082827
3,24.9775315472936
3,26.0661683660464
3,30.7788365191964
3,31.706963001975
3,26.1608622851003
3,29.6288712655469
3,35.3471418441094
3,27.9792189036737
3,32.3774593282902
3,18.9834396011647
3,36.3212666930314
3,27.3801957423448
3,18.5332123855212
3,29.9983320547245
3,34.5760811394749
3,31.7165604273725
3,29.9948409982349
3,33.2562145964084
3,15.9558840110906
3,20.7728995511425
3,28.6854572707086
3,27.8832429199219
3,20.49761005159
3,23.6169049162345
3,32.4738597735849
3,31.9609252367453
3,28.964608488634
3,24.6397714081827
3,31.5231614020504
3,23.9360199354518
3,23.3581280829321
3,24.6561932305056
3,25.8649307509197
3,41.633620940504
3,32.9090719895838
3,22.155457050471
3,17.6408952689439
3,40.4636604099631
3,39.3429085121692
3,27.3823205558138
3,23.4272785254692
3,21.9541916793983
3,21.9119469652328
3,20.599300755894
3,28.7695775616698
3,20.8608768601874
3,28.8140205454545
3,16.9051667926064
3,31.3960691100131
3,26.1029358662614
3,18.6455440329564
3,22.4233094132545
3,26.0619239934584
3,21.3223328969469
3,17.3796530626012
3,24.3601393491124
3,39.2120516643652
3,12.3372840079628
3,24.6670095711446
3,29.1990315288679
3,20.5270239679123
3,26.873859924868
3,25.5286012597872
3,17.0098889266916
3,26.4737400177989
3,17.9686803144064
3,17.9060656090424
3,33.6995873410991
3,24.9868826081667
3,25.0849689680841
3,15.4234658371041
3,26.1631182050347
3,24.1290688967107
3,29.7379913908466
3,27.1243950914112
3,14.3654612762476
3,27.6352500345288
3,26.4060972903937
3,23.8216351772288
3,17.3622391351196
3,13.7549173929519
3,35.7226915459651
3,23.6089577595273
3,25.3640807577045
3,24.3791744387238
3,28.1797824286026
3,26.94075
3,33.1726668307625
3,14.7881070646221
3,28.0164145756752
3,32.8395192552456
3,28.9155300698251
3,40.2789007127743
3,35.8548410299807
3,26.3145514174139
3,22.6250265875065
3,23.5972015162047
3,25.2977701816027
3,39.7197288686606
3,21.6397625220742
3,25.0161782451668
3,25.3835849712668
3,29.919066497093
3,18.2051013798047
3,27.3435286608466
3,23.9273476863243
3,28.6413170644452
3,24.5573347246724
3,21.8073720989637
3,28.1778166772756
3,36.3055003769034
3,34.9113927571363
3,25.1800060944642
3,35.6578764912605
3,25.4805953845527
3,16.3573807757741
3,26.0651717369971
3,34.4805239003239
3,25.4315422607977
3,25.8919743360191
3,19.3163603533304
3,34.8714354485777
3,23.4111646965103
3,23.5949965378422
3,26.2737868705036
3,23.1768012224187
3,17.6809679566738
3,15.2470153285873
3,21.6841800183692
3,25.481874832664
3,24.9941807684405
3,25.7974889983428
3,29.0650258038368
3,19.439301882633
3,37.6456804131967
3,27.1079150293905
3,27.5584047927162
3,22.7376749339789
3,28.5907915960876
3,26.656670197937
3,23.4923900677567
3,23.4796193784551
3,27.3716146403941
3,10.2723123685792
3,24.7706437672402
3,24.5049224731479
3,36.9830931902241
3,28.3574185764568
3,9.3764375
3,30.3568645995551
3,21.0398519039768
3,25.4662297094766
3,15.9615357059237
3,38.3599220103986
3,25.8557274532882
3,19.3637731564041
3,20.5737930061789
3,24.7188552815263
3,27.2261933844431
3,22.8725883778917
3,30.2592421201107
3,21.4293535883548
3,29.0292641816236
3,32.2812138201421
3,26.9340667353443
3,21.5120159036254
3,22.6427389195017
3,29.8556658664838
3,31.9819849090335
3,31.3394391963716
3,29.6467421621381
3,38.6158463122426
3,30.0899746601335
3,41.2565560247323
3,17.2629300150956
3,19.847110430918
3,35.1195447676615
3,39.1311719347926
3,25.4188987200564
3,28.9078950984176
3,19.0697567574282
3,30.0863342712025
3,26.4517529676078
3,18.7682749449613
3,8.09125072847682
3,32.1679910216245
3,24.7679153898769
3,34.5461577463472
3,17.3353902037331
3,23.2245238473768
3,21.3288465371281
3,29.3865838538909
3,13.012123893283
3,33.2230620896536
3,22.7660657142857
3,27.9709980537485
3,26.6028439842694
3,36.632994281229
3,21.2525785157031
3,19.60529045435
3,13.4209938571287
3,28.9241647040433
3,33.9299791017762
3,26.6581755906523
3,27.2363977020015
3,22.4615746780769
3,24.9634027369581
3,21.0144025509629
3,25.2786240093405
3,28.7842923099762
3,17.892568957484
3,21.5265708391768
3,31.8568567328918
3,31.018883731244
3,19.2119705006709
3,28.0766823538149
3,20.5162558852379
3,16.4695455708661
3,23.1668384180341
3,22.3186937364821
3,33.5970632024329
3,39.2242341772152
3,27.7138066117377
3,22.2122560946746
3,21.7589377389405
3,27.7075131711103
3,16.6697133891213
3,23.842749426806
3,15.2255244323241
3,23.8676267198628
3,36.0068520580828
3,30.0151181155183
3,30.7654960684062
3,23.9307016680064
3,24.6579470497578
3,17.9623193951135
3,27.8863524304679
3,25.5395899186478
3,22.2269535821794
3,26.4413546857083
3,28.0585259691522
3,24.3109899119138
3,29.9293333388652
3,23.231708645717
3,37.0682209730568
3,22.2330676200026
3,32.6984022039838
3,20.2289807925719
3,28.122654451706
3,25.0660508027191
3,20.2535251420262
3,20.3436531567849
3,19.0598708828085
3,22.0009494359183
3,15.7229010007849
3,21.7798670334233
3,33.7390840271221
3,27.7031655801825
3,25.3726253733058
3,27.2545634443596
3,22.9828401793161
3,27.7596587120651
4,28.9060908664861
4,35.0839068785969
4,27.0050230872936
4,10.1764022988506
4,25.1265812358965
4,22.9306963547816
4,22.9393976445396
4,22.7038345302076
4,25.9802378180509
4,28.4575821428571
4,28.0758764074303
4,26.0812227880967
4,19.4979713674288
4,33.6606442423961
4,22.8258799389779
4,37.2202477000116
4,33.2879944260523
4,28.0200865229778
4,34.9167322409503
4,30.9108740282766
4,23.5489932831811
4,34.0777852139538
4,23.5979149957978
4,31.6996866286439
4,28.3435177929627
4,27.8716847830733
4,25.292235917382
4,32.8226701344982
4,30.2784943000702
4,30.9074591022068
4,32.9680455124125
4,24.0627754744795
4,24.1640136961865
4,22.5380461374386
4,18.2716407991202
4,27.5857352186698
4,28.2987625570776
4,30.8122065376484
4,30.3529808132741
4,22.6261259771497
4,31.5518569135274
4,22.6968457993279
4,31.4554610293339
4,30.3297489489831
4,15.6966862730178
4,24.0695434818756
4,29.8629846169571
4,31.868714967115
4,23.5313717247879
4,27.3519516978294
4,31.5100510302549
4,18.2630583534659
4,28.8650042198971
4,33.1927571829012
4,28.8257561469127
4,19.954875
4,33.8403793214782
4,31.2936789911408
4,39.4212590100751
4,33.1446676592263
4,30.0899482313576
4,27.5736540336554
4,20.4790288300369
4,23.0315469362536
4,33.4164807372296
4,39.4108756830154
4,34.7692591401193
4,20.0001216500631
4,38.1714802717533
4,29.8399230908171
4,28.6553077406515
4,35.0217515034539
4,19.2780849080914
4,33.3560144114468
4,36.8923049618026
4,20.5622769147118
4,15.3108538836821
4,29.4938844817256
4,21.8743151116516
4,35.3018759944119
4,27.4523157077585
4,34.5247199456963
4,33.8954987556342
4,32.2387363557358
4,14.5190682067905
4,18.9260504573905
4,25.6089155639826
4,28.6856240043057
4,16.9888103737221
4,26.140321210769
4,31.2377083349723
4,28.0763751871594
4,35.8469301630435
4,33.7498158529848
4,17.7151988339552
4,40.6983507058881
4,24.9121671567633
4,17.6167928079736
4,26.5414066062485
4,36.0101543353064
4,34.4874661639808
4,30.7428702557201
4,32.2541337260035
4,31.186523204504
4,26.5941285269667
4,28.7248428046931
4,39.0976904098995
4,20.4287736681371
4,33.8653368205966
4,18.568178807188
4,22.2813734985701
4,40.177157780467
4,23.8873375448321
4,37.0483252410534
4,35.173362106659
4,23.3059066123472
4,29.2499972745402
4,19.3353639148978
4,27.0450082898024
4,23.9073744985084
4,28.394722846345
4,22.6856776281174
4,28.0580418138587
4,24.907891512353
4,29.2284820943245
4,19.6102208822987
4,31.6430796723753
4,22.9494290411378
4,29.7105260442168
4,20.1215227272727
4,27.3535899804633
4,27.4109558354834
4,27.3855930513492
4,14.196662838696
4,28.0160252235726
4,17.6086127039891
4,16.4003141484982
4,28.5138529319124
4,37.9182480079681
4,29.9258905081642
4,20.2603143715004
4,26.876849976791
4,26.247307599699
4,31.3386436621923
4,23.1319863343482
4,22.0669890440975
4,26.7054421663341
4,23.0586587794706
4,26.0468619418556
4,33.7271393343157
4,25.3689033116731
4,31.0347855176893
4,23.2633577514133
4,34.3297044308665
4,18.9792703594403
4,25.128517739173
4,22.0883084405766
4,20.3810622536725
4,45.1375698144406
4,35.0117140509749
4,28.1998934612287
4,25.3216358538181
4,20.5874449568289
4,21.455279495938
4,26.4944847562403
4,36.3632142857143
4,15.3052007978723
4,27.008692201599
4,37.2295018055688
4,30.616561559843
4,20.6823693740005
4,21.7541241224537
4,23.6628552132429
4,26.9969737283315
4,34.8007012151936
4,36.9716174832962
4,26.5950992599042
4,17.6162425137904
4,25.7445071577692
4,29.4796881177424
4,31.9659472610956
4,25.3761878980892
4,28.9141208938121
4,22.4726422958432
4,23.3986866399709
4,31.7657164824121
4,21.8714731291534
4,22.4482362726098
4,21.2294573712256
4,25.1411136342441
4,28.1119747608386
4,27.8433321451171
4,23.270642462794
4,24.6680204325328
4,30.1043916091233
4,24.0851527368076
4,23.7921190026541
4,36.4856337053286
4,27.5626896226415
4,40.5727599575539
4,20.9613405190678
4,25.4358765120968
4,43.8567569055142
4,34.6857655819977
4,41.6387703686
4,35.4969476871045
4,21.5266953779247
4,35.7547247234124
4,31.8308780185425
4,30.9818033097742
4,31.5600035144973
4,20.1060980260636
4,22.1837134513941
4,22.5701033743091
4,21.7857088174983
4,18.1745756819846
4,18.3555010366275
4,37.6676431618867
4,29.7343095589475
4,27.813640913242
4,27.0935409674235
4,32.2107953252033
4,21.926786526969
4,35.033345386321
4,33.1093743278306
4,27.544904692429
4,19.5940867995605
4,28.7376273893555
4,24.2729484454157
4,28.5047754797441
4,24.3933373822362
4,35.7917062931151
4,30.0002932484076
4,35.4617608585432
4,32.0647419430538
4,29.9863142261847
4,29.7703728919101
4,16.3130781042072
4,24.3663808975377
4,31.9670031397174
4,36.681312107045
4,23.8692804048308
4,22.7265412946429
4,31.6681335755205
4,17.0009939648866
4,23.2802965000302
4,31.0809023656675
4,36.1427898659737
4,27.2122746584858
4,28.2865846537002
4,27.0285976748231
4,25.1413728952398
4,32.5933604985159
4,35.7403812767801
4,24.6244987867411
4,32.2711354377606
4,28.4971821232102
4,25.6760823978123
4,36.8979056560568
4,26.5200696124205
4,29.2958520593513
4,26.9347865935327
4,14.9672774715178
4,24.8821353599082
4,23.8773325127241
4,26.0189069036825
4,20.3329984429739
4,31.6170430429641
4,27.9387201963534
4,21.8554230857143
4,33.8355141858988
4,32.0752450085945
4,30.6366691757825
4,24.3342572778394
4,29.3782723031782
4,20.3006564467799
4,20.2368564937788
4,40.2540348170399
4,21.1753641982681
4,20.4291016887465
4,23.4250563093623
4,40.6350721243912
4,22.592963953311
4,27.7507720648886
4,25.9744892951828
4,32.9514607616849
4,29.0971934886592
4,15.693569822741
4,19.3028246678823
4,26.788243566546
4,18.8799042649728
4,28.9010978747521
4,19.4420827629478
4,25.0311119287374
4,27.3901305397656
4,16.8899183496973
4,24.6502317617385
4,22.7729147111913
4,32.9653147633891
4,30.9866786842937
4,27.9086105722599
4,27.5615340027672
4,40.0796550954121
4,20.5189946215529
4,27.8880226312961
4,24.4204717535545
4,19.42466061823
4,28.5861934957834
4,37.4505493299351
4,17.7906607565012
4,41.1897201001514
4,25.7016989447687
4,26.0584782379667
4,40.0953238964853
4,24.2454425502656
4,32.7163326604597
4,30.5473847383265
4,30.6275833022636
4,21.1892837038365
4,31.1935730569948
4,29.7398919508819
4,24.71780964467
4,24.1255820290665
4,21.8272239392586
4,40.981127510917
4,36.3453538219954
4,37.0950851913787
4,15.7840067094795
4,43.7421828531427
4,35.3718162185509
4,26.100873387464
4,38.4795048548677
4,25.0640226268154
4,33.321703724705
4,28.7454325932628
4,19.3923804402914
4,28.8154784714486
4,28.7595800623786
4,21.7799310769374
4,32.2776627709802
4,30.1402377234734
4,36.8040789022814
4,27.1307085678549
4,28.508718858298
4,26.045555986317
4,26.8123121497342
4,39.3564952793076
4,27.948111362806
4,32.1195655813953
4,22.0177293028028
4,19.3283759854457
4,24.6273638049492
4,32.634907507915
4,18.6429837241327
4,26.3780282731923
4,24.6481134155456
4,26.4605790122459
4,17.7523340963194
4,17.3995130214613
4,25.0423084749374
4,29.4570166358595
4,22.8535702194028
4,16.6933902776791
4,16.6371106089439
4,24.3578394146341
4,35.1819113537118
4,15.2824294212101
4,31.2782977115337
4,17.2096171850206
4,30.5655511904762
4,29.7711746594779
4,36.0794773526923
4,19.6617371082183
4,28.1673083544714
4,32.031272787807
4,36.0741911823397
4,21.7082941560476
4,23.0538245458072
4,22.7585744126357
4,30.889777223251
4,31.1768426477413
4,28.1773868395507
4,31.8200824524313
4,39.4885644088298
4,33.768398626113
4,35.3396191545428
4,30.4431401144127
4,31.4577529846504
4,20.0873551947543
4,19.8190423202614
4,32.0549165847062
4,25.6827572581415
4,25.7269180355727
4,31.2853075835792
4,26.5145370984456
4,23.4567917198428
4,26.1896066582056
4,28.9860878805284
4,32.0323463194444
4,34.0447106085869
4,21.1235275123651
4,27.8443194544261
4,26.8065309583981
4,20.2986660275452
4,23.6122178302361
4,29.6757362342071
4,38.7435212305026
4,28.4622423544584
4,34.8358378976398
4,14.2914912323828
4,29.4113653445482
4,31.3081111169321
4,27.0922202493389
4,22.7707127985303
4,23.7173930470466
4,16.2947300613497
4,29.4833997634658
4,26.2477698963458
4,29.015878738222
4,31.2452292838118
4,34.2907342127421
4,26.3899219164393
4,23.8055690083929
4,14.0083624543081
4,33.7908586780818
4,30.1621533857549
4,32.7394969926487
4,33.2589755429466
4,24.9235396905909
4,29.2168220072636
4,27.761053677998
4,26.9607857403355
4,24.2197561900958
4,27.0165122958176
4,34.4769001304267
4,25.3034481508543
4,36.2599453924915
4,23.2129793384726
4,25.2348354296752
4,24.1042681896417
4,25.4936999242233
4,24.2347154088877
4,16.9679878038663
4,32.7953929401511
4,27.747900808807
4,37.9319895294872
4,33.7765303463715
4,17.301675528169
4,25.8234714088079
4,24.287623238255
4,32.8352102883521
4,22.2173927116672
4,42.4939450625159
4,24.2272634523992
4,32.2075466268495
4,31.0389833020095
4,27.3477858112695
4,28.3301609710634
4,44.9209618791946
4,32.1136377497869
4,27.6123970618311
4,26.0255137623714
4,20.9093760099441
4,23.9814001641637
4,21.6727414397277
4,32.1002845196723
4,27.257410068035
4,26.343000896218
4,36.1905001754386
4,21.1899289613315
4,35.1029448243993
4,38.2220824438971
4,34.498388776797
4,24.8802338188814
4,28.7981204087985
4,23.7353097684059
4,35.8005526355422
4,36.829279771615
4,23.6858951343977
4,16.0680036297641
4,21.6497150009675
4,29.4560937969925
4,20.8361280102165
4,31.3876397161436
4,29.435505927835
4,22.8167501842469
4,36.0575991043203
4,26.9832916550958
4,25.5231352506669
4,41.4815774000919
4,30.7540203064564
4,26.3910775773597
4,24.362444045086
4,36.2586807963649
4,32.8254296816159
4,35.2282770100135
4,25.2817451309393
4,37.4891500298445
4,27.4173852632733
4,33.1305184469431
4,21.6812813389863
4,15.3543256362227
4,28.019690526763
4,39.4352063367253
4,27.5944435437835
4,23.1374459167351
4,23.5896184722571
4,25.8937210891977
4,26.7850588809369
4,27.1521884665793
4,41.2125140526976
4,24.824593177798
4,34.732471220135
4,30.8785874659401
4,32.7655593048725
4,23.8713703409992
4,35.1245167355779
4,27.0549238397194
4,29.0606259196378
4,12.715089893617
4,25.9027917104544
4,32.6822651525805
4,26.8789756371814
4,31.9834849156892
4,28.1724144639818
4,31.4645379901961
4,32.5535812353858
4,26.5254018554192
4,22.8256458834347
4,23.7215536052096
4,36.1486596721054
4,25.5177359293671
4,34.8270147952506
4,27.4308833654641
4,31.0183126185758
4,15.5476677918305
4,22.050923191115
4,28.0339196274785
4,25.1498872244489
4,27.0832758460518
4,28.2270881905342
4,24.1608230372995
4,17.6851993294295
4,28.4408522297808
4,30.9879172845429
4,28.7903981799669
4,44.4429929662138
4,26.5832086351931
4,30.4380894696072
4,31.1968221336875
4,23.6603537850601
4,23.9610932206857
4,25.8002591424029
4,26.0967964568834
4,39.3487555555555
4,28.3438738427054
4,23.4632597173145
4,33.1729518904234
4,29.6377128458943
4,37.5076259294196
4,20.1104649203151
4,30.447758347576
4,29.6130972859327
4,26.5123124420299
4,27.6246204712926
4,34.9823968344341
4,25.4949085018284
4,28.0695109416883
4,13.585600312817
4,28.4124195443862
4,25.6534691707317
4,27.2441856395817
4,28.3060238632865
4,23.6848407840981
4,28.2813245958012
4,35.1079524354704
4,25.9014214541595
4,22.9008934854555
4,33.1021144463865
4,27.1357155089629
4,25.5017029386093
4,32.7796109363067
4,36.7603340977671
4,31.0288322473912
4,27.2675689305054
4,40.3881380570856
4,27.47553128091
4,30.6694891909909
4,21.0310658962871
4,17.5156206035768
4,35.0531249226708
4,31.6826082741562
4,20.5655993601632
4,33.8684518047337
4,31.9181696151677
4,28.9639166597164
4,27.2244498417933
4,35.6465967507171
4,25.7900366472468
4,30.517407132818
4,25.8837984270816
4,35.3292148931391
4,23.4206513881613
4,25.9789485888869
4,29.7755046580958
4,21.4698213760819
4,33.0809318687966
4,27.4649214118296
4,30.4993566101232
4,25.3366263486918
4,23.6274783855315
4,41.6133703434226
4,33.7516995285919
4,32.2587248406598
4,26.7242035053554
4,39.7999218131088
4,14.6898007766533
4,20.853858746698
4,22.1625042738522
4,33.675112168666
4,14.2815969762146
4,29.9214712665006
4,20.1319510883649
4,31.9991958867435
4,32.5997319415604
4,42.8922241242564
4,32.400901561716
4,19.7408452702703
4,20.0444287704633
4,29.9228892272625
4,23.205906903597
4,32.6484688870754
4,19.7650594551447
4,32.9037414661947
4,42.5703668818337
4,21.152464613574
4,34.2803231346578
4,34.8246891802556
4,22.7850188945597
4,33.058870914965
4,21.8409983057851
4,51.1680397336043
4,30.0179443867316
4,34.9429238804906
4,28.3503922434031
4,27.2439262563729
4,21.6561482488092
4,24.8787882046834
4,33.6242665987611
4,19.6882672079068
4,35.5518526076223
4,26.3452342646448
4,28.5005970906479
4,21.6578028610124
4,27.5897393406337
4,22.6865402670112
4,24.3261035754035
4,31.9079162989114
4,30.5479502701375
4,35.5466995262535
4,22.222735581529
4,35.4311214216164
4,26.8433799255692
4,27.509975509809
4,26.082715326051
4,29.7568237428992
4,36.380686283771
4,30.7037679303915
4,25.1056399448191
4,30.5786226746307
4,21.3021439425918
4,19.4894872554068
4,42.0886155618777
4,29.6735676898098
4,30.0727533749456
4,23.9759442453206
4,38.2404561084708
4,15.5017688375463
4,25.436842918331
4,26.2525716258666
4,30.0066657559737
4,22.062726398511
4,32.2423073810452
4,31.8294193529155
4,34.8383048186548
4,15.2100777343086
4,26.9887727272727
4,26.6184866982507
4,31.2540172016764
4,44.1897040084606
4,26.1176039233303
4,13.1012609480269
4,38.2047751788079
4,31.0990066877932
4,40.7965949105915
4,35.598166806104
4,24.1136816500869
4,30.9459137679932
4,33.2145389100127
4,33.8542627600826
4,20.4649109144167
4,28.9972697590979
4,34.3918281782757
4,20.3336038386467
4,27.605765775085
4,24.4106118015666
4,25.146867992993
4,22.9276510646461
4,35.3627531280077
4,28.1241514809694
4,25.772277137849
4,25.2403316305727
4,14.6303300203568
4,22.686124134004
4,33.3219544054418
4,21.8819970783323
4,31.2644430506903
4,27.9185744680851
4,45.2705995504776
4,21.9688564190781
4,32.6997061889973
4,32.1917391085791
4,29.2605269836843
4,33.2380627895947
4,27.9078351666393
4,19.7194419082221
4,24.3896275640006
4,26.7687898008449
4,31.0486530077378
4,34.8682024809479
4,28.6146399410297
4,29.596461165202
4,34.2906931425843
4,32.4072683870419
4,28.0613214707722
4,37.0725996174819
4,36.8112644708952
4,36.5729420841406
4,33.7943887883305
4,33.0870711133257
4,27.1079366410671
4,23.7037143021861
4,16.8730894626413
4,27.4436209482849
4,27.6228264
4,25.1466959756729
4,30.1517523884455
4,16.5841029030165
4,29.1808928259604
4,16.4805758775558
4,11.712855837425
4,27.1935485467106
4,29.5947943762442
4,32.1298718755014
4,31.9568450936482
4,32.3294045312328
4,17.441169793621
4,36.1169400250185
4,28.2557553191489
4,30.2919102862124
4,24.3337325433322
4,20.997977914924
4,19.8244176537401
4,18.5484240600843
4,18.1985158765355
4,26.8835774135274
4,30.1890677155242
4,24.8912331863286
4,25.0750483568752
4,30.0411464519523
4,29.7001389776358
4,26.4843842381869
4,35.0475394640385
4,31.3912624010247
4,27.7471335583414
4,21.3264585772175
4,25.7468698520133
4,25.8655710435533
4,24.0381935701743
4,42.1065426781003
4,28.5023047287313
4,15.5856879118895
4,25.2346610324988
4,23.3444751089861
4,18.4244340525283
4,30.6787657078652
4,33.6900474669187
4,30.4496303976748
4,28.5492619456237
4,30.0765319148936
4,30.1282262686567
4,25.862933893329
4,24.9639323791567
4,29.0156516021292
4,31.4630650536457
4,25.5737223539556
4,18.2689128574523
4,28.8947185813035
4,21.6164073812417
4,20.11517324077
4,28.1888752386043
4,27.7438906501096
4,38.5300727286071
4,34.8329426290627
5,36.4922333655018
5,27.4105338019743
5,25.6337441323063
5,33.5938795680648
5,30.2446660687127
5,41.9383039678378
5,42.5545589463105
5,23.566125782881
5,23.2718782238924
5,25.3963292283652
5,34.701419421312
5,26.3451508406919
5,23.0365736751811
5,32.9085815347722
5,24.4826898355755
5,33.360074988852
5,26.2689682133543
5,43.3907118342939
5,36.3159647517333
5,32.3736406318754
5,40.3032302024439
5,25.5175714186499
5,37.2874087483375
5,32.8661533667525
5,37.9275965208173
5,29.8963264784686
5,29.398137953683
5,19.176268290335
5,20.0686409329829
5,28.5722064544651
5,42.5534610936256
5,29.522686322532
5,24.4891853669725
5,26.716452999822
5,34.9760841171728
5,29.5231375612625
5,30.7771699155296
5,30.7488310147689
5,29.7600104028864
5,32.059359918355
5,33.0107952857143
5,32.4232954894774
5,28.0419433914673
5,23.7562078344042
5,28.6778711767205
5,24.4893520383037
5,25.0569905660377
5,35.8939003768539
5,34.2926112182578
5,23.5677360286526
5,25.4932506696429
5,35.4001323757764
5,34.7578280160613
5,40.5947579480684
5,28.5924702082916
5,40.5087857464451
5,30.6355036717227
5,30.218941862542
5,21.7923490510083
5,29.6086957214142
5,25.6777377643505
5,29.1266673409635
5,42.2481826699593
5,31.1367947110142
5,28.1230238095238
5,32.0159233365477
5,28.7530325584251
5,26.0247548515982
5,24.8765142757209
5,35.8572430623666
5,32.7005220919162
5,32.3951457158388
5,29.817265406457
5,39.8134043998706
5,39.2543487523992
5,17.2333863711218
5,24.7861221099541
5,41.3135322362489
5,35.551241581095
5,28.8061108897742
5,27.1320564453747
5,13.0346682264323
5,37.175953489046
5,29.2600805348433
5,26.7020945835043
5,39.2676929229278
5,33.057264354464
5,26.7284171937895
5,35.5736149031159
5,26.8809907039508
5,27.4640663775851
5,31.0570131831037
5,35.2912995757034
5,24.5446886805226
5,28.1603793058681
5,33.5465182552281
5,21.7897047288735
5,27.4824427666011
5,39.1311638185738
5,27.669002483615
5,27.1424583407871
5,28.5888575089698
5,34.2930495148622
5,19.7724440056965
5,35.389224444231
5,36.5360378366132
5,42.3061217627279
5,28.7519872976806
5,38.666838106254
5,22.9605273232479
5,35.6768826606393
5,33.0392099597923
5,32.1416245361157
5,30.8958240099383
5,24.5473199573443
5,39.5332440276848
5,31.7284642583732
5,35.9849522499303
5,27.9136134338588
5,30.6765552696815
5,32.3106633983256
5,36.0247857519094
5,43.6737265325671
5,35.0204529484124
5,31.866503663741
5,30.4609810166994
5,41.0335779619398
5,24.4505459849598
5,26.3083943133735
5,25.956028464039
5,34.5212103190232
5,31.3958389635656
5,32.9972440561224
5,27.7311409741579
5,28.2313379709644
5,27.0306411536541
5,29.297367538917
5,25.8231406227984
5,30.7141929165778
5,20.9027360965373
5,33.5414739816225
5,26.1829974245115
5,28.3237515217289
5,28.7547436271499
5,27.1053105733824
5,28.5809224331191
5,42.2429373484898
5,23.744811812673
5,39.5950850010158
5,33.9751458248056
5,26.538701450756
5,17.0460147649421
5,26.2160143587399
5,29.2912941546461
5,20.4681310063463
5,27.2394448721716
5,29.0527233517716
5,28.8679154993468
5,25.4061203693465
5,26.1903945422232
5,25.2687825872721
5,27.2411205173568
5,32.6883943222842
5,31.9480420869478
5,27.7719191310338
5,30.961381735707
5,27.3678984901041
5,29.0968036393765
5,17.8222810783237
5,19.3146926056817
5,41.2608034038492
5,35.0125123019366
5,30.8236611493108
5,36.3221946824745
5,30.7337265529842
5,47.9560337785039
5,33.1452703826955
5,30.4245175105793
5,32.0662795469836
5,27.0553765792798
5,31.7993003143602
5,23.179650142484
5,38.5418814588969
5,31.5169747810574
5,22.1402350696503
5,35.3916143471383
5,22.015801108057
5,33.0372848082596
5,33.0052700574069
5,24.1250160445535
5,22.4352237057221
5,28.4896484137991
5,45.1605813887949
5,31.3109040074237
5,31.046529301012
5,16.0488631655272
5,25.6140501813527
5,20.4569877337559
5,35.8280499036481
5,28.6519057943006
5,22.1517138549307
5,20.865203127338
5,24.4801247231013
5,21.3506331170191
5,44.2311821262075
5,23.4408987583893
5,32.9337491320306
5,41.5735930919699
5,25.7015817602573
5,29.8693573996656
5,27.2208503024194
5,42.1578426257024
5,43.3384755093327
5,21.0136634714047
5,28.1200465043435
5,25.103771411902
5,33.2077211225302
5,30.9738377215715
5,27.2579335298142
5,18.8672515969163
5,26.7111724457058
5,35.6091268055499
5,34.5962498302364
5,36.9493299327614
5,16.7891340075853
5,9.44753737045495
5,28.6112088306671
5,37.3032634380294
5,30.7281339095745
5,31.3316341332137
5,29.9177559869152
5,29.5237615289256
5,17.1600505830444
5,21.584257535461
5,31.0168233863547
5,38.7787670845436
5,30.3311001133466
5,32.0326006183709
5,30.6326891148631
5,29.18998211791
5,32.2726731470231
5,33.0412937451326
5,26.5314046058971
5,32.220335963837
5,51.2459957349822
5,21.1052083061738
5,12.9472750696379
5,28.520346052484
5,32.2235227155395
5,33.0615684086275
5,43.5898794804672
5,31.1385796308543
5,30.4475468093237
5,18.4938345279541
5,43.2682920393927
5,21.2782878292636
5,37.9562012441157
5,15.368043734362
5,30.4866184287812
5,34.9243969787781
5,34.0018692025665
5,21.4491854889195
5,50.6150352931123
5,40.5799962883038
5,19.354359337309
5,32.2456520282999
5,41.2992796085838
5,36.5647711577522
5,41.404860538794
5,33.9827235274869
5,33.6107849928707
5,40.1463737599052
5,27.9867136055957
5,30.0252093055316
5,24.1273116262608
5,26.0595120028952
5,38.9179068094629
5,28.4034802756654
5,18.9985403731976
5,15.5662421294876
5,23.9312029094618
5,37.6473223370597
5,31.9828642373682
5,25.6439723487171
5,33.1714874484826
5,27.0681806440629
5,28.6975811074243
5,35.6693031491264
5,25.5592054551027
5,23.6528685519397
5,35.973467268623
5,39.8905516257465
5,23.6528685519397
5,36.5852287243376
5,31.9356645179962
5,22.4985157967033
5,24.2739328084888
5,38.1757459463338
5,41.7161741916569
5,33.0134023778275
5,19.9454964000929
5,38.2703471479501
5,30.8697872322375
5,29.8231319226984
5,41.5729704719131
5,16.6090908728047
5,29.3275871196112
5,30.18612391332
5,33.6960425373134
5,33.56606889404
5,26.5937913280268
5,30.3802597170272
5,41.9917044402232
5,19.031169062043
5,38.4232249249893
5,33.2417700159773
5,25.6497111948585
5,37.547191925624
5,42.9160511828165
5,21.2617469276985
5,21.4099030188162
5,33.2639078400539
5,34.9896499332537
5,38.7649517687995
5,25.906030400912
5,40.4590606412302
5,20.5376304621471
5,38.9100844692877
5,28.8115376840383
5,33.1409965326918
5,31.6666587183308
5,24.9130092107487
5,20.031067520407
5,36.126781828074
5,26.3467873994638
5,22.2573268156425
5,28.6059634156766
5,36.6648729293501
5,34.8532591888058
5,33.4444269744278
5,40.3006910711444
5,18.3955347586682
5,37.1238259212198
5,33.5742785438822
5,40.5921582192034
5,22.9089586151043
5,28.2987625570776
5,37.4148474661228
5,28.1663253601572
5,26.6153709955549
5,29.2737088269567
5,34.7005068776978
5,32.3727043312484
5,22.3880463315321
5,16.4788172052968
5,30.6665970310336
5,23.704543238491
5,28.036776990914
5,20.8957128457283
5,20.7818461713765
5,25.4015935030035
5,21.8702738910927
5,41.7574226290921
5,37.1283914487169
5,31.7443334815721
5,29.7131828351836
5,35.2738469320971
5,38.9408721138211
5,22.934064645666
5,22.7635833169774
5,28.3206054795831
5,33.5463097689453
5,30.5433757735149
5,19.5384533172969
5,24.9065189855876
5,37.3039466292135
5,29.2323779470371
5,27.5004773375594
5,30.6185486337914
5,24.811943365932
5,29.3366885959608
5,37.6738555063584
5,24.4279901536464
5,28.2902667852139
5,34.2190230357537
5,20.3084822880372
5,35.6416725074859
5,31.7465098029952
5,18.483235908142
5,29.4864389245481
5,27.8601794963424
5,24.7421496967071
5,31.7837930426716
5,31.7380878031984
5,36.0538026914993
5,34.7156813252257
5,39.4198070130475
5,37.1142937416382
5,28.3486845795842
5,19.0478681088419
5,46.4822242171545
5,29.3229883904846
5,23.3500637910874
5,26.129842779359
5,29.6655085609083
5,43.5777001547063
5,37.2236133994189
5,24.6535758994579
5,34.5357152062597
5,35.3468428841852
5,31.0664737632793
5,28.9273727279417
5,34.3651606586868
5,35.6625729775281
5,31.349127462285
5,37.9285980046948
5,28.8684017055905
5,26.5011894648829
5,26.4716697434736
5,29.6037610134491
5,31.1982580954692
5,36.335684616444
5,32.787674986484
5,29.4869468651736
5,16.3929338512925
5,16.0515795717377
5,16.766242046258
5,29.7322654592194
5,36.9509584363323
5,32.937309990767
5,21.8057979653757
5,37.9253043252344
5,23.8163964733139
5,30.2808023558352
5,25.4126736726531
5,34.6552118487173
5,43.8957672262706
5,35.3788381032121
5,38.4349055842862
5,29.6223042526579
5,31.4955861426891
5,28.4161591703057
5,39.0680106904022
5,31.3249437666371
5,30.6959272288545
5,28.1123178080106
5,27.0236729651163
5,32.4394776528896
5,27.6536101634841
5,32.0098176352175
5,23.5176800658204
5,37.3511690620092
5,22.7533404418198
5,30.733772093809
5,33.9189073351317
5,29.1697793530351
5,29.0887835610377
5,25.1876209460756
5,34.8041569514632
5,30.9877156761635
5,32.3798256741573
5,29.0709169650699
5,44.7144949494949
5,18.6892101129111
5,23.5031368775897
5,30.9141532492726
5,37.3329232476419
5,25.4613497278289
5,19.0492792082048
5,23.4542419930454
5,22.1846742511521
5,31.9534544505048
5,35.8355640981711
5,24.6870560105609
5,31.194726141978
5,38.7080210974904
5,23.0975901807724
5,39.5272574654874
5,23.1352916709618
5,31.0892912865576
5,33.2024564377305
5,29.8367240479042
5,23.9957074995143
5,23.4756891518397
5,26.4293205699729
5,33.37487633499
5,31.3172456978967
5,29.3173572528703
5,25.6398184241979
5,29.8384573468424
5,30.5344169821273
5,27.661233319212
5,29.310380017043
5,26.1847830526378
5,23.832268844887
5,22.3800736207639
5,19.7523879367052
5,37.7474766505345
5,36.1061338559238
5,21.5660614666765
5,39.613986149008
5,38.5023876814688
5,31.9534544505048
5,25.5222882338631
5,20.2215675885643
5,25.9173276455855
5,21.8904478021978
5,27.3177716697404
5,30.7631914008798
5,27.3052083161228
5,30.3227794743178
5,42.3864337210071
5,42.1581278126208
5,30.2812733093862
5,25.9836409130657
5,40.3436900698786
5,36.0892092959511
5,16.9332220097102
5,26.6994697382199
5,17.9958363698165
5,34.0430786977698
5,20.5680196993026
5,39.0710172961974
5,34.7286428006538
5,26.8654927138694
5,25.1447909264154
5,44.5556213298298
5,23.9798385426214
5,26.2005979733362
5,23.9686168276792
5,38.844599625
5,41.805046301956
5,37.1799265091864
5,32.1309480644306
5,33.3559853128991
5,35.3562974841868
5,34.5672117303062
5,26.3575631953611
5,31.4790964280705
5,24.7376367647059
5,27.8229647007042
5,24.358409757887
5,21.2490835229697
5,31.5786991187419
5,33.4452869446076
5,20.5532543088287
5,20.809438034188
5,40.1925448438769
5,32.2047089980855
5,21.3483540476093
5,26.1071215165262
5,37.1510601066171
5,35.8705369296505
5,33.9310861246944
5,33.7409981626363
5,31.2556824438751
5,34.2072147598797
5,19.4245834647382
5,33.3592653490596
5,30.4259551603753
5,26.9614064375469
5,41.9183970863473
5,30.678599657211
5,28.6176944092334
5,19.9907293876155
5,27.1660381908605
5,41.0125584135208
5,22.9686236551818
5,35.0317158273381
5,32.9724640810856
5,31.1042390467611
5,28.5605586794973
5,13.4164334006839
5,26.4164624455092
5,30.6042295216252
5,26.2913107022243
5,23.5903320950405
5,27.585334729594
5,44.3948257793915
5,26.1439779573681
5,28.5871904485692
5,27.9910644028103
5,31.2688907342198
5,10.7047645803698
5,28.8198893229167
5,26.1693848290029
5,22.3893559163284
5,33.4914846181363
5,32.1478018093275
5,21.6870817607781
5,20.2111923400319
5,36.4670549014681
5,10.7053772063933
5,21.2957494627211
5,33.2125211595102
5,35.8681673430932
5,24.3593097783056
5,20.1715828204792
5,28.9517661931946
5,20.1627647460715
5,36.1858446866485
5,21.8042156968877
5,35.5769932321286
5,37.2275982831369
5,33.4038033232552
5,23.5191747735248
5,29.2365110878997
5,30.604648350733
5,34.0349032888613
5,30.5838606948681
5,24.3229922426347
5,36.7307452366318
5,45.9315360902256
5,25.9474238788356
5,37.792590081607
5,19.7341783181358
5,30.412018011811
5,24.7832926844015
5,16.6945495390632
5,35.6953038448054
5,37.0972862676056
5,33.0060127818214
5,28.6750472276524
5,25.9190239827985
5,27.2485859667515
5,33.395749187558
5,35.7518207681577
5,31.0497353756584
5,28.3907183500278
5,31.96188668564
5,20.7993960687444
5,35.8121680137247
5,25.9348070214669
5,27.5180377123912
5,31.7847715823579
5,25.4126264453816
5,27.1674747451189
5,30.7468885160641
5,34.6310048718671
5,30.2074372273151
5,32.2389389415482
5,35.4288638266601
5,30.7656649634699
5,26.5571554466364
5,34.6022508387434
5,40.7445164259417
5,14.7867987274896
5,34.6859538675527
5,27.8521996221444
5,34.0034815504701
5,32.540448022889
5,27.8184270694056
5,28.0026841701213
5,33.7529534172591
5,24.05549060972
5,37.4954862531266
5,30.2939324907522
5,26.371734178237
5,24.1299314022383
5,23.2025285404232
5,30.1439573809524
5,34.9060796507944
5,28.1059271361459
5,20.029889304366
5,34.0409574083909
5,32.7123196410904
5,25.9997203779367
5,27.5407707702155
5,21.480315406389
5,33.647642242552
5,33.4113876515714
5,24.2793086475814
5,35.9655720781157
5,38.6863060626123
5,36.7411412826496
5,36.4565369569693
5,23.2365116454229
5,32.4688866304191
5,17.6013320079523
5,32.7793599637568
5,32.7821627246437
5,38.4079029136675
5,28.6963526513048
5,24.215786524108
5,37.5246410596027
5,34.9463738806953
5,36.4503721549719
5,29.6920618899105
5,33.9536916115417
5,30.4839757615266
5,37.7928398112784
5,29.5341240991483
5,48.0748191378966
5,28.4438393633267
5,24.7559745236123
5,28.4734006988009
5,36.8308850428708
5,29.9309471850109
5,33.0319041724377
5,31.4420426210955
5,19.6285144826902
5,26.0773856967533
5,33.2095123678504
5,36.7307939964158
5,31.9954350891615
5,38.120580878178
5,27.1226397191788
5,27.8441051414476
5,29.052599844479
5,20.7382743817485
5,27.219970831691
5,34.5287308723832
5,25.1326774442116
5,25.1273065393937
5,23.5484994810138
5,29.8213993875766
5,36.6856491712707
5,46.6964874766161
5,28.2149276731243
5,30.9162753841195
5,40.1136945852392
5,16.8452784824723
5,16.8936726700589
5,30.8228314238607
5,33.4831864597638
5,26.3826385727075
5,24.7863903627186
5,16.8249733599445
5,25.2999312808301
5,29.105648805925
5,21.2091726044226
5,21.0868309903883
5,36.5736944547823
5,27.4097058105841
5,25.2155791139241
5,41.6933142742979
5,34.7322434616515
5,33.3797934617925
5,29.4626370203695
5,18.6534994545207
5,57.4955611171811
5,34.111566767709
5,18.0837549876496
5,29.5779825779916
5,38.3223853891583
5,22.1835767062923
5,34.4207272821523
5,41.3559474247227
5,26.2940420507337
5,29.15643023149
5,28.3736441703727
5,25.7890889210247
5,31.3820420903628
5,37.5591170086819
5,49.25671558753
5,31.3741381072857
5,39.4251670036178
5,33.5336029759892
5,32.555325147085
5,27.6732929643737
5,40.0509086894247
5,41.7787731215012
5,32.197949505972
5,24.1310172889673
5,35.9732127117565
5,20.7102764043186
5,22.3137195626083
5,33.4208503849217
5,31.2597187061574
5,31.8813523262048
5,32.5972264521895
5,19.0639664274138
5,23.951130731428
5,20.3941720867209
5,23.249853211969
5,26.6691330845172
5,33.9339813681129
5,20.0526942191165
5,43.3093550495942
5,28.2470028910687
5,28.5281338970374
5,25.4840444388335
5,21.9773807170016
5,34.9364692537436
5,27.9317829547944
5,33.7010374906052
5,33.0542355000986
5,30.8676952978894
5,28.259967409533
5,24.1633672212806
5,17.8543088988476
5,28.9209879340789
5,17.8240448356351
5,41.7426902525058
5,24.5776436208467
5,35.3972834714859
5,23.8127813793103
5,39.5699506535224
5,27.195197646873
5,28.7517603861908
5,28.7290246958533
5,34.9444442765114
6,39.4118441950391
6,35.66321081217
6,29.1449436667621
6,36.8111878978293
6,33.6141582295082
6,27.3758793765812
6,37.2094783676031
6,32.243513248337
6,31.1330813186813
6,25.4131861673045
6,40.7359012587175
6,32.4293272781417
6,27.7824595851598
6,34.0956933525521
6,28.6497737265196
6,22.5403087755292
6,36.0200098204265
6,25.381195179704
6,31.006045289953
6,37.6429587860351
6,47.7486863037179
6,19.9810832950224
6,28.1185863363083
6,33.7804341157205
6,36.8337044851109
6,37.8510105968331
6,48.851175053112
6,32.432174147778
6,27.7324355500311
6,20.4370816630325
6,44.6043607254814
6,33.5419634621583
6,35.9187154096943
6,25.3105904968454
6,30.5259760191339
6,40.7795813417488
6,45.733042431304
6,36.5174573500364
6,37.1740564620741
6,17.2250487550666
6,23.0513988411022
6,34.0090802771916
6,24.0466918623013
6,32.2989011381789
6,35.0070535412072
6,23.1615640175091
6,36.2747580593101
6,29.0871569889885
6,25.7935016098878
6,35.1564631848163
6,33.1423679947461
6,46.0854137339864
6,26.0577216685979
6,34.093124784469
6,28.9568992997973
6,28.0676915576833
6,34.5501268292683
6,29.5442302711677
6,28.275505027152
6,24.2402698826597
6,29.6252670519406
6,29.3350722967107
6,28.4146020724954
6,37.8133061541448
6,38.4352615206036
6,33.6100014416146
6,32.117788195396
6,25.3715037840332
6,23.0180205762001
6,42.1842777087089
6,26.095032879336
6,30.5108296463506
6,30.4587006450585
6,30.9373761774537
6,27.9511181971593
6,42.0303987762422
6,36.9652067077344
6,31.2575083268979
6,22.6403600333934
6,18.9957487893913
6,33.7622856301035
6,28.3663044305805
6,34.7487229274611
6,27.4350487331156
6,29.6104833139027
6,40.8004438996049
6,23.5040919557239
6,29.4640316689182
6,52.2339541403406
6,20.9643630535134
6,21.0257782243332
6,42.9161394480616
6,36.3988606629312
6,29.1867521995163
6,34.2582883350463
6,27.7889752202643
6,32.2204171916489
6,33.9212068720098
6,26.9631935079584
6,22.9081899950715
6,37.9591259538344
6,19.0628970216264
6,24.902335968728
6,26.3047573383183
6,36.6739207639731
6,32.7912922004445
6,39.3359006860503
6,44.8316207452024
6,25.5294295183317
6,34.6539876801382
6,37.4958154894121
6,45.2741057644675
6,29.7866797504731
6,31.7568741587514
6,40.0469987317819
6,48.9566879237288
6,31.6071434068479
6,23.1362456445993
6,39.840615
6,32.9228499103943
6,26.4985799800466
6,26.9581009350772
6,30.7289131137448
6,30.8536987266112
6,20.785815215532
6,34.4081890874282
6,33.5104239385727
6,30.7462097887896
6,36.3407592963387
6,29.9516818615927
6,20.6096295766159
6,41.7268706465778
6,36.4445741499327
6,28.3140546767538
6,46.628856565588
6,40.1883852276432
6,31.8805122546553
6,22.6426968675654
6,28.7109137346333
6,31.2659329017069
6,34.8897152636448
6,36.7693683535563
6,31.246874007174
6,32.6641020173301
6,46.1006098980174
6,40.8076275417471
6,24.4031697905182
6,24.0342562572199
6,24.0950829772329
6,22.7297539721489
6,43.9912387474713
6,32.6593545896483
6,33.4589817135769
6,34.629186935541
6,35.990862932024
6,33.4729668815944
6,38.7609895323961
6,19.2626772450111
6,34.5623272755583
6,34.2693844225752
6,26.7152986980697
6,49.359609391255
6,38.2819440748762
6,30.8092858847463
6,39.2029026247245
6,29.2102884918794
6,28.4134100348198
6,28.5595806451613
6,24.7640629706663
6,39.4078028067802
6,21.7233451472192
6,27.7676294454042
6,32.3968573821545
6,33.1017014508929
6,35.4248644540943
6,42.8884529538131
6,36.7499202667728
6,40.0694024397982
6,30.1803409837121
6,30.5596936870441
6,31.2347596891298
6,36.2239680329052
6,50.1471801921166
6,28.9882908523071
6,25.3192693457944
6,29.730115040858
6,43.4505192508951
6,38.5108501060928
6,24.5010014958863
6,28.3895757549424
6,37.6687297575952
6,38.3125486598196
6,45.6953290322581
6,35.7349027671756
6,33.8436217009685
6,30.8876101044141
6,31.2109485947343
6,35.8874973114573
6,28.6723263345444
6,20.9462608695652
6,50.1471644475464
6,25.3443364569961
6,31.0658948732315
6,28.9046574023565
6,38.4159186781609
6,44.2969509499272
6,25.3064606573172
6,43.0743259243708
6,51.4365446604468
6,26.2047737843552
6,39.1985417980104
6,34.0754801870695
6,35.5464259952365
6,28.2856514628761
6,30.2165414016101
6,35.7132802228706
6,27.9323556713001
6,44.613460364371
6,42.8065345933516
6,30.677075633383
6,36.1618507068327
6,27.7914238038594
6,23.8994761938501
6,32.1762113784319
6,29.4401485166263
6,28.0039962874963
6,27.5237409326425
6,38.766417074364
6,35.6735273204184
6,25.6627549838966
6,25.4792279464014
6,34.9117847815601
6,32.4594001788435
6,33.2857627333001
6,40.8878829081868
6,31.6557862568071
6,32.2312800570047
6,33.5137936142199
6,27.997447108209
6,37.2512240049034
6,32.5827969740339
6,38.1310719412985
6,39.2401927732289
6,24.1500090924835
6,39.122866591991
6,27.2585110891934
6,28.3511673920384
6,42.0296597802198
6,32.4436013678906
6,32.0668975664969
6,11.0232270897963
6,39.7314813174114
6,45.3221722785003
6,50.395614344536
6,21.8704199451052
6,34.3975746246296
6,46.7311721481141
6,49.8472009383741
6,33.8354242851148
6,17.8219692708779
6,24.2324107394127
6,31.3951267742903
6,44.5809490017711
6,17.674985224453
6,33.6240377841093
6,22.1309427848414
6,46.616486053658
6,25.4518409284497
6,33.6153859339955
6,36.8238105781567
6,29.9833946743005
6,15.0119394428744
6,32.5195821628341
6,27.2687521414252
6,40.574684982247
6,36.0049713869387
6,36.0253036063667
6,15.0120019228528
6,24.1344
6,32.9988528437327
6,34.2039445466491
6,21.9851911382818
6,33.9691296725014
6,33.8028103823612
6,30.8086058316484
6,25.4663337119567
6,34.5629078615729
6,51.6658890673028
6,29.8988416854624
6,32.0876265464735
6,25.9361072416177
6,35.4002139931133
6,27.5256734539123
6,44.6323666419164
6,40.0794927748928
6,34.1149835878407
6,27.1047736549957
6,36.561768947269
6,33.9988275106082
6,50.1564065825847
6,36.4461837830957
6,29.3349791689968
6,48.9526611333
6,25.5655341740039
6,33.3993179640719
6,40.2087440149718
6,29.8327796014883
6,32.0363409315896
6,25.9834884762063
6,39.494117750711
6,27.520205600274
6,42.73087812916
6,32.4103227427276
6,36.451315867613
6,25.8203366563468
6,27.9275290406569
6,44.0682876414948
6,43.0169895050531
6,35.1653658393252
6,34.5144623558741
6,33.7214905848788
6,38.138491398218
6,41.324751226857
6,30.4168743591864
6,29.6507319795977
6,27.7124917064993
6,19.0565854112228
6,21.7635466555184
6,34.761713342599
6,31.0118962787201
6,44.5146536312849
6,27.0143182948603
6,20.3239234444604
6,31.4773964037597
6,37.6156871233427
6,23.9117883586309
6,31.9124571332323
6,25.6049249524088
6,36.6291234121383
6,26.2490575425687
6,36.5331738198589
6,27.0408788342218
6,34.0555025499132
6,36.4303646221899
6,28.7732831136922
6,30.6001431890793
6,26.0134834054335
6,32.8766802833256
6,38.9163516483517
6,40.1627119972053
6,57.2873214999688
6,35.8707087572674
6,38.1363803226514
6,41.4930132328616
6,32.2099173625446
6,31.3331814823642
6,39.1102901933287
6,29.4773671331788
6,24.9832935349612
6,29.5176741928808
6,42.1550359682572
6,47.9966808707315
6,40.097611273024
6,24.8802267838557
6,28.7495997020854
6,27.9971888103788
6,29.4685611379744
6,31.3424475702051
6,21.6182826102343
6,17.7381770413306
6,30.925926442537
6,27.5657490842491
6,14.8575208794068
6,32.2040226060029
6,42.413857655868
6,39.063361136295
6,35.5258402237354
6,34.839247473766
6,40.3340107471642
6,26.5408856703115
6,25.7231839372514
6,47.2234765528856
6,30.5762380538905
6,26.7185195915907
6,61.0801892616459
6,41.560928775993
6,27.8896172922252
6,38.9779040568745
6,33.9227600895757
6,30.2513622606963
6,41.4916363636364
6,32.7237650193632
6,28.4990730590487
6,24.7717710949548
6,31.9928611806798
6,33.6854082116244
6,38.9424528949339
6,21.894392027027
6,32.0990736966825
6,41.2158417187139
6,24.0698065435671
6,32.4686374749499
6,32.5670389249021
6,36.5712958346044
6,32.4834387958963
6,33.5055304994637
6,27.0814868223406
6,20.4730806783145
6,27.8030871108684
6,30.4587321468464
6,27.1318032763734
6,26.5937680365615
6,37.0564322913893
6,36.3367721876587
6,37.2359661741425
6,26.2953120740334
6,35.9422291948218
6,24.404315348065
6,38.3401043882575
6,35.3380130792649
6,44.8489275565257
6,21.3556538501185
6,30.9091566187167
6,30.6863825604021
6,29.5474384578797
6,40.9410300015038
6,30.9171470946847
6,33.55296653139
6,34.1761215512598
6,24.5477645526961
6,45.4473499215994
6,22.742302328995
6,43.8764175584416
6,37.8592713456365
6,30.0360866737862
6,28.6198916504223
6,35.1903231448675
6,25.9330184217956
6,23.2684527625684
6,47.2426460760861
6,35.1860537747691
6,24.4028971040134
6,43.0013212524655
6,24.2746381472054
6,42.9546904100946
6,25.736412262845
6,29.836400519001
6,35.294268009467
6,36.2857878193262
6,45.3729568602011
6,32.4679033976931
6,34.6676146997801
6,30.1875535284053
6,34.3781468935889
6,41.6573377868138
6,33.1239793694754
6,41.0755065063481
6,24.6085331736419
6,31.5951480569564
6,23.011521948402
6,30.632548103194
6,25.1357951452425
6,40.4430300076453
6,44.0544065408884
6,24.9558418012249
6,19.3965993184031
6,36.7626233800582
6,48.9501389786347
6,36.0676180803471
6,33.1380093958583
6,34.8105784984513
6,41.6324365075764
6,27.0328980440747
6,39.752213377711
6,46.278354875499
6,44.7175137769526
6,41.6783943228721
6,31.8451088737516
6,33.528888209266
6,41.1458672838048
6,41.1380456711676
6,36.5669676490604
6,38.0406714102681
6,32.634351894305
6,36.8635346099789
6,24.3732109912015
6,32.5658163021003
6,33.449391904048
6,29.6732681278019
6,17.7158777401211
6,25.8355784922994
6,23.6266023360149
6,27.348477984013
6,32.4947972709259
6,21.7228700084364
6,26.288356082403
6,36.1739518213281
6,19.0988932358318
6,20.4250992383184
6,33.6881034712951
6,33.7253197719616
6,38.6177205169628
6,35.5513741583406
6,41.8812729998589
6,36.164607366716
6,25.1393950429133
6,27.5163153294124
6,29.8965271407532
6,23.7538419364246
6,24.2198173528394
6,29.9952295827021
6,34.6275801071443
6,33.0794517687171
6,33.615792116524
6,34.0478212947787
6,40.2659750315412
6,27.3492899163111
6,30.952571766804
6,25.1260933491534
6,25.6253109343263
6,26.8187253298643
6,33.2124594278517
6,38.1482211873259
6,24.6183669420268
6,30.4919463366261
6,30.5344452642416
6,22.803859604632
6,37.0270916859938
6,29.1753893409276
6,29.0371567812269
6,19.0038833017551
6,33.4229953738958
6,24.4261107250879
6,20.7503203125
6,44.5612043739202
6,43.0823202527995
6,29.1907504479752
6,28.7976799568035
6,37.3415559358091
6,27.8370996778989
6,29.4701178370787
6,33.1753796366389
6,38.3602720588235
6,31.0820011069819
6,28.892851068038
6,33.086364542329
6,49.078142360994
6,23.1327412147834
6,33.4408209714286
6,25.6144997708039
6,26.1364378165267
6,32.3705571636313
6,30.1099243441332
6,38.7308278182838
6,29.2023804048655
6,26.1197307438743
6,35.4456831168289
6,20.3937663036125
6,33.5519982774089
6,14.7890639272625
6,43.3198858303766
6,32.6523174345663
6,37.740753525641
6,32.523428533674
6,38.5062759026029
6,31.00834057457
6,28.3929191799215
6,23.4077182816757
6,26.5938901478256
6,43.157097581512
6,32.8325613810742
6,35.7755921481009
6,45.0194479483892
6,54.8799734542892
6,36.4790053894298
6,32.1402753674517
6,33.1110232479784
6,35.2730393437966
6,33.0140048104862
6,37.2789201475937
6,26.1439779573681
6,28.3092512446533
6,36.7463812553212
6,23.7342632775889
6,26.0196883514465
6,32.1834334803952
6,34.4117142857143
6,38.4161505925251
6,17.6900922930542
6,31.1383073283029
6,23.8688196940727
6,30.3342131493969
6,34.4688537142588
6,24.6554806055918
6,50.1657935495259
6,35.41388
6,35.5098243123859
6,34.5448277300613
6,23.1205267515924
6,35.4088202070603
6,34.5290464430698
6,37.922858034129
6,28.2335066929134
6,45.0165366771623
6,34.8190300188883
6,38.4577176198347
6,28.4918418953156
6,35.0651656455142
6,30.3631768035516
6,29.6561588841116
6,22.7510237151352
6,22.31030859375
6,32.0221174692368
6,33.0940695861265
6,34.871550887856
6,33.7976355299637
7,47.4481741465744
7,55.1850004493517
7,30.1902439738383
7,39.7048234710937
7,34.2197106728169
7,44.2274073496842
7,38.3738216741942
7,32.9491150314161
7,45.1823807734151
7,40.0928848371777
7,34.4558292388736
7,39.6344732357177
7,28.3326507693858
7,46.133052149165
7,50.3798247856556
7,36.1754291047889
7,35.3902457541308
7,27.3905992983202
7,31.9527454070689
7,48.2122890829856
7,44.4509034820403
7,37.6128961374756
7,36.6250538429106
7,28.8732051615402
7,24.5241614437605
7,32.8681719854899
7,37.3427884405836
7,33.0837854344551
7,32.4896676043207
7,35.3968644294963
7,30.6527039857228
7,38.1800929770601
