,gameid,LeagueIdx,selCount
1,1,5,694
2,2,6,535
3,5,4,514
4,7,4,461
5,8,5,644
6,9,6,802
7,10,1,249
8,11,1,141
9,14,5,113
10,15,5,265
11,16,4,386
12,17,3,251
13,20,2,616
14,21,2,126
15,22,2,399
16,23,4,55
17,24,2,105
18,25,5,1230
19,28,3,178
20,30,4,234
21,32,4,133
22,33,3,554
23,34,4,229
24,38,5,1081
25,39,4,533
26,40,4,241
27,41,4,131
28,42,5,255
29,44,5,112
30,45,2,266
31,46,1,99
32,47,5,733
33,48,5,459
34,49,2,243
35,52,3,253
36,53,2,399
37,54,3,304
38,57,6,285
39,58,5,714
40,59,4,251
41,60,4,116
42,62,4,193
43,63,4,153
44,65,4,281
45,66,4,365
46,67,6,999
47,68,2,414
48,69,1,99
49,71,3,283
50,72,5,220
51,74,4,439
52,76,1,210
53,77,4,422
54,79,3,356
55,81,3,203
56,83,2,87
57,85,2,74
58,86,6,615
59,87,4,576
60,88,6,976
61,89,4,698
62,91,1,189
63,92,5,301
64,93,4,192
65,94,2,214
66,95,6,753
67,96,5,208
68,97,4,237
69,100,3,264
70,101,5,94
71,106,4,263
72,107,4,401
73,109,4,200
74,110,6,310
75,111,2,255
76,114,6,235
77,116,1,59
78,117,2,52
79,118,3,264
80,119,2,149
81,121,3,304
82,122,3,284
83,123,3,142
84,125,3,154
85,126,6,201
86,127,1,207
87,128,4,323
88,129,6,307
89,130,3,551
90,132,3,513
91,133,5,474
92,135,6,341
93,136,6,444
94,137,4,134
95,138,3,204
96,140,4,316
97,141,5,196
98,142,5,533
99,143,2,464
100,144,6,903
101,145,3,205
102,147,5,336
103,150,6,472
104,151,6,312
105,152,4,497
106,153,4,441
107,154,3,648
108,155,6,317
109,156,1,371
110,157,4,142
111,158,2,150
112,159,4,211
113,161,6,94
114,162,4,551
115,163,2,215
116,164,2,144
117,165,4,345
118,166,4,454
119,167,5,159
120,169,4,430
121,171,6,408
122,172,2,154
123,173,5,539
124,174,4,492
125,175,1,428
126,176,3,255
127,177,4,401
128,178,5,258
129,179,5,382
130,180,5,390
131,181,1,193
132,182,6,312
133,184,4,553
134,185,6,1183
135,187,5,401
136,189,6,576
137,190,5,1192
138,191,4,130
139,192,2,213
140,193,1,222
141,194,2,126
142,196,3,364
143,197,5,668
144,198,6,417
145,199,2,96
146,200,3,300
147,201,6,264
148,202,2,57
149,203,5,496
150,204,5,499
151,205,2,128
152,208,3,592
153,209,5,155
154,210,5,349
155,211,5,673
156,212,5,670
157,213,3,1266
158,214,4,226
159,216,6,257
160,217,3,236
161,218,5,445
162,220,4,321
163,221,4,300
164,222,4,1001
165,223,5,497
166,224,5,304
167,225,4,430
168,226,4,119
169,227,2,563
170,229,5,440
171,231,6,341
172,232,6,486
173,233,1,198
174,236,4,367
175,237,5,772
176,241,7,696
177,242,6,246
178,244,5,315
179,245,1,258
180,248,6,95
181,249,3,221
182,250,2,235
183,251,4,475
184,252,4,349
185,253,5,546
186,254,4,760
187,256,3,193
188,257,5,342
189,258,3,144
190,259,6,259
191,260,2,504
192,261,5,274
193,262,4,171
194,263,4,120
195,264,5,233
196,266,6,920
197,267,5,357
198,268,5,559
199,269,3,713
200,270,6,505
201,271,5,467
202,273,4,237
203,274,4,102
204,275,4,609
205,276,6,412
206,277,5,173
207,279,6,389
208,280,4,752
209,281,4,410
210,282,6,724
211,284,5,592
212,285,4,237
213,286,5,281
214,287,6,634
215,288,6,2144
216,290,6,449
217,291,5,211
218,292,4,617
219,293,5,60
220,294,4,355
221,295,5,137
222,297,3,537
223,298,5,567
224,299,4,163
225,300,6,232
226,301,1,153
227,302,2,216
228,303,5,834
229,304,3,181
230,305,4,748
231,306,6,158
232,308,3,354
233,310,4,340
234,311,3,257
235,312,1,154
236,313,1,213
237,314,5,192
238,315,5,312
239,316,3,989
240,317,4,649
241,318,3,240
242,319,2,644
243,321,4,225
244,322,6,543
245,324,5,497
246,325,3,134
247,326,4,844
248,327,5,787
249,328,3,362
250,329,3,152
251,330,5,487
252,331,6,649
253,333,1,157
254,335,4,1235
255,336,5,616
256,341,1,267
257,342,6,136
258,343,5,409
259,344,6,310
260,347,4,253
261,348,6,322
262,349,5,232
263,350,6,495
264,351,4,531
265,354,4,277
266,355,3,167
267,356,1,155
268,357,4,232
269,358,6,461
270,360,5,617
271,361,3,180
272,362,6,607
273,363,3,193
274,364,6,141
275,365,4,338
276,367,5,146
277,368,5,361
278,369,4,282
279,370,1,96
280,371,5,313
281,372,2,142
282,373,2,483
283,374,1,226
284,377,4,303
285,378,5,748
286,379,4,270
287,383,5,104
288,385,4,124
289,386,4,689
290,387,3,195
291,388,4,574
292,389,5,1376
293,390,3,161
294,391,4,184
295,392,4,309
296,393,6,664
297,394,4,627
298,395,6,164
299,396,4,410
300,399,3,275
301,400,6,461
302,401,5,516
303,403,3,81
304,404,5,481
305,405,2,359
306,406,5,187
307,409,5,431
308,410,5,536
309,411,6,121
310,412,5,536
311,413,4,622
312,415,6,219
313,416,4,370
314,417,3,235
315,418,5,183
316,419,4,217
317,423,4,132
318,425,2,292
319,426,2,378
320,427,3,646
321,428,4,198
322,429,2,243
323,431,3,174
324,432,5,260
325,433,5,811
326,434,2,302
327,435,3,342
328,436,6,185
329,437,1,202
330,438,1,200
331,441,1,221
332,446,3,198
333,447,4,218
334,450,3,803
335,451,5,448
336,453,1,314
337,454,4,657
338,455,6,555
339,457,4,785
340,458,6,419
341,459,2,611
342,460,5,540
343,461,6,378
344,462,5,317
345,463,5,129
346,464,2,461
347,466,5,224
348,467,2,338
349,470,4,833
350,471,3,258
351,472,2,261
352,475,5,215
353,476,1,464
354,477,3,392
355,478,2,405
356,479,4,296
357,480,5,572
358,481,6,257
359,482,5,500
360,483,3,347
361,485,5,285
362,486,4,158
363,487,3,264
364,488,5,392
365,489,4,392
366,490,3,268
367,493,5,569
368,494,5,588
369,495,6,152
370,497,4,131
371,498,6,288
372,499,6,389
373,502,3,373
374,505,3,397
375,506,5,145
376,510,2,93
377,511,3,76
378,512,4,246
379,513,4,327
380,515,6,371
381,516,2,276
382,517,4,276
383,519,7,512
384,521,5,441
385,522,5,346
386,523,6,632
387,524,5,167
388,528,3,203
389,531,2,582
390,532,1,327
391,533,5,179
392,536,5,334
393,538,5,322
394,539,4,522
395,542,7,704
396,543,6,486
397,546,6,204
398,548,4,467
399,549,3,188
400,550,5,460
401,551,5,295
402,552,4,256
403,553,4,245
404,554,4,375
405,555,5,485
406,556,1,304
407,558,5,393
408,560,5,281
409,563,2,437
410,564,6,331
411,565,4,313
412,566,7,405
413,567,3,321
414,568,4,393
415,569,4,235
416,570,5,653
417,571,3,284
418,572,4,508
419,573,4,83
420,574,6,102
421,576,1,417
422,578,3,409
423,580,4,358
424,581,3,503
425,582,5,241
426,583,5,393
427,587,5,590
428,589,3,505
429,590,3,183
430,592,5,771
431,593,3,477
432,594,4,193
433,595,6,333
434,599,2,128
435,601,4,402
436,602,6,640
437,604,3,382
438,605,5,608
439,607,2,257
440,608,2,232
441,610,3,333
442,611,6,451
443,612,4,256
444,613,4,147
445,615,4,376
446,617,5,706
447,618,5,59
448,619,1,227
449,622,5,272
450,624,5,327
451,625,4,586
452,626,7,446
453,628,6,157
454,629,2,820
455,630,5,248
456,632,6,157
457,633,5,395
458,634,2,218
459,637,4,38
460,639,6,309
461,640,2,358
462,641,6,282
463,643,3,329
464,644,2,271
465,645,5,390
466,646,4,673
467,647,2,517
468,648,2,520
469,649,6,755
470,650,1,248
471,651,4,281
472,652,3,341
473,653,2,218
474,654,4,128
475,656,5,493
476,657,5,640
477,658,3,690
478,659,4,84
479,660,6,396
480,662,2,677
481,664,5,395
482,666,4,268
483,667,5,157
484,669,4,799
485,670,6,403
486,672,3,116
487,674,4,376
488,675,6,745
489,676,5,897
490,677,4,382
491,678,5,340
492,679,2,39
493,680,5,429
494,681,5,783
495,684,5,416
496,685,5,169
497,686,3,315
498,687,5,275
499,688,5,382
500,689,6,552
501,690,5,118
502,691,5,189
503,692,5,357
504,694,2,323
505,696,4,519
506,697,5,264
507,700,4,461
508,702,3,200
509,704,3,582
510,705,3,101
511,706,4,624
512,707,5,253
513,709,4,531
514,710,2,264
515,711,4,349
516,712,3,337
517,714,4,355
518,715,6,579
519,717,5,454
520,718,6,378
521,719,3,688
522,720,5,275
523,721,6,318
524,723,4,352
525,725,5,236
526,727,3,429
527,728,4,476
528,729,3,318
529,730,5,672
530,732,6,376
531,735,4,327
532,736,5,658
533,737,6,1010
534,738,5,362
535,739,3,226
536,740,4,213
537,741,4,313
538,742,4,109
539,743,6,452
540,744,6,810
541,745,3,252
542,746,5,304
543,747,5,358
544,748,5,399
545,749,5,162
546,751,5,245
547,753,4,81
548,754,1,85
549,755,5,842
550,759,6,809
551,761,4,453
552,763,6,364
553,764,5,677
554,765,6,68
555,766,2,399
556,767,4,257
557,768,4,155
558,769,2,124
559,771,5,274
560,772,5,798
561,774,5,221
562,775,6,1018
563,776,5,311
564,777,4,300
565,779,5,472
566,780,3,356
567,781,2,117
568,782,4,323
569,783,6,263
570,784,5,251
571,785,3,560
572,786,3,181
573,787,6,604
574,789,4,161
575,790,3,373
576,793,5,564
577,796,6,545
578,797,6,221
579,799,4,228
580,803,5,517
581,804,3,245
582,805,6,578
583,806,5,333
584,807,6,470
585,808,6,292
586,810,6,528
587,811,5,79
588,812,1,110
589,814,5,169
590,815,5,349
591,817,5,417
592,818,6,792
593,819,3,115
594,820,5,409
595,822,6,463
596,823,6,637
597,824,4,144
598,826,2,279
599,827,6,316
600,828,3,183
601,829,5,542
602,831,3,440
603,832,5,609
604,834,5,323
605,835,2,47
606,836,4,131
607,837,3,76
608,839,4,160
609,841,3,115
610,842,6,418
611,843,5,623
612,844,3,230
613,845,5,264
614,846,6,285
615,848,4,270
616,849,5,520
617,850,5,764
618,851,4,111
619,853,2,126
620,854,5,173
621,855,5,851
622,856,2,303
623,857,3,245
624,858,2,956
625,860,4,532
626,861,4,133
627,862,2,325
628,863,6,437
629,864,6,379
630,865,5,150
631,866,3,443
632,867,4,1505
633,868,5,117
634,870,4,126
635,871,4,451
636,872,5,478
637,873,2,308
638,874,5,244
639,875,4,438
640,876,5,871
641,877,2,144
642,878,2,196
643,879,6,562
644,880,5,525
645,881,6,472
646,882,5,725
647,883,1,237
648,884,5,467
649,885,4,200
650,887,6,355
651,888,4,246
652,891,6,398
653,892,6,625
654,893,5,169
655,894,6,1063
656,895,5,497
657,896,5,994
658,900,5,453
659,901,3,89
660,902,3,157
661,903,4,229
662,904,3,701
663,905,5,189
664,906,4,97
665,907,3,412
666,908,2,208
667,909,4,560
668,910,4,208
669,911,2,429
670,913,2,392
671,914,6,234
672,915,4,224
673,917,2,57
674,918,6,569
675,920,3,236
676,921,5,113
677,924,3,190
678,925,3,120
679,926,6,305
680,927,3,492
681,929,5,453
682,931,6,524
683,932,4,183
684,933,4,269
685,934,6,578
686,935,6,133
687,936,6,386
688,937,2,743
689,938,4,210
690,939,5,167
691,940,5,274
692,941,4,436
693,946,5,418
694,947,3,141
695,948,5,90
696,949,5,694
697,950,3,367
698,951,6,735
699,952,6,879
700,953,4,59
701,954,5,304
702,955,3,252
703,957,6,567
704,958,4,354
705,959,6,546
706,960,5,412
707,961,4,414
708,963,6,320
709,964,4,770
710,966,3,456
711,969,5,78
712,970,6,671
713,972,2,297
714,973,5,246
715,974,5,924
716,977,4,320
717,979,2,271
718,981,3,146
719,982,3,80
720,983,6,422
721,984,5,555
722,985,4,279
723,988,3,249
724,989,5,783
725,990,3,232
726,991,6,1177
727,992,3,201
728,993,5,324
729,994,6,158
730,996,4,171
731,997,3,240
732,998,7,354
733,999,4,806
734,1000,6,524
735,1001,5,628
736,1002,5,371
737,1003,6,549
738,1004,6,260
739,1005,4,299
740,1007,6,844
741,1008,6,671
742,1009,5,255
743,1010,5,225
744,1011,4,513
745,1012,6,644
746,1013,4,681
747,1014,5,583
748,1015,4,63
749,1016,4,143
750,1017,5,189
751,1019,5,208
752,1020,3,316
753,1021,4,281
754,1022,3,597
755,1023,3,479
756,1024,5,122
757,1025,5,722
758,1026,5,495
759,1027,5,134
760,1028,2,683
761,1029,4,584
762,1030,2,144
763,1031,4,119
764,1032,2,116
765,1033,5,718
766,1034,2,648
767,1035,6,140
768,1036,1,96
769,1037,2,114
770,1038,5,233
771,1039,2,278
772,1041,1,511
773,1043,4,586
774,1045,5,317
775,1046,2,246
776,1047,5,319
777,1048,5,243
778,1051,5,1101
779,1052,6,195
780,1054,4,305
781,1055,4,306
782,1056,3,159
783,1057,2,199
784,1059,1,189
785,1061,3,141
786,1062,2,523
787,1064,1,112
788,1065,5,178
789,1066,3,308
790,1067,6,415
791,1068,5,492
792,1069,6,320
793,1070,4,143
794,1071,6,595
795,1072,4,84
796,1073,3,312
797,1075,1,205
798,1076,3,496
799,1077,5,842
800,1079,4,159
801,1080,4,28
802,1081,6,282
803,1082,3,458
804,1083,5,865
805,1084,3,189
806,1086,3,309
807,1087,7,614
808,1088,2,220
809,1089,4,111
810,1090,4,388
811,1091,3,290
812,1093,6,663
813,1094,6,818
814,1095,1,422
815,1096,3,220
816,1098,4,180
817,1101,2,99
818,1102,5,147
819,1103,4,396
820,1104,4,174
821,1106,5,352
822,1107,4,177
823,1108,3,331
824,1109,4,66
825,1110,7,267
826,1111,3,723
827,1112,4,460
828,1113,5,94
829,1114,1,131
830,1115,5,292
831,1116,2,102
832,1117,6,658
833,1118,3,60
834,1119,5,387
835,1120,1,166
836,1121,2,563
837,1125,5,426
838,1126,1,129
839,1127,6,296
840,1128,4,644
841,1129,3,181
842,1131,5,620
843,1133,4,408
844,1134,5,173
845,1135,5,232
846,1137,6,547
847,1139,2,120
848,1142,5,391
849,1143,5,953
850,1144,2,323
851,1145,3,395
852,1146,5,198
853,1147,6,282
854,1148,4,553
855,1151,4,187
856,1152,4,536
857,1153,5,584
858,1157,3,199
859,1158,1,397
860,1161,5,420
861,1162,5,663
862,1163,2,268
863,1164,4,329
864,1167,4,446
865,1168,6,160
866,1169,4,813
867,1170,4,173
868,1171,4,635
869,1172,1,179
870,1173,2,158
871,1174,5,578
872,1176,2,298
873,1177,6,711
874,1178,5,472
875,1179,4,169
876,1180,3,92
877,1182,5,379
878,1183,4,361
879,1184,1,261
880,1186,2,165
881,1187,4,210
882,1188,4,573
883,1189,5,557
884,1190,5,756
885,1192,4,299
886,1193,2,450
887,1195,4,185
888,1196,1,50
889,1198,4,150
890,1199,6,711
891,1202,4,383
892,1203,4,409
893,1204,1,138
894,1205,4,444
895,1206,5,864
896,1207,5,231
897,1208,4,598
898,1209,3,235
899,1210,3,306
900,1211,6,394
901,1212,6,576
902,1213,3,307
903,1214,4,318
904,1215,6,446
905,1216,2,248
906,1217,4,230
907,1218,5,404
908,1220,1,179
909,1221,2,555
910,1223,1,150
911,1224,3,66
912,1225,4,359
913,1226,4,816
914,1227,2,489
915,1228,3,308
916,1229,3,558
917,1230,4,199
918,1231,2,105
919,1232,4,233
920,1233,5,217
921,1234,6,742
922,1235,6,240
923,1236,3,105
924,1238,5,256
925,1241,4,836
926,1242,3,334
927,1243,4,198
928,1245,1,74
929,1246,6,337
930,1247,4,53
931,1248,3,274
932,1249,4,207
933,1251,6,347
934,1252,5,131
935,1253,2,252
936,1255,5,608
937,1256,4,196
938,1257,3,149
939,1258,1,344
940,1259,1,880
941,1261,1,205
942,1263,4,208
943,1264,5,622
944,1265,2,159
945,1266,5,964
946,1268,3,181
947,1269,1,245
948,1270,2,69
949,1272,4,321
950,1274,4,589
951,1275,4,378
952,1277,5,90
953,1278,5,446
954,1279,4,280
955,1280,6,581
956,1282,4,1281
957,1284,5,182
958,1285,4,513
959,1287,1,192
960,1289,3,244
961,1290,5,241
962,1291,4,472
963,1292,4,156
964,1296,6,576
965,1298,6,575
966,1299,6,688
967,1301,4,378
968,1302,4,134
969,1304,2,90
970,1306,5,413
971,1307,5,469
972,1309,6,544
973,1310,1,532
974,1311,4,410
975,1313,3,172
976,1315,4,226
977,1318,3,255
978,1319,6,450
979,1322,3,119
980,1323,3,155
981,1325,7,643
982,1326,2,110
983,1330,5,330
984,1331,1,139
985,1333,6,528
986,1334,1,120
987,1336,3,182
988,1337,4,157
989,1338,6,848
990,1339,4,914
991,1340,3,444
992,1341,6,248
993,1343,6,378
994,1344,3,113
995,1346,2,134
996,1347,4,194
997,1350,4,360
998,1351,1,125
999,1354,4,466
1000,1355,1,287
1001,1356,4,1093
1002,1357,3,865
1003,1358,3,377
1004,1359,4,67
1005,1361,6,485
1006,1362,4,386
1007,1364,6,109
1008,1366,2,391
1009,1368,3,380
1010,1369,5,163
1011,1370,4,400
1012,1372,6,420
1013,1373,3,379
1014,1375,2,407
1015,1376,3,380
1016,1377,6,523
1017,1378,2,642
1018,1379,3,415
1019,1380,4,285
1020,1383,5,289
1021,1386,4,316
1022,1389,5,215
1023,1391,6,1084
1024,1392,1,248
1025,1394,2,172
1026,1396,2,98
1027,1397,2,121
1028,1398,5,865
1029,1399,2,133
1030,1401,3,387
1031,1402,3,140
1032,1403,4,238
1033,1404,6,503
1034,1405,1,56
1035,1406,5,394
1036,1407,2,56
1037,1409,2,516
1038,1410,5,434
1039,1411,4,484
1040,1414,3,492
1041,1415,5,603
1042,1416,6,1018
1043,1417,3,487
1044,1418,1,699
1045,1420,5,255
1046,1421,6,588
1047,1423,2,227
1048,1425,4,217
1049,1426,3,304
1050,1427,1,440
1051,1428,4,289
1052,1429,5,194
1053,1430,4,253
1054,1431,6,1063
1055,1432,1,187
1056,1434,5,231
1057,1435,3,347
1058,1436,1,428
1059,1437,3,548
1060,1438,1,367
1061,1439,3,523
1062,1440,3,542
1063,1441,5,622
1064,1443,5,620
1065,1445,1,112
1066,1446,6,295
1067,1447,4,682
1068,1449,5,804
1069,1450,6,642
1070,1451,3,554
1071,1452,4,246
1072,1453,6,844
1073,1454,4,750
1074,1455,4,369
1075,1460,5,887
1076,1461,3,177
1077,1462,4,69
1078,1463,2,57
1079,1465,6,724
1080,1466,4,220
1081,1468,3,1200
1082,1469,4,487
1083,1470,3,212
1084,1471,3,399
1085,1473,3,742
1086,1474,2,129
1087,1475,4,404
1088,1476,6,923
1089,1477,1,379
1090,1478,5,843
1091,1479,4,188
1092,1481,4,781
1093,1482,4,347
1094,1483,4,235
1095,1484,1,117
1096,1485,5,643
1097,1486,5,508
1098,1487,3,540
1099,1488,6,374
1100,1489,5,654
1101,1491,4,271
1102,1492,4,416
1103,1493,3,1386
1104,1494,4,336
1105,1495,4,271
1106,1496,3,264
1107,1499,6,302
1108,1500,1,164
1109,1502,4,492
1110,1503,6,418
1111,1504,3,203
1112,1505,4,282
1113,1506,6,451
1114,1508,6,910
1115,1510,4,271
1116,1511,2,210
1117,1512,1,24
1118,1513,5,892
1119,1514,3,383
1120,1515,5,534
1121,1516,6,332
1122,1517,6,499
1123,1518,3,431
1124,1519,5,757
1125,1521,3,124
1126,1522,4,370
1127,1523,5,284
1128,1524,5,2319
1129,1526,1,48
1130,1528,6,176
1131,1531,4,321
1132,1532,3,254
1133,1533,3,605
1134,1534,5,511
1135,1535,4,227
1136,1537,5,262
1137,1541,3,161
1138,1543,3,404
1139,1544,5,200
1140,1545,6,566
1141,1546,4,77
1142,1548,5,347
1143,1551,7,1021
1144,1552,2,178
1145,1553,6,994
1146,1554,6,336
1147,1556,2,471
1148,1557,5,171
1149,1558,4,474
1150,1559,6,394
1151,1561,3,1455
1152,1562,3,220
1153,1563,5,275
1154,1564,3,99
1155,1565,2,305
1156,1567,5,264
1157,1568,5,263
1158,1570,4,114
1159,1571,6,260
1160,1572,2,609
1161,1573,5,205
1162,1574,5,715
1163,1577,4,97
1164,1581,5,379
1165,1583,5,654
1166,1584,5,937
1167,1588,5,231
1168,1589,2,468
1169,1590,6,89
1170,1592,5,450
1171,1593,3,224
1172,1594,3,501
1173,1595,6,313
1174,1596,4,194
1175,1598,4,530
1176,1600,5,809
1177,1601,2,76
1178,1602,3,432
1179,1605,3,223
1180,1606,6,215
1181,1607,4,782
1182,1608,4,169
1183,1609,2,617
1184,1610,6,136
1185,1611,6,738
1186,1612,3,138
1187,1613,6,85
1188,1614,2,227
1189,1615,5,655
1190,1617,5,165
1191,1618,6,258
1192,1619,2,438
1193,1620,2,445
1194,1621,6,172
1195,1622,6,655
1196,1624,2,108
1197,1625,3,71
1198,1626,3,178
1199,1627,2,256
1200,1628,3,297
1201,1629,6,1102
1202,1630,3,132
1203,1631,3,176
1204,1632,5,907
1205,1633,5,932
1206,1635,2,429
1207,1636,2,398
1208,1637,5,432
1209,1638,1,275
1210,1639,5,262
1211,1640,3,318
1212,1641,3,86
1213,1642,3,281
1214,1643,5,143
1215,1644,3,345
1216,1645,2,126
1217,1646,5,636
1218,1647,6,224
1219,1648,3,154
1220,1649,1,352
1221,1650,6,1134
1222,1651,4,144
1223,1652,5,740
1224,1653,2,199
1225,1654,4,294
1226,1655,6,1181
1227,1656,4,219
1228,1658,4,198
1229,1659,1,205
1230,1661,4,514
1231,1664,2,162
1232,1666,4,167
1233,1668,3,311
1234,1672,5,270
1235,1674,2,217
1236,1675,3,236
1237,1676,2,970
1238,1677,3,146
1239,1678,4,230
1240,1679,3,243
1241,1681,5,830
1242,1682,6,232
1243,1683,4,92
1244,1684,4,140
1245,1687,6,698
1246,1690,3,916
1247,1691,6,200
1248,1693,2,346
1249,1694,2,181
1250,1695,3,402
1251,1696,4,446
1252,1697,2,162
1253,1698,1,398
1254,1700,3,166
1255,1701,1,116
1256,1702,3,315
1257,1703,2,179
1258,1704,5,165
1259,1705,1,192
1260,1706,6,623
1261,1707,4,230
1262,1709,1,365
1263,1710,4,681
1264,1712,6,197
1265,1713,2,388
1266,1714,3,333
1267,1717,2,135
1268,1719,4,280
1269,1720,6,432
1270,1724,3,412
1271,1725,3,236
1272,1726,6,371
1273,1727,2,84
1274,1728,5,411
1275,1729,6,1026
1276,1730,3,73
1277,1731,4,278
1278,1733,4,388
1279,1734,4,168
1280,1735,6,870
1281,1736,5,661
1282,1737,5,823
1283,1738,4,232
1284,1739,4,257
1285,1740,6,318
1286,1742,4,219
1287,1743,5,676
1288,1744,4,253
1289,1745,6,811
1290,1746,3,108
1291,1747,6,524
1292,1748,3,157
1293,1750,6,525
1294,1752,2,184
1295,1753,6,237
1296,1754,3,31
1297,1756,4,418
1298,1758,5,302
1299,1759,5,209
1300,1760,3,343
1301,1761,2,189
1302,1763,3,332
1303,1764,2,172
1304,1767,2,297
1305,1768,4,205
1306,1770,3,315
1307,1772,3,399
1308,1773,4,672
1309,1775,4,609
1310,1776,4,154
1311,1777,4,158
1312,1778,4,437
1313,1780,2,255
1314,1781,4,402
1315,1782,5,366
1316,1783,2,327
1317,1784,5,755
1318,1785,3,92
1319,1786,2,32
1320,1788,3,276
1321,1791,2,425
1322,1792,3,139
1323,1793,4,149
1324,1795,6,337
1325,1796,6,883
1326,1797,4,721
1327,1798,4,202
1328,1800,2,236
1329,1804,4,288
1330,1805,4,512
1331,1806,3,146
1332,1808,4,560
1333,1810,2,327
1334,1811,4,101
1335,1813,2,145
1336,1814,3,469
1337,1816,6,171
1338,1817,1,342
1339,1818,2,336
1340,1819,4,213
1341,1820,4,582
1342,1821,5,734
1343,1822,1,205
1344,1824,3,366
1345,1825,5,784
1346,1827,5,950
1347,1828,6,281
1348,1829,4,391
1349,1831,6,208
1350,1832,4,227
1351,1833,6,527
1352,1834,2,265
1353,1836,6,695
1354,1837,3,255
1355,1838,4,157
1356,1840,7,462
1357,1845,1,277
1358,1847,3,377
1359,1848,5,625
1360,1849,2,222
1361,1850,2,63
1362,1853,5,1236
1363,1854,4,861
1364,1855,4,585
1365,1856,4,86
1366,1857,6,180
1367,1859,5,213
1368,1860,2,376
1369,1862,4,295
1370,1863,6,553
1371,1864,4,192
1372,1865,4,1023
1373,1866,4,364
1374,1867,4,319
1375,1868,5,975
1376,1869,3,492
1377,1871,5,409
1378,1873,3,44
1379,1875,5,379
1380,1876,7,477
1381,1877,6,263
1382,1878,3,631
1383,1880,6,277
1384,1881,6,1105
1385,1882,5,873
1386,1884,6,594
1387,1886,3,477
1388,1890,6,195
1389,1891,6,231
1390,1893,6,356
1391,1894,4,377
1392,1896,6,208
1393,1897,4,230
1394,1898,4,282
1395,1900,5,180
1396,1901,5,703
1397,1902,4,340
1398,1904,6,826
1399,1905,4,418
1400,1908,3,158
1401,1909,2,389
1402,1910,6,558
1403,1911,4,499
1404,1912,4,159
1405,1913,4,258
1406,1914,5,200
1407,1915,1,165
1408,1916,4,383
1409,1917,3,349
1410,1919,4,221
1411,1920,6,332
1412,1921,7,604
1413,1922,4,804
1414,1923,2,107
1415,1924,4,392
1416,1926,5,577
1417,1928,4,380
1418,1929,4,262
1419,1930,5,707
1420,1931,5,567
1421,1932,5,458
1422,1933,6,286
1423,1934,6,1274
1424,1935,2,206
1425,1936,4,528
1426,1937,3,188
1427,1939,6,313
1428,1940,5,183
1429,1941,6,566
1430,1942,4,185
1431,1943,3,324
1432,1944,4,279
1433,1945,5,276
1434,1946,3,521
1435,1947,4,434
1436,1948,5,756
1437,1949,4,276
1438,1950,4,189
1439,1953,4,254
1440,1954,4,639
1441,1956,7,729
1442,1957,5,622
1443,1958,6,214
1444,1960,3,521
1445,1961,4,127
1446,1962,6,697
1447,1963,6,277
1448,1964,4,413
1449,1965,6,312
1450,1966,4,240
1451,1968,5,260
1452,1969,1,312
1453,1970,3,428
1454,1973,6,617
1455,1974,2,163
1456,1975,3,728
1457,1976,2,505
1458,1977,6,2004
1459,1978,5,225
1460,1979,6,413
1461,1980,5,191
1462,1982,3,204
1463,1983,6,205
1464,1984,3,415
1465,1985,6,813
1466,1986,5,775
1467,1987,2,155
1468,1988,4,443
1469,1990,5,726
1470,1991,5,600
1471,1994,5,118
1472,1995,5,1007
1473,1996,6,683
1474,1997,5,551
1475,1998,3,294
1476,1999,4,282
1477,2001,4,73
1478,2004,3,862
1479,2005,6,245
1480,2006,6,176
1481,2007,4,180
1482,2008,2,126
1483,2009,4,297
1484,2010,4,524
1485,2011,4,442
1486,2012,3,74
1487,2013,1,548
1488,2015,3,236
1489,2016,3,246
1490,2017,4,149
1491,2018,3,757
1492,2019,2,145
1493,2022,5,341
1494,2023,3,334
1495,2024,2,409
1496,2025,4,167
1497,2027,6,502
1498,2028,5,290
1499,2029,4,260
1500,2030,5,239
1501,2032,6,216
1502,2033,6,327
1503,2034,4,600
1504,2036,1,220
1505,2037,4,374
1506,2038,2,475
1507,2039,5,956
1508,2041,4,646
1509,2042,3,138
1510,2044,6,586
1511,2045,2,259
1512,2048,1,893
1513,2049,5,282
1514,2051,6,198
1515,2053,3,389
1516,2054,6,485
1517,2055,3,103
1518,2056,4,152
1519,2057,4,536
1520,2058,5,215
1521,2059,4,284
1522,2060,2,367
1523,2061,2,283
1524,2063,6,263
1525,2064,4,253
1526,2065,6,451
1527,2066,2,193
1528,2067,3,515
1529,2068,1,114
1530,2069,4,728
1531,2070,4,1143
1532,2071,4,270
1533,2073,4,405
1534,2074,1,245
1535,2076,3,221
1536,2077,5,229
1537,2078,5,195
1538,2079,5,546
1539,2080,5,450
1540,2082,1,185
1541,2083,4,574
1542,2084,2,848
1543,2085,5,261
1544,2086,1,246
1545,2087,5,561
1546,2088,5,275
1547,2089,2,324
1548,2090,5,427
1549,2091,5,111
1550,2092,4,195
1551,2093,5,159
1552,2094,6,86
1553,2096,2,260
1554,2097,6,558
1555,2098,3,250
1556,2099,6,838
1557,2100,1,456
1558,2101,5,64
1559,2103,2,497
1560,2104,3,294
1561,2105,4,345
1562,2106,4,815
1563,2107,3,215
1564,2108,1,151
1565,2109,4,697
1566,2110,4,394
1567,2112,5,346
1568,2113,4,691
1569,2114,4,197
1570,2115,4,732
1571,2116,4,257
1572,2117,6,567
1573,2118,4,472
1574,2119,4,674
1575,2120,4,194
1576,2123,6,179
1577,2124,6,840
1578,2125,3,83
1579,2127,5,451
1580,2128,4,541
1581,2129,5,648
1582,2131,7,1712
1583,2132,6,332
1584,2133,5,353
1585,2135,5,195
1586,2136,4,740
1587,2137,5,744
1588,2138,6,610
1589,2139,4,251
1590,2140,5,761
1591,2141,6,315
1592,2143,5,163
1593,2144,4,684
1594,2145,6,712
1595,2146,5,383
1596,2147,2,257
1597,2148,4,142
1598,2149,6,522
1599,2150,5,473
1600,2151,5,527
1601,2153,6,330
1602,2154,6,280
1603,2155,3,307
1604,2156,3,349
1605,2157,6,469
1606,2158,5,199
1607,2159,4,773
1608,2160,6,275
1609,2161,4,664
1610,2162,4,285
1611,2163,3,73
1612,2165,3,277
1613,2169,2,133
1614,2170,3,326
1615,2171,4,339
1616,2172,5,212
1617,2173,6,728
1618,2175,5,191
1619,2176,3,222
1620,2177,5,748
1621,2178,3,514
1622,2180,4,95
1623,2181,4,518
1624,2182,4,1015
1625,2183,5,803
1626,2186,4,447
1627,2187,4,378
1628,2189,5,360
1629,2191,5,770
1630,2192,6,325
1631,2193,4,430
1632,2194,6,1115
1633,2195,5,111
1634,2196,4,416
1635,2197,5,245
1636,2202,4,101
1637,2203,4,494
1638,2204,3,241
1639,2205,3,152
1640,2206,6,265
1641,2208,5,752
1642,2209,5,255
1643,2210,4,302
1644,2211,4,472
1645,2213,5,264
1646,2214,5,304
1647,2215,5,897
1648,2217,6,545
1649,2218,3,640
1650,2220,5,243
1651,2221,5,366
1652,2222,5,103
1653,2227,3,418
1654,2228,3,127
1655,2229,5,424
1656,2233,7,450
1657,2234,4,122
1658,2236,6,709
1659,2237,3,186
1660,2238,5,725
1661,2239,3,365
1662,2240,6,578
1663,2241,1,187
1664,2243,4,547
1665,2244,6,257
1666,2245,2,214
1667,2247,6,324
1668,2248,1,100
1669,2249,1,363
1670,2250,5,660
1671,2251,1,343
1672,2254,5,546
1673,2256,6,554
1674,2257,3,533
1675,2258,4,226
1676,2260,4,531
1677,2262,5,1139
1678,2263,4,637
1679,2264,6,784
1680,2267,4,466
1681,2268,5,613
1682,2270,3,842
1683,2271,5,441
1684,2272,5,327
1685,2273,5,169
1686,2274,5,152
1687,2276,6,532
1688,2277,3,237
1689,2278,6,90
1690,2280,4,375
1691,2281,4,228
1692,2284,5,151
1693,2287,5,308
1694,2288,6,237
1695,2289,4,109
1696,2291,3,315
1697,2292,4,341
1698,2293,6,451
1699,2294,4,277
1700,2296,6,508
1701,2297,5,456
1702,2298,6,947
1703,2299,6,674
1704,2300,5,539
1705,2301,6,240
1706,2302,6,788
1707,2305,3,490
1708,2306,4,543
1709,2308,4,479
1710,2309,5,139
1711,2310,4,120
1712,2311,2,239
1713,2314,4,421
1714,2316,3,260
1715,2317,2,158
1716,2318,2,103
1717,2319,5,272
1718,2320,5,994
1719,2321,2,444
1720,2323,6,486
1721,2324,5,794
1722,2325,3,353
1723,2327,6,592
1724,2328,6,384
1725,2329,4,396
1726,2330,4,216
1727,2331,3,465
1728,2332,5,201
1729,2333,4,150
1730,2335,5,276
1731,2336,3,278
1732,2337,6,287
1733,2338,4,342
1734,2339,6,278
1735,2340,6,161
1736,2343,1,262
1737,2344,6,458
1738,2345,5,523
1739,2346,6,567
1740,2347,1,153
1741,2348,5,200
1742,2350,3,191
1743,2351,6,451
1744,2352,5,141
1745,2353,6,245
1746,2354,5,215
1747,2355,4,174
1748,2356,5,282
1749,2357,3,336
1750,2358,5,448
1751,2360,6,278
1752,2361,5,235
1753,2362,6,814
1754,2363,6,278
1755,2364,4,312
1756,2365,5,199
1757,2366,4,227
1758,2367,2,323
1759,2368,6,698
1760,2369,4,115
1761,2370,3,429
1762,2371,4,328
1763,2372,5,128
1764,2373,3,94
1765,2374,6,351
1766,2376,4,444
1767,2377,5,508
1768,2378,4,319
1769,2379,5,357
1770,2381,4,428
1771,2382,1,225
1772,2383,6,284
1773,2384,6,236
1774,2385,4,256
1775,2386,4,312
1776,2387,4,383
1777,2388,6,303
1778,2389,4,617
1779,2390,4,135
1780,2391,5,1466
1781,2392,3,364
1782,2393,4,185
1783,2394,6,131
1784,2396,5,584
1785,2399,4,714
1786,2403,3,519
1787,2404,3,251
1788,2405,5,360
1789,2406,4,198
1790,2407,5,159
1791,2408,5,251
1792,2409,7,661
1793,2410,6,683
1794,2412,4,204
1795,2414,3,327
1796,2415,2,492
1797,2416,4,171
1798,2417,6,274
1799,2418,3,735
1800,2419,5,150
1801,2421,2,260
1802,2422,4,578
1803,2423,2,590
1804,2424,4,265
1805,2425,5,188
1806,2426,5,653
1807,2429,3,425
1808,2431,7,365
1809,2433,4,405
1810,2434,6,430
1811,2435,5,418
1812,2437,6,844
1813,2438,2,578
1814,2439,3,381
1815,2440,4,205
1816,2441,6,280
1817,2443,1,138
1818,2444,3,66
1819,2445,2,248
1820,2446,3,251
1821,2448,4,119
1822,2449,4,793
1823,2450,4,422
1824,2451,2,628
1825,2452,5,640
1826,2454,5,134
1827,2455,5,755
1828,2456,5,285
1829,2457,5,649
1830,2458,4,770
1831,2459,3,354
1832,2460,3,169
1833,2461,1,113
1834,2462,6,313
1835,2463,2,581
1836,2464,5,503
1837,2465,4,242
1838,2466,3,318
1839,2467,4,289
1840,2469,5,914
1841,2470,5,416
1842,2472,2,416
1843,2473,5,483
1844,2475,2,664
1845,2476,4,505
1846,2478,5,584
1847,2480,4,158
1848,2481,3,258
1849,2482,5,311
1850,2483,4,260
1851,2487,5,239
1852,2488,5,293
1853,2490,5,1530
1854,2491,3,378
1855,2492,1,99
1856,2494,2,280
1857,2495,5,130
1858,2497,4,925
1859,2498,4,283
1860,2500,6,674
1861,2502,5,262
1862,2504,5,349
1863,2505,5,485
1864,2506,6,643
1865,2508,5,303
1866,2509,2,481
1867,2510,4,156
1868,2511,6,294
1869,2512,3,664
1870,2513,5,356
1871,2514,1,241
1872,2516,5,372
1873,2518,3,310
1874,2519,1,462
1875,2520,4,354
1876,2523,6,278
1877,2524,5,161
1878,2525,6,451
1879,2526,3,359
1880,2527,5,925
1881,2529,5,315
1882,2530,3,222
1883,2531,5,964
1884,2532,1,131
1885,2533,5,245
1886,2534,5,400
1887,2535,6,141
1888,2536,2,372
1889,2538,5,662
1890,2539,5,259
1891,2541,4,534
1892,2542,6,629
1893,2543,5,101
1894,2544,6,530
1895,2545,5,432
1896,2546,6,608
1897,2547,3,362
1898,2549,3,473
1899,2551,1,57
1900,2553,6,161
1901,2554,3,212
1902,2556,2,83
1903,2557,4,450
1904,2558,5,152
1905,2559,5,404
1906,2560,5,660
1907,2561,5,590
1908,2562,6,596
1909,2563,6,168
1910,2564,6,251
1911,2565,4,357
1912,2567,5,144
1913,2569,3,612
1914,2570,5,264
1915,2571,1,221
1916,2572,5,292
1917,2573,4,1087
1918,2574,4,395
1919,2576,6,176
1920,2577,1,214
1921,2578,5,764
1922,2580,5,269
1923,2581,1,302
1924,2582,5,474
1925,2583,3,1024
1926,2584,5,230
1927,2585,4,397
1928,2586,4,538
1929,2587,4,251
1930,2588,4,233
1931,2589,6,903
1932,2590,4,187
1933,2592,5,385
1934,2593,4,74
1935,2594,3,200
1936,2595,5,927
1937,2598,4,390
1938,2600,1,92
1939,2601,6,1012
1940,2602,5,178
1941,2603,6,198
1942,2604,5,547
1943,2606,2,110
1944,2607,4,268
1945,2608,5,407
1946,2609,6,865
1947,2611,6,391
1948,2612,2,329
1949,2613,6,882
1950,2615,4,211
1951,2616,5,62
1952,2618,6,905
1953,2621,5,547
1954,2622,2,186
1955,2624,1,180
1956,2625,6,184
1957,2627,6,845
1958,2628,4,529
1959,2631,5,147
1960,2632,6,439
1961,2633,5,271
1962,2634,2,207
1963,2635,1,472
1964,2636,6,397
1965,2638,3,335
1966,2639,5,736
1967,2640,3,148
1968,2641,4,580
1969,2642,4,209
1970,2645,4,564
1971,2646,5,266
1972,2647,4,597
1973,2648,6,697
1974,2651,6,501
1975,2652,3,128
1976,2654,4,171
1977,2655,6,608
1978,2656,5,534
1979,2657,4,624
1980,2658,5,181
1981,2660,6,823
1982,2661,4,938
1983,2662,4,481
1984,2664,5,178
1985,2665,2,696
1986,2666,6,816
1987,2667,4,149
1988,2668,3,628
1989,2669,5,762
1990,2670,6,502
1991,2671,3,184
1992,2672,6,514
1993,2673,6,178
1994,2674,3,348
1995,2675,5,574
1996,2676,3,220
1997,2677,6,812
1998,2678,6,317
1999,2679,4,869
2000,2680,4,265
2001,2681,4,619
2002,2682,1,196
2003,2683,4,439
2004,2684,4,248
2005,2686,6,382
2006,2687,5,644
2007,2688,6,226
2008,2689,6,369
2009,2690,4,775
2010,2691,3,532
2011,2692,2,162
2012,2693,5,133
2013,2694,3,633
2014,2695,5,357
2015,2696,4,249
2016,2698,4,191
2017,2699,6,264
2018,2702,3,578
2019,2703,3,355
2020,2704,5,669
2021,2705,6,144
2022,2706,5,402
2023,2708,2,296
2024,2709,5,399
2025,2712,4,358
2026,2713,6,201
2027,2714,5,418
2028,2715,5,250
2029,2716,5,162
2030,2717,3,475
2031,2719,6,212
2032,2720,6,612
2033,2722,6,162
2034,2723,1,134
2035,2725,7,261
2036,2729,3,351
2037,2730,6,230
2038,2731,2,228
2039,2732,6,539
2040,2733,3,784
2041,2734,6,1091
2042,2735,6,717
2043,2737,6,499
2044,2738,3,457
2045,2739,5,791
2046,2740,3,617
2047,2741,1,277
2048,2742,6,600
2049,2743,2,216
2050,2744,3,301
2051,2745,5,527
2052,2748,5,441
2053,2750,2,180
2054,2751,1,399
2055,2754,4,217
2056,2755,3,479
2057,2757,5,458
2058,2758,5,192
2059,2759,3,947
2060,2760,5,630
2061,2761,6,622
2062,2763,5,907
2063,2765,2,163
2064,2766,4,701
2065,2767,4,163
2066,2768,2,443
2067,2769,6,631
2068,2771,5,337
2069,2772,5,243
2070,2774,2,259
2071,2775,5,208
2072,2776,6,598
2073,2777,1,225
2074,2779,6,458
2075,2780,2,150
2076,2781,6,462
2077,2782,5,257
2078,2783,3,269
2079,2785,3,382
2080,2788,5,639
2081,2789,4,251
2082,2791,5,223
2083,2792,6,208
2084,2793,6,733
2085,2794,3,345
2086,2795,1,227
2087,2796,5,728
2088,2797,5,538
2089,2798,2,302
2090,2799,4,123
2091,2800,1,406
2092,2801,4,273
2093,2802,6,508
2094,2803,4,439
2095,2804,3,351
2096,2806,4,275
2097,2807,6,244
2098,2808,3,294
2099,2809,5,372
2100,2810,2,118
2101,2811,5,929
2102,2812,4,630
2103,2813,3,560
2104,2814,3,189
2105,2815,5,850
2106,2816,2,181
2107,2817,5,782
2108,2820,4,238
2109,2822,2,580
2110,2823,3,176
2111,2824,6,646
2112,2825,3,144
2113,2826,4,616
2114,2828,6,347
2115,2829,4,417
2116,2830,5,310
2117,2831,2,227
2118,2832,4,381
2119,2833,4,316
2120,2835,7,1078
2121,2836,2,488
2122,2837,5,651
2123,2841,5,170
2124,2842,3,54
2125,2845,6,567
2126,2846,3,136
2127,2847,6,456
2128,2848,5,685
2129,2849,5,198
2130,2850,4,387
2131,2851,4,386
2132,2852,6,857
2133,2853,6,114
2134,2854,4,239
2135,2855,3,1073
2136,2856,2,172
2137,2857,3,138
2138,2859,3,393
2139,2860,3,784
2140,2861,5,480
2141,2862,5,139
2142,2863,6,400
2143,2865,3,440
2144,2866,2,922
2145,2867,3,512
2146,2868,4,167
2147,2869,2,315
2148,2870,4,233
2149,2871,4,153
2150,2872,2,348
2151,2874,4,203
2152,2875,6,295
2153,2876,7,804
2154,2878,3,188
2155,2879,6,628
2156,2880,5,239
2157,2881,3,384
2158,2882,2,64
2159,2883,3,642
2160,2884,2,419
2161,2885,5,255
2162,2888,4,311
2163,2889,6,576
2164,2890,5,308
2165,2892,4,171
2166,2893,3,305
2167,2895,3,298
2168,2896,2,127
2169,2898,4,811
2170,2899,3,443
2171,2900,5,452
2172,2901,2,139
2173,2902,4,696
2174,2903,3,248
2175,2904,3,232
2176,2905,4,675
2177,2906,6,144
2178,2907,6,866
2179,2908,3,46
2180,2909,5,728
2181,2910,3,603
2182,2911,4,163
2183,2912,5,580
2184,2913,3,829
2185,2914,6,562
2186,2915,4,289
2187,2916,2,723
2188,2919,3,264
2189,2922,5,424
2190,2924,5,246
2191,2925,4,619
2192,2926,4,149
2193,2927,5,249
2194,2928,5,586
2195,2929,6,124
2196,2931,4,836
2197,2934,4,541
2198,2935,5,343
2199,2936,5,298
2200,2937,2,291
2201,2938,4,572
2202,2940,6,792
2203,2941,5,765
2204,2943,3,537
2205,2945,2,388
2206,2947,3,225
2207,2948,4,123
2208,2949,4,509
2209,2950,4,673
2210,2951,3,521
2211,2953,6,226
2212,2956,2,315
2213,2958,5,334
2214,2960,2,163
2215,2961,5,307
2216,2962,4,259
2217,2963,3,396
2218,2964,6,1530
2219,2965,5,306
2220,2966,5,463
2221,2967,1,229
2222,2968,5,113
2223,2969,4,342
2224,2970,6,400
2225,2971,6,516
2226,2972,5,425
2227,2973,3,120
2228,2975,5,138
2229,2976,4,582
2230,2977,5,174
2231,2978,6,508
2232,2979,3,130
2233,2980,5,769
2234,2982,6,357
2235,2984,4,615
2236,2986,5,177
2237,2988,6,383
2238,2989,5,99
2239,2990,6,420
2240,2991,5,171
2241,2992,6,521
2242,2993,6,364
2243,2994,5,590
2244,2995,6,502
2245,2996,4,84
2246,2998,5,317
2247,2999,2,72
2248,3001,3,161
2249,3002,4,284
2250,3003,1,112
2251,3005,5,707
2252,3007,2,90
2253,3008,1,205
2254,3009,6,257
2255,3010,6,623
2256,3013,3,643
2257,3014,4,605
2258,3015,4,677
2259,3016,3,432
2260,3017,5,272
2261,3018,6,596
2262,3019,3,369
2263,3021,2,338
2264,3022,5,309
2265,3023,4,1040
2266,3025,2,632
2267,3027,3,310
2268,3028,2,247
2269,3030,4,810
2270,3031,4,467
2271,3032,6,813
2272,3033,6,168
2273,3035,1,150
2274,3036,3,184
2275,3037,3,261
2276,3041,5,873
2277,3042,6,166
2278,3044,6,147
2279,3045,5,1012
2280,3046,4,679
2281,3047,1,58
2282,3049,3,771
2283,3050,5,322
2284,3052,2,141
2285,3054,5,844
2286,3055,6,889
2287,3056,5,902
2288,3058,6,332
2289,3059,4,407
2290,3060,6,379
2291,3061,2,183
2292,3062,6,287
2293,3063,6,408
2294,3064,5,469
2295,3066,3,77
2296,3067,5,347
2297,3068,2,480
2298,3072,3,157
2299,3073,5,203
2300,3074,2,547
2301,3075,5,613
2302,3076,4,564
2303,3077,5,491
2304,3078,5,282
2305,3079,5,883
2306,3080,3,601
2307,3081,1,316
2308,3082,1,154
2309,3084,4,631
2310,3086,4,771
2311,3087,2,384
2312,3088,3,82
2313,3090,5,650
2314,3091,4,415
2315,3093,6,284
2316,3094,5,363
2317,3095,2,118
2318,3096,4,211
2319,3097,5,421
2320,3098,5,230
2321,3099,2,209
2322,3100,6,438
2323,3102,1,171
2324,3103,2,235
2325,3104,6,1057
2326,3105,4,195
2327,3107,4,274
2328,3108,4,491
2329,3109,4,190
2330,3110,3,369
2331,3111,3,213
2332,3112,4,464
2333,3113,3,606
2334,3114,3,120
2335,3115,2,178
2336,3116,4,197
2337,3117,4,194
2338,3118,4,246
2339,3119,6,627
2340,3120,2,355
2341,3121,3,540
2342,3122,5,291
2343,3123,5,610
2344,3124,3,232
2345,3126,4,290
2346,3128,2,317
2347,3130,5,261
2348,3131,5,660
2349,3132,6,186
2350,3133,4,173
2351,3134,4,506
2352,3136,4,227
2353,3137,3,821
2354,3140,4,314
2355,3141,2,571
2356,3142,6,1144
2357,3143,4,357
2358,3144,3,229
2359,3145,5,244
2360,3146,4,114
2361,3147,3,910
2362,3149,4,704
2363,3150,3,241
2364,3151,4,522
2365,3152,2,180
2366,3153,6,140
2367,3154,6,984
2368,3155,6,571
2369,3156,4,388
2370,3158,3,465
2371,3159,5,629
2372,3160,1,503
2373,3161,6,642
2374,3162,6,733
2375,3163,6,218
2376,3164,6,668
2377,3165,5,116
2378,3166,4,174
2379,3167,5,399
2380,3168,5,281
2381,3169,2,733
2382,3172,4,515
2383,3173,6,549
2384,3174,6,375
2385,3175,4,187
2386,3176,3,69
2387,3177,6,747
2388,3178,6,417
2389,3179,3,534
2390,3180,6,1138
2391,3181,3,192
2392,3183,3,197
2393,3184,5,494
2394,3186,4,252
2395,3188,6,454
2396,3189,3,284
2397,3190,3,273
2398,3191,2,169
2399,3192,5,796
2400,3195,4,928
2401,3196,4,495
2402,3197,4,468
2403,3198,5,1114
2404,3199,6,263
2405,3200,5,302
2406,3201,5,192
2407,3203,5,294
2408,3205,2,277
2409,3206,5,430
2410,3208,2,102
2411,3210,3,78
2412,3211,5,435
2413,3213,5,567
2414,3214,5,262
2415,3215,4,1149
2416,3216,3,366
2417,3217,6,439
2418,3219,6,459
2419,3222,6,431
2420,3224,5,234
2421,3225,5,873
2422,3227,5,176
2423,3228,6,400
2424,3229,4,669
2425,3230,6,541
2426,3231,4,303
2427,3232,6,799
2428,3233,5,225
2429,3234,6,553
2430,3235,3,461
2431,3237,5,757
2432,3240,5,131
2433,3244,6,604
2434,3246,6,669
2435,3247,4,136
2436,3248,5,255
2437,3250,3,119
2438,3251,4,254
2439,3253,6,592
2440,3254,6,301
2441,3255,3,668
2442,3256,4,371
2443,3257,1,132
2444,3260,1,143
2445,3261,5,624
2446,3262,5,518
2447,3263,5,475
2448,3264,7,921
2449,3265,5,86
2450,3266,3,566
2451,3268,4,394
2452,3269,6,185
2453,3270,4,410
2454,3271,4,159
2455,3274,4,820
2456,3275,6,700
2457,3277,4,290
2458,3278,5,582
2459,3279,6,279
2460,3280,4,536
2461,3281,5,230
2462,3282,5,158
2463,3283,5,254
2464,3284,5,612
2465,3285,4,239
2466,3286,4,203
2467,3287,5,216
2468,3288,2,307
2469,3289,3,358
2470,3290,6,1050
2471,3291,3,303
2472,3292,6,311
2473,3293,2,240
2474,3295,4,528
2475,3296,2,627
2476,3297,4,249
2477,3298,7,899
2478,3299,5,597
2479,3300,4,645
2480,3301,6,583
2481,3302,2,208
2482,3305,5,255
2483,3306,3,170
2484,3308,5,725
2485,3309,4,187
2486,3310,5,704
2487,3311,6,887
2488,3312,5,258
2489,3313,4,191
2490,3314,3,269
2491,3315,6,152
2492,3317,3,145
2493,3318,6,206
2494,3319,6,655
2495,3320,6,1129
2496,3321,1,117
2497,3322,4,450
2498,3323,6,417
2499,3324,3,249
2500,3325,4,508
2501,3326,5,724
2502,3327,5,623
2503,3329,5,255
2504,3330,3,211
2505,3331,4,69
2506,3332,6,383
2507,3334,5,622
2508,3335,6,298
2509,3336,2,474
2510,3337,5,207
2511,3338,6,670
2512,3339,6,173
2513,3340,4,558
2514,3341,3,457
2515,3342,5,96
2516,3343,6,742
2517,3346,4,337
2518,3347,5,138
2519,3348,2,188
2520,3349,5,440
2521,3350,6,399
2522,3351,2,1101
2523,3352,4,926
2524,3353,6,880
2525,3354,4,600
2526,3355,5,803
2527,3357,4,246
2528,3358,5,122
2529,3359,6,522
2530,3360,6,399
2531,3361,4,429
2532,3362,6,428
2533,3363,6,757
2534,3365,5,995
2535,3370,4,393
2536,3371,6,579
2537,3372,4,557
2538,3373,6,312
2539,3375,4,450
2540,3376,4,108
2541,3377,7,382
2542,3378,5,207
2543,3380,3,189
2544,3383,6,331
2545,3385,5,429
2546,3387,4,626
2547,3388,6,825
2548,3389,3,145
2549,3390,4,264
2550,3391,4,1022
2551,3392,4,164
2552,3393,6,174
2553,3394,5,156
2554,3395,4,258
2555,3396,4,261
2556,3397,5,260
2557,3399,6,343
2558,3400,6,501
2559,3402,3,207
2560,3403,3,206
2561,3404,3,560
2562,3406,6,956
2563,3407,7,156
2564,3408,5,293
2565,3409,6,182
2566,3410,1,255
2567,3411,3,457
2568,3412,5,651
2569,3413,6,353
2570,3416,4,171
2571,3417,4,62
2572,3418,3,178
2573,3419,6,252
2574,3420,2,240
2575,3421,6,127
2576,3424,4,407
2577,3425,6,189
2578,3426,4,145
2579,3427,4,149
2580,3428,6,506
2581,3429,5,381
2582,3430,5,267
2583,3432,4,636
2584,3433,6,331
2585,3436,4,828
2586,3437,4,417
2587,3439,5,936
2588,3440,5,382
2589,3441,4,268
2590,3442,2,334
2591,3443,6,362
2592,3444,5,675
2593,3445,2,180
2594,3449,2,191
2595,3451,2,416
2596,3452,1,133
2597,3456,6,505
2598,3457,5,932
2599,3458,3,544
2600,3459,6,134
2601,3460,3,715
2602,3461,6,158
2603,3462,5,448
2604,3465,6,409
2605,3466,4,224
2606,3467,5,504
2607,3468,3,440
2608,3469,6,532
2609,3470,2,228
2610,3471,5,416
2611,3472,4,645
2612,3473,6,576
2613,3476,5,604
2614,3477,3,210
2615,3478,2,193
2616,3479,5,409
2617,3481,4,377
2618,3483,6,951
2619,3485,4,97
2620,3487,4,803
2621,3488,4,630
2622,3489,5,217
2623,3491,5,338
2624,3493,5,415
2625,3494,4,341
2626,3495,5,404
2627,3498,4,120
2628,3499,6,156
2629,3500,2,235
2630,3503,5,489
2631,3504,5,501
2632,3507,5,998
2633,3508,6,885
2634,3509,6,327
2635,3510,5,488
2636,3511,4,1179
2637,3512,5,955
2638,3513,6,718
2639,3515,6,361
2640,3516,1,141
2641,3517,4,674
2642,3518,3,200
2643,3519,5,420
2644,3520,6,319
2645,3521,4,173
2646,3522,1,98
2647,3523,6,318
2648,3524,5,358
2649,3525,4,259
2650,3527,1,463
2651,3528,5,349
2652,3532,3,316
2653,3533,6,703
2654,3535,5,339
2655,3536,1,287
2656,3537,5,330
2657,3540,3,427
2658,3541,4,582
2659,3542,5,991
2660,3543,4,577
2661,3544,1,300
2662,3545,5,512
2663,3547,4,1131
2664,3548,1,113
2665,3550,6,434
2666,3551,5,781
2667,3552,3,384
2668,3553,5,742
2669,3554,4,471
2670,3555,5,1469
2671,3556,6,424
2672,3557,6,574
2673,3559,6,363
2674,3560,3,152
2675,3561,6,531
2676,3563,5,350
2677,3564,4,819
2678,3565,5,226
2679,3566,4,682
2680,3567,3,389
2681,3568,3,518
2682,3569,5,85
2683,3571,4,463
2684,3572,4,247
2685,3575,6,106
2686,3576,4,611
2687,3577,4,162
2688,3578,2,487
2689,3579,1,176
2690,3583,2,110
2691,3584,5,266
2692,3585,5,134
2693,3586,4,773
2694,3590,6,362
2695,3592,5,1224
2696,3593,1,333
2697,3594,4,128
2698,3595,4,181
2699,3596,4,206
2700,3597,5,660
2701,3598,4,743
2702,3603,3,253
2703,3605,2,205
2704,3606,1,274
2705,3607,4,263
2706,3608,3,672
2707,3609,4,627
2708,3610,5,807
2709,3611,3,103
2710,3612,5,525
2711,3613,5,348
2712,3614,5,558
2713,3617,3,322
2714,3618,2,267
2715,3619,4,567
2716,3622,4,296
2717,3624,6,488
2718,3626,3,287
2719,3628,4,274
2720,3630,5,542
2721,3631,3,875
2722,3632,6,553
2723,3633,3,603
2724,3634,4,238
2725,3636,5,221
2726,3638,6,279
2727,3639,5,928
2728,3640,5,261
2729,3641,5,355
2730,3645,6,103
2731,3647,4,1073
2732,3648,6,470
2733,3649,2,258
2734,3650,4,286
2735,3651,4,265
2736,3652,2,478
2737,3653,4,324
2738,3654,7,325
2739,3655,4,178
2740,3657,4,269
2741,3658,6,340
2742,3659,4,812
2743,3660,3,185
2744,3661,2,330
2745,3662,2,96
2746,3663,5,683
2747,3665,6,344
2748,3666,3,254
2749,3667,3,462
2750,3668,3,194
2751,3669,4,265
2752,3670,5,1010
2753,3671,3,236
2754,3672,4,299
2755,3673,4,291
2756,3674,4,117
2757,3675,2,346
2758,3676,2,462
2759,3677,3,874
2760,3679,4,564
2761,3681,4,431
2762,3682,4,357
2763,3685,3,177
2764,3686,5,903
2765,3687,3,87
2766,3688,2,452
2767,3689,4,236
2768,3690,6,196
2769,3691,5,416
2770,3692,2,248
2771,3693,6,413
2772,3695,2,238
2773,3696,2,450
2774,3697,4,335
2775,3698,5,109
2776,3699,4,83
2777,3700,3,200
2778,3701,2,240
2779,3702,5,493
2780,3703,1,740
2781,3704,5,538
2782,3705,6,446
2783,3706,5,485
2784,3707,4,417
2785,3709,5,232
2786,3710,4,416
2787,3712,5,502
2788,3713,4,245
2789,3714,5,594
2790,3715,5,1557
2791,3716,3,200
2792,3717,6,236
2793,3718,6,304
2794,3719,6,619
2795,3720,6,480
2796,3721,3,235
2797,3722,3,457
2798,3723,5,776
2799,3724,5,1235
2800,3726,6,129
2801,3727,5,378
2802,3728,4,142
2803,3729,6,271
2804,3730,5,516
2805,3731,4,259
2806,3732,6,577
2807,3733,1,137
2808,3734,4,369
2809,3737,4,393
2810,3738,3,114
2811,3740,3,177
2812,3741,6,592
2813,3742,6,508
2814,3743,6,349
2815,3744,7,688
2816,3746,4,587
2817,3747,2,514
2818,3748,3,274
2819,3749,6,645
2820,3752,3,263
2821,3753,3,321
2822,3754,5,248
2823,3755,4,547
2824,3756,3,244
2825,3758,5,577
2826,3759,2,577
2827,3760,3,285
2828,3761,3,155
2829,3764,3,286
2830,3765,4,181
2831,3766,2,448
2832,3767,4,504
2833,3768,5,172
2834,3769,4,809
2835,3771,4,101
2836,3772,1,77
2837,3774,4,999
2838,3775,3,260
2839,3777,5,509
2840,3778,3,267
2841,3779,3,734
2842,3781,5,417
2843,3782,3,639
2844,3784,4,928
2845,3785,6,257
2846,3787,3,241
2847,3788,4,209
2848,3789,4,481
2849,3790,4,609
2850,3791,3,89
2851,3793,4,419
2852,3794,3,517
2853,3795,6,121
2854,3799,2,318
2855,3800,5,304
2856,3803,4,352
2857,3806,3,489
2858,3807,2,349
2859,3808,5,338
2860,3810,4,509
2861,3813,3,349
2862,3814,4,136
2863,3815,1,207
2864,3817,4,304
2865,3819,5,145
2866,3820,6,223
2867,3821,5,578
2868,3823,2,116
2869,3824,1,139
2870,3826,4,708
2871,3828,2,472
2872,3830,5,624
2873,3831,4,672
2874,3832,1,527
2875,3835,5,425
2876,3836,2,631
2877,3838,5,733
2878,3839,2,166
2879,3840,3,194
2880,3842,6,834
2881,3843,5,217
2882,3844,3,310
2883,3845,5,885
2884,3846,5,412
2885,3847,6,393
2886,3848,5,715
2887,3849,6,138
2888,3853,6,974
2889,3854,4,552
2890,3856,4,188
2891,3857,6,185
2892,3858,3,113
2893,3859,4,183
2894,3860,3,471
2895,3861,2,295
2896,3865,5,1342
2897,3866,4,188
2898,3869,5,346
2899,3870,4,408
2900,3871,5,481
2901,3873,4,166
2902,3876,5,321
2903,3877,5,127
2904,3878,4,306
2905,3880,3,359
2906,3881,6,642
2907,3883,4,539
2908,3884,3,296
2909,3885,1,250
2910,3886,6,363
2911,3887,3,116
2912,3888,5,334
2913,3889,6,348
2914,3891,4,116
2915,3892,5,537
2916,3893,3,728
2917,3895,4,193
2918,3896,5,811
2919,3897,3,493
2920,3898,3,507
2921,3899,3,147
2922,3900,2,247
2923,3901,6,353
2924,3902,5,273
2925,3905,3,77
2926,3906,6,820
2927,3907,6,548
2928,3908,2,362
2929,3909,4,136
2930,3910,4,339
2931,3911,3,629
2932,3912,4,602
2933,3913,5,491
2934,3914,6,376
2935,3915,4,394
2936,3916,4,643
2937,3917,2,503
2938,3918,5,199
2939,3919,2,533
2940,3920,2,506
2941,3921,5,273
2942,3922,4,146
2943,3923,6,141
2944,3924,4,370
2945,3926,6,200
2946,3927,3,346
2947,3931,2,269
2948,3932,4,808
2949,3933,4,551
2950,3934,2,240
2951,3936,4,681
2952,3937,4,201
2953,3939,4,253
2954,3940,2,418
2955,3941,1,525
2956,3942,4,304
2957,3943,2,134
2958,3944,6,523
2959,3945,2,78
2960,3947,5,540
2961,3948,5,937
2962,3949,3,231
2963,3950,2,296
2964,3951,3,358
2965,3952,5,337
2966,3953,3,146
2967,3954,6,314
2968,3955,1,108
2969,3958,3,515
2970,3961,2,119
2971,3962,3,162
2972,3964,4,388
2973,3965,3,392
2974,3968,6,185
2975,3971,5,560
2976,3972,6,306
2977,3973,5,609
2978,3974,6,439
2979,3975,6,380
2980,3976,5,176
2981,3977,6,733
2982,3978,4,857
2983,3980,4,304
2984,3981,4,630
2985,3982,6,374
2986,3983,4,316
2987,3984,6,361
2988,3985,2,149
2989,3986,4,625
2990,3987,2,778
2991,3990,6,443
2992,3991,5,179
2993,3992,2,249
2994,3995,4,655
2995,3997,4,280
2996,3998,4,296
2997,3999,3,683
2998,4000,6,113
2999,4001,6,410
3000,4002,5,630
3001,4003,6,427
3002,4004,4,266
3003,4005,4,392
3004,4007,6,344
3005,4009,4,318
3006,4011,5,455
3007,4013,6,399
3008,4014,3,149
3009,4015,2,446
3010,4016,6,357
3011,4017,5,609
3012,4018,3,198
3013,4019,6,957
3014,4020,6,215
3015,4022,5,162
3016,4023,5,170
3017,4025,4,104
3018,4026,3,274
3019,4027,3,1191
3020,4028,2,555
3021,4031,5,258
3022,4033,4,173
3023,4034,4,292
3024,4035,6,828
3025,4036,3,369
3026,4037,4,182
3027,4038,1,131
3028,4039,6,875
3029,4040,5,409
3030,4041,3,676
3031,4042,3,482
3032,4043,5,214
3033,4045,6,188
3034,4046,6,338
3035,4047,3,679
3036,4049,5,251
3037,4050,3,146
3038,4051,6,1149
3039,4054,3,78
3040,4055,1,748
3041,4056,5,294
3042,4058,6,483
3043,4059,2,736
3044,4060,6,121
3045,4061,5,518
3046,4062,6,879
3047,4064,6,319
3048,4066,5,122
3049,4067,4,461
3050,4069,5,570
3051,4070,2,286
3052,4072,3,599
3053,4075,4,99
3054,4076,3,461
3055,4077,5,247
3056,4078,6,747
3057,4079,7,334
3058,4080,5,590
3059,4083,6,428
3060,4084,5,124
3061,4087,3,587
3062,4088,5,194
3063,4090,6,323
3064,4093,5,391
3065,4095,5,186
3066,4096,6,192
3067,4097,4,237
3068,4098,6,50
3069,4099,6,562
3070,4101,4,85
3071,4102,1,202
3072,4103,4,141
3073,4104,5,383
3074,4105,4,828
3075,4107,3,1166
3076,4108,4,205
3077,4109,1,193
3078,4110,3,391
3079,4111,4,105
3080,4112,5,675
3081,4113,3,191
3082,4114,5,626
3083,4115,2,392
3084,4116,5,176
3085,4118,6,497
3086,4119,5,389
3087,4120,1,52
3088,4121,7,619
3089,4123,5,769
3090,4124,3,357
3091,4126,5,270
3092,4128,2,112
3093,4129,5,206
3094,4130,3,444
3095,4131,2,157
3096,4132,6,695
3097,4133,4,193
3098,4134,2,234
3099,4135,4,205
3100,4136,2,193
3101,4137,5,410
3102,4138,2,244
3103,4139,5,449
3104,4140,4,808
3105,4142,3,680
3106,4143,4,760
3107,4144,5,200
3108,4146,5,429
3109,4147,3,90
3110,4148,6,190
3111,4149,4,1315
3112,4150,2,518
3113,4151,3,470
3114,4152,4,584
3115,4153,5,846
3116,4155,5,442
3117,4156,5,574
3118,4160,1,74
3119,4162,5,458
3120,4163,4,253
3121,4164,6,341
3122,4167,3,368
3123,4168,3,541
3124,4169,5,125
3125,4170,4,262
3126,4171,5,313
3127,4172,4,287
3128,4173,5,496
3129,4176,6,416
3130,4177,4,227
3131,4178,5,246
3132,4179,1,76
3133,4180,6,533
3134,4181,5,287
3135,4182,6,672
3136,4183,3,190
3137,4184,2,228
3138,4185,5,122
3139,4186,4,141
3140,4187,3,698
3141,4188,5,368
3142,4189,5,392
3143,4190,1,88
3144,4191,5,54
3145,4192,2,243
3146,4193,4,447
3147,4194,6,92
3148,4197,6,707
3149,4199,4,213
3150,4200,3,418
3151,4201,6,803
3152,4203,4,273
3153,4205,5,468
3154,4207,2,137
3155,4208,4,197
3156,4210,5,264
3157,4212,5,204
3158,4213,4,454
3159,4216,4,138
3160,4217,2,543
3161,4218,4,388
3162,4219,5,342
3163,4220,5,216
3164,4221,6,423
3165,4222,4,428
3166,4224,6,201
3167,4225,2,130
3168,4228,2,911
3169,4229,2,219
3170,4230,2,169
3171,4231,5,476
3172,4234,5,392
3173,4235,3,399
3174,4236,2,163
3175,4237,3,157
3176,4239,2,289
3177,4241,3,478
3178,4242,2,126
3179,4243,1,190
3180,4244,4,522
3181,4245,5,215
3182,4246,4,424
3183,4247,2,244
3184,4249,2,465
3185,4250,5,623
3186,4252,4,543
3187,4253,4,183
3188,4254,3,259
3189,4255,5,1794
3190,4256,2,230
3191,4259,4,624
3192,4260,3,612
3193,4261,3,543
3194,4262,3,358
3195,4263,5,227
3196,4265,3,597
3197,4266,3,166
3198,4267,5,413
3199,4268,3,148
3200,4269,4,239
3201,4270,4,136
3202,4271,5,270
3203,4272,3,538
3204,4274,3,156
3205,4275,5,664
3206,4276,2,198
3207,4278,5,203
3208,4279,3,385
3209,4280,4,650
3210,4281,5,821
3211,4282,3,160
3212,4285,6,656
3213,4286,7,654
3214,4287,5,915
3215,4288,3,331
3216,4291,4,554
3217,4293,5,138
3218,4295,5,430
3219,4296,4,667
3220,4297,3,361
3221,4298,6,767
3222,4300,5,343
3223,4301,5,147
3224,4302,6,307
3225,4303,4,191
3226,4305,3,480
3227,4306,6,195
3228,4307,3,555
3229,4308,5,318
3230,4311,6,337
3231,4312,4,102
3232,4315,3,439
3233,4316,6,734
3234,4317,3,361
3235,4318,3,162
3236,4319,1,50
3237,4320,2,351
3238,4321,3,192
3239,4322,3,348
3240,4326,4,421
3241,4327,3,480
3242,4328,2,307
3243,4329,1,191
3244,4332,4,303
3245,4333,3,484
3246,4334,3,258
3247,4335,6,516
3248,4336,5,755
3249,4337,5,351
3250,4339,4,166
3251,4340,7,340
3252,4341,5,118
3253,4342,2,361
3254,4343,3,225
3255,4344,4,232
3256,4346,5,175
3257,4348,4,696
3258,4349,2,185
3259,4350,4,376
3260,4351,2,401
3261,4354,5,893
3262,4355,1,272
3263,4356,5,773
3264,4357,3,236
3265,4358,3,113
3266,4360,2,209
3267,4361,6,68
3268,4362,4,102
3269,4363,4,452
3270,4365,2,424
3271,4366,2,499
3272,4367,6,563
3273,4368,5,528
3274,4369,6,156
3275,4370,5,198
3276,4372,3,83
3277,4373,4,807
3278,4375,6,662
3279,4376,4,256
3280,4377,4,226
3281,4378,4,369
3282,4379,5,645
3283,4380,4,490
3284,4382,3,506
3285,4383,4,390
3286,4385,4,131
3287,4387,4,355
3288,4388,5,176
3289,4392,5,558
3290,4393,4,378
3291,4397,7,855
3292,4399,3,270
3293,4401,4,338
3294,4403,4,674
3295,4404,6,957
3296,4406,3,286
3297,4407,6,236
3298,4409,3,225
3299,4410,3,219
3300,4412,2,56
3301,4413,3,498
3302,4414,5,640
3303,4415,4,160
3304,4417,5,400
3305,4419,3,391
3306,4421,4,281
3307,4422,4,376